"","Timestamp","Machine","Temperature","Pressure","PartLength","PartResistance"
"1",2022-03-08 00:00:00,1,303,100,50.5484777281527,5.3959372885007
"2",2022-03-08 00:00:05,1,303,100,50.8319169882768,5.51518906228002
"3",2022-03-08 00:00:10,1,303,100,50.9422744305978,5.42735153768689
"4",2022-03-08 00:00:15,1,303,100,51.7981779181141,5.44711214935815
"5",2022-03-08 00:00:20,1,303,100,50.9555751514419,5.52045041872785
"6",2022-03-08 00:00:25,1,303,100,50.7407529553637,5.57256212525429
"7",2022-03-08 00:00:30,1,303,100,51.1794717556022,6.05092239639128
"8",2022-03-08 00:00:35,1,303,100,50.4202062190563,5.23958925339967
"9",2022-03-08 00:00:40,1,303,100,49.7820911617826,5.32314082283438
"10",2022-03-08 00:00:45,1,303,100,50.9836525091518,5.70622673975108
"11",2022-03-08 00:00:50,1,303,100,53.4822766925783,5.13627987143948
"12",2022-03-08 00:00:55,1,303,100,49.1622244013186,5.61049654704987
"13",2022-03-08 00:01:00,1,303,100,51.0573372441269,5.35967003266956
"14",2022-03-08 00:01:05,1,303,100,50.5861663580847,5.44434228321275
"15",2022-03-08 00:01:10,1,303,100,51.3733814679175,5.40123712065965
"16",2022-03-08 00:01:15,1,303,100,53.0550506994617,5.61665549555475
"17",2022-03-08 00:01:20,1,303,100,52.301677282094,5.4686835429628
"18",2022-03-08 00:01:25,1,303,100,51.8809377937426,6.03741742045197
"19",2022-03-08 00:01:30,1,303,100,51.0997384876287,5.56101186156599
"20",2022-03-08 00:01:35,1,303,100,51.6327115389999,5.27181536640474
"21",2022-03-08 00:01:40,1,303,100,51.5982968030462,5.41807510268685
"22",2022-03-08 00:01:45,1,303,100,52.1169077392612,5.64854255927466
"23",2022-03-08 00:01:50,1,303,100,51.1612092076813,5.67562459999043
"24",2022-03-08 00:01:55,1,303,100,49.8479972734992,5.82207739100244
"25",2022-03-08 00:02:00,1,303,100,50.5876350286732,5.61534269823411
"26",2022-03-08 00:02:05,1,303,100,50.1481932465943,5.41235735298269
"27",2022-03-08 00:02:10,1,303,100,49.8301540035006,5.39026606601529
"28",2022-03-08 00:02:15,1,303,100,49.9863970272058,5.35332886118971
"29",2022-03-08 00:02:20,1,303,100,51.3133497014678,5.76369957104673
"30",2022-03-08 00:02:25,1,303,100,51.4458034145935,5.57610478234014
"31",2022-03-08 00:02:30,1,303,100,49.2410528311937,5.31530279759497
"32",2022-03-08 00:02:35,1,303,100,50.3044397170112,6.0513703153605
"33",2022-03-08 00:02:40,1,303,100,51.1485781841534,5.4288167277946
"34",2022-03-08 00:02:45,1,303,100,52.6925116411665,5.70583925454899
"35",2022-03-08 00:02:50,1,303,100,52.6952092556941,5.76830131738586
"36",2022-03-08 00:02:55,1,303,100,50.6605863412069,5.65081020016677
"37",2022-03-08 00:03:00,1,303,100,50.42701380688,5.55799976924702
"38",2022-03-08 00:03:05,1,303,100,50.3878159338866,5.53079383702416
"39",2022-03-08 00:03:10,1,303,100,50.0854883968952,5.63235155618734
"40",2022-03-08 00:03:15,1,303,100,50.3308213997376,5.80351141308889
"41",2022-03-08 00:03:20,1,303,100,52.067211835504,5.66549353333374
"42",2022-03-08 00:03:25,1,303,100,50.9701863237553,5.5155988141986
"43",2022-03-08 00:03:30,1,303,100,51.6398786104726,5.28788389190819
"44",2022-03-08 00:03:35,1,303,100,52.8612816382533,5.8528792406755
"45",2022-03-08 00:03:40,1,303,100,51.7068278560261,5.65221082974825
"46",2022-03-08 00:03:45,1,303,100,50.7972030679443,5.34537973494095
"47",2022-03-08 00:03:50,1,303,100,52.0086625958838,5.14488493310958
"48",2022-03-08 00:03:55,1,303,100,51.4064922677668,5.2569730791293
"49",2022-03-08 00:04:00,1,303,100,50.7523803902656,5.98542871540297
"50",2022-03-08 00:04:05,1,303,100,51.4710191300026,5.58741426177804
"51",2022-03-08 00:04:10,1,303,100,50.6883070316828,5.38518054558524
"52",2022-03-08 00:04:15,1,303,100,50.8313799307592,5.44589581085826
"53",2022-03-08 00:04:20,1,303,100,50.5497832478388,5.81319116418089
"54",2022-03-08 00:04:25,1,303,100,50.4863532799141,5.62250041725694
"55",2022-03-08 00:04:30,1,303,100,50.8847940179831,5.83403454957523
"56",2022-03-08 00:04:35,1,303,100,51.9349592814417,5.89594152686327
"57",2022-03-08 00:04:40,1,303,100,50.458875140916,5.83639989492037
"58",2022-03-08 00:04:45,1,303,100,51.1351859537777,5.83319616943978
"59",2022-03-08 00:04:50,1,303,100,51.8411444982457,5.49042038733727
"60",2022-03-08 00:04:55,1,303,100,51.056742622872,5.4787506262196
"61",2022-03-08 00:05:00,1,303,100,51.9512987867614,5.54094200375412
"62",2022-03-08 00:05:05,1,303,100,51.4798223759088,5.62865525282121
"63",2022-03-08 00:05:10,1,303,100,51.5634236571756,5.19370947845129
"64",2022-03-08 00:05:15,1,303,100,51.3004467385382,5.34967287211291
"65",2022-03-08 00:05:20,1,303,100,51.6305544376545,5.03408049367923
"66",2022-03-08 00:05:25,1,303,100,51.0647744213732,5.36970402069097
"67",2022-03-08 00:05:30,1,303,100,49.8432765063126,5.86057087370582
"68",2022-03-08 00:05:35,1,303,100,51.3220597095673,5.4788382875674
"69",2022-03-08 00:05:40,1,303,100,50.6409829806923,5.46053884961097
"70",2022-03-08 00:05:45,1,303,100,49.774847113534,5.46841210929093
"71",2022-03-08 00:05:50,1,303,100,50.9598775918967,6.10248587421037
"72",2022-03-08 00:05:55,1,303,100,51.9950951576439,5.65254264106447
"73",2022-03-08 00:06:00,1,303,100,51.0688436310235,5.37993538060772
"74",2022-03-08 00:06:05,1,303,100,51.4360340843897,5.51506571429414
"75",2022-03-08 00:06:10,1,303,100,51.0887598793281,5.782709975455
"76",2022-03-08 00:06:15,1,303,100,51.5101457863308,5.35728453014482
"77",2022-03-08 00:06:20,1,303,100,49.3489640903484,5.57654433156897
"78",2022-03-08 00:06:25,1,303,100,49.5092311184725,5.11231528911525
"79",2022-03-08 00:06:30,1,303,100,52.3543344414801,5.27407361999313
"80",2022-03-08 00:06:35,1,303,100,51.6383456519494,5.50285117399239
"81",2022-03-08 00:06:40,1,303,100,50.6510240130893,5.67728345881476
"82",2022-03-08 00:06:45,1,303,100,51.2495368540215,5.4590901688014
"83",2022-03-08 00:06:50,1,303,100,52.1149430975148,5.53835788291923
"84",2022-03-08 00:06:55,1,303,100,50.8943474688893,5.65767630566497
"85",2022-03-08 00:07:00,1,303,100,49.8348544648138,5.51473797155999
"86",2022-03-08 00:07:05,1,303,100,50.6857783166152,5.38748173156417
"87",2022-03-08 00:07:10,1,303,100,51.0495720685495,5.68984513378546
"88",2022-03-08 00:07:15,1,303,100,51.9728051778092,5.47744330545514
"89",2022-03-08 00:07:20,1,303,100,50.9823349372912,4.97687954710257
"90",2022-03-08 00:07:25,1,303,100,51.2227750138751,5.66950949869759
"91",2022-03-08 00:07:30,1,303,100,50.9799987169456,5.40396207403362
"92",2022-03-08 00:07:35,1,303,100,50.5413154833133,5.79601701360783
"93",2022-03-08 00:07:40,1,303,100,50.8584776202424,5.13208073558091
"94",2022-03-08 00:07:45,1,303,100,51.4973695277374,5.66657902024418
"95",2022-03-08 00:07:50,1,303,100,52.4784678718986,5.5070940443097
"96",2022-03-08 00:07:55,1,303,100,49.911912882966,5.81567564969968
"97",2022-03-08 00:08:00,1,303,100,50.6743891810858,5.43182617284076
"98",2022-03-08 00:08:05,1,303,100,50.9733562075658,4.90520461977479
"99",2022-03-08 00:08:10,1,303,100,51.4655013125907,5.28937075047751
"100",2022-03-08 00:08:15,1,303,100,51.6647787841466,5.18734294668862
"101",2022-03-08 00:08:20,1,303,100,51.4066607240279,5.51644875531538
"102",2022-03-08 00:08:25,1,303,100,51.167488726918,5.82324461856231
"103",2022-03-08 00:08:30,1,303,100,51.5332173965143,5.83891630943227
"104",2022-03-08 00:08:35,1,303,100,50.7459981174536,6.10594048843532
"105",2022-03-08 00:08:40,1,303,100,49.4143420436662,5.40402929100061
"106",2022-03-08 00:08:45,1,303,100,51.4395233526647,5.62324353145299
"107",2022-03-08 00:08:50,1,303,100,50.5649247909266,5.58422560436308
"108",2022-03-08 00:08:55,1,303,100,50.5985138353674,5.54908053622278
"109",2022-03-08 00:09:00,1,303,100,50.5606861985171,5.62164303131031
"110",2022-03-08 00:09:05,1,303,100,50.4531295136289,5.38333058244209
"111",2022-03-08 00:09:10,1,303,100,51.2300575670913,5.83190296747532
"112",2022-03-08 00:09:15,1,303,100,50.7041939516397,5.54866405862862
"113",2022-03-08 00:09:20,1,303,100,50.5000817471458,5.66361665061221
"114",2022-03-08 00:09:25,1,303,100,51.0737835218458,5.42112412206422
"115",2022-03-08 00:09:30,1,303,100,50.6576354289765,5.49658212646455
"116",2022-03-08 00:09:35,1,303,100,50.20779578482,5.58491253493684
"117",2022-03-08 00:09:40,1,303,100,49.9929937488511,5.23616236384183
"118",2022-03-08 00:09:45,1,303,100,50.8666044516859,5.62785019014515
"119",2022-03-08 00:09:50,1,303,100,49.4122056578059,5.50708737732341
"120",2022-03-08 00:09:55,1,303,100,50.9167427589075,5.50558577642673
"121",2022-03-08 00:10:00,1,303,100,52.2676057049624,5.3751140994001
"122",2022-03-08 00:10:05,1,303,100,51.0771374222789,5.6311078431162
"123",2022-03-08 00:10:10,1,303,100,51.1676658824751,5.82819043349953
"124",2022-03-08 00:10:15,1,303,100,50.4693497279789,5.9091858602033
"125",2022-03-08 00:10:20,1,303,100,50.6290402139355,5.36497585911236
"126",2022-03-08 00:10:25,1,303,100,50.4112048702949,5.61235412766718
"127",2022-03-08 00:10:30,1,303,100,50.8392982862888,5.83457889863124
"128",2022-03-08 00:10:35,1,303,100,51.1680233061778,5.37746175021742
"129",2022-03-08 00:10:40,1,303,100,52.0083027988039,5.44389315440032
"130",2022-03-08 00:10:45,1,303,100,50.9481629229384,5.56619492836985
"131",2022-03-08 00:10:50,1,303,100,52.1407712100611,5.94991159176517
"132",2022-03-08 00:10:55,1,303,100,49.4407517339224,5.66723729894943
"133",2022-03-08 00:11:00,1,303,100,49.4012034162968,5.53097163681895
"134",2022-03-08 00:11:05,1,303,100,52.0434071794612,6.07965812588206
"135",2022-03-08 00:11:10,1,303,100,51.3174127108384,5.53500552006663
"136",2022-03-08 00:11:15,1,303,100,51.576084801761,5.47915224767796
"137",2022-03-08 00:11:20,1,303,100,50.7001683221107,5.32047743805447
"138",2022-03-08 00:11:25,1,303,100,50.9867385672958,5.64587262697416
"139",2022-03-08 00:11:30,1,303,100,49.3834983406172,5.60855749571999
"140",2022-03-08 00:11:35,1,303,100,51.8596756374843,5.71932274848412
"141",2022-03-08 00:11:40,1,303,100,52.115344545546,5.16420608011435
"142",2022-03-08 00:11:45,1,303,100,52.452785900921,5.71286637731962
"143",2022-03-08 00:11:50,1,303,100,51.0113927649123,5.85618638769935
"144",2022-03-08 00:11:55,1,303,100,52.3672741114999,5.2314951658471
"145",2022-03-08 00:12:00,1,303,100,51.4455230047434,5.55124821697588
"146",2022-03-08 00:12:05,1,303,100,50.7072472933424,5.63213216448534
"147",2022-03-08 00:12:10,1,303,100,49.8635636847835,5.43759620248387
"148",2022-03-08 00:12:15,1,303,100,51.059890953914,5.58060518195559
"149",2022-03-08 00:12:20,1,303,100,50.4266585550284,5.53962968068809
"150",2022-03-08 00:12:25,1,303,100,50.8957068647554,5.39162129293136
"151",2022-03-08 00:12:30,1,303,100,50.7457972452404,5.94029157060605
"152",2022-03-08 00:12:35,1,303,100,51.7474234927815,5.79216721963761
"153",2022-03-08 00:12:40,1,303,100,53.2009542139318,5.55662982857117
"154",2022-03-08 00:12:45,1,303,100,51.3394725246148,5.56881658667398
"155",2022-03-08 00:12:50,1,303,100,50.5863776430107,5.50757636952112
"156",2022-03-08 00:12:55,1,303,100,50.9619866537202,5.31156876728927
"157",2022-03-08 00:13:00,1,303,100,52.5308464303567,5.7535119178722
"158",2022-03-08 00:13:05,1,303,100,50.0521927450443,5.3114510421049
"159",2022-03-08 00:13:10,1,303,100,50.5925782931946,5.63139127989465
"160",2022-03-08 00:13:15,1,303,100,50.7532891769822,5.36099088868932
"161",2022-03-08 00:13:20,1,303,100,52.5707434527013,5.48437729635888
"162",2022-03-08 00:13:25,1,303,100,52.2396180107862,5.64871170628589
"163",2022-03-08 00:13:30,1,303,100,52.6836913647235,5.43954186403259
"164",2022-03-08 00:13:35,1,303,100,50.3047209753955,5.11083551399118
"165",2022-03-08 00:13:40,1,303,100,51.1791843100108,5.56816560169085
"166",2022-03-08 00:13:45,1,303,100,50.1533984607389,5.8273770706927
"167",2022-03-08 00:13:50,1,303,100,51.1190144061564,5.32285127552885
"168",2022-03-08 00:13:55,1,303,100,49.843400442094,5.74124652373288
"169",2022-03-08 00:14:00,1,303,100,50.1789200905767,5.45957790373448
"170",2022-03-08 00:14:05,1,303,100,53.8045070994108,5.37293887150395
"171",2022-03-08 00:14:10,1,303,100,51.0584450333458,5.69656487931384
"172",2022-03-08 00:14:15,1,303,100,50.5704555689309,5.28897343366028
"173",2022-03-08 00:14:20,1,303,100,51.352364757343,5.13066369800714
"174",2022-03-08 00:14:25,1,303,100,51.3565260810402,5.8273121007572
"175",2022-03-08 00:14:30,1,303,100,50.194239778905,5.44372766665885
"176",2022-03-08 00:14:35,1,303,100,51.6104486390998,5.10253048959179
"177",2022-03-08 00:14:40,1,303,100,50.5726197426578,5.76665177404262
"178",2022-03-08 00:14:45,1,303,100,50.7798689630216,5.7235799303101
"179",2022-03-08 00:14:50,1,303,100,50.3279356688485,5.56653319895574
"180",2022-03-08 00:14:55,1,303,100,50.2928983910878,5.4949969055977
"181",2022-03-08 00:15:00,1,303,100,51.6365592261818,5.30181524448776
"182",2022-03-08 00:15:05,1,303,100,50.7657216050439,5.59142833099989
"183",2022-03-08 00:15:10,1,303,100,51.3550798378103,5.77202689498027
"184",2022-03-08 00:15:15,1,303,100,51.862125925373,4.8741684424366
"185",2022-03-08 00:15:20,1,303,100,50.259733392586,5.41108570641602
"186",2022-03-08 00:15:25,1,303,100,50.3968860566516,5.63955458388062
"187",2022-03-08 00:15:30,1,303,100,50.71601844735,5.74195695989042
"188",2022-03-08 00:15:35,1,303,100,51.0812498834433,5.40840052799728
"189",2022-03-08 00:15:40,1,303,100,51.4133501536073,5.3664329426797
"190",2022-03-08 00:15:45,1,303,100,51.1121857572771,5.28670108417072
"191",2022-03-08 00:15:50,1,303,100,51.2792606557662,5.25623338357381
"192",2022-03-08 00:15:55,1,303,100,50.5127580901676,5.34504278438872
"193",2022-03-08 00:16:00,1,303,100,50.3912282666595,5.79558693236513
"194",2022-03-08 00:16:05,1,303,100,51.1173519978103,5.33897507626659
"195",2022-03-08 00:16:10,1,303,100,51.7017575926642,5.43228068113948
"196",2022-03-08 00:16:15,1,303,100,51.7615132900676,5.30858604947875
"197",2022-03-08 00:16:20,1,303,100,50.9471087709128,5.55179666028746
"198",2022-03-08 00:16:25,1,303,100,51.4682565870115,5.52199212530729
"199",2022-03-08 00:16:30,1,303,100,52.1793243972468,5.55900327430475
"200",2022-03-08 00:16:35,1,303,100,50.3408107080615,5.46685646323278
"201",2022-03-09 00:00:00,1,303,200,50.4612835340414,5.65066554761377
"202",2022-03-09 00:00:05,1,303,200,51.9198445962218,5.62962448871841
"203",2022-03-09 00:00:10,1,303,200,51.7185818238927,5.61970182333476
"204",2022-03-09 00:00:15,1,303,200,52.2027977686327,5.12922260853573
"205",2022-03-09 00:00:20,1,303,200,51.3579670228102,5.3770552135334
"206",2022-03-09 00:00:25,1,303,200,50.5249419827778,5.7741975804457
"207",2022-03-09 00:00:30,1,303,200,51.4679990276107,5.74434186715612
"208",2022-03-09 00:00:35,1,303,200,51.228655774431,5.54437113309972
"209",2022-03-09 00:00:40,1,303,200,51.6559892064479,5.18580424319456
"210",2022-03-09 00:00:45,1,303,200,49.4468145865535,5.23058911293991
"211",2022-03-09 00:00:50,1,303,200,50.5796411023274,5.4831120108682
"212",2022-03-09 00:00:55,1,303,200,52.1269088099391,5.45361945801938
"213",2022-03-09 00:01:00,1,303,200,51.2906580707583,5.49288010989075
"214",2022-03-09 00:01:05,1,303,200,50.8942008543429,5.55604139179578
"215",2022-03-09 00:01:10,1,303,200,51.2498052517915,5.63997388430363
"216",2022-03-09 00:01:15,1,303,200,50.1067315347023,5.12648721465762
"217",2022-03-09 00:01:20,1,303,200,50.9927377382198,5.4047558640095
"218",2022-03-09 00:01:25,1,303,200,50.5759628193929,5.54874664944147
"219",2022-03-09 00:01:30,1,303,200,51.6756740878062,5.80151372415008
"220",2022-03-09 00:01:35,1,303,200,50.5181141435861,5.61599036355825
"221",2022-03-09 00:01:40,1,303,200,51.1813141707818,5.6139453781175
"222",2022-03-09 00:01:45,1,303,200,53.1289125326844,5.5666843370231
"223",2022-03-09 00:01:50,1,303,200,51.247372360105,5.42424092784714
"224",2022-03-09 00:01:55,1,303,200,51.7475258065287,5.26173543456494
"225",2022-03-09 00:02:00,1,303,200,52.2877333242365,5.36931195052568
"226",2022-03-09 00:02:05,1,303,200,50.9844295730664,5.76957049860101
"227",2022-03-09 00:02:10,1,303,200,50.3391118690759,5.79035717678947
"228",2022-03-09 00:02:15,1,303,200,51.0417107055099,6.01218342246104
"229",2022-03-09 00:02:20,1,303,200,51.724809724161,5.58814520124413
"230",2022-03-09 00:02:25,1,303,200,50.4085890427514,6.15016810210606
"231",2022-03-09 00:02:30,1,303,200,50.103565324382,5.3824109122879
"232",2022-03-09 00:02:35,1,303,200,50.4821955464253,5.2290185578499
"233",2022-03-09 00:02:40,1,303,200,50.369650255009,5.34834863332546
"234",2022-03-09 00:02:45,1,303,200,51.1214687215981,5.3321501521007
"235",2022-03-09 00:02:50,1,303,200,49.0681659697554,5.50796900677833
"236",2022-03-09 00:02:55,1,303,200,51.5061130763654,5.74484566616677
"237",2022-03-09 00:03:00,1,303,200,50.4009188284809,5.43037221320471
"238",2022-03-09 00:03:05,1,303,200,50.7868224081038,5.56396801414747
"239",2022-03-09 00:03:10,1,303,200,50.7625748883627,5.5527238472771
"240",2022-03-09 00:03:15,1,303,200,51.3133719973128,5.52527134667094
"241",2022-03-09 00:03:20,1,303,200,51.5135631831258,5.69090386668494
"242",2022-03-09 00:03:25,1,303,200,51.2987727283535,5.48893515182904
"243",2022-03-09 00:03:30,1,303,200,51.5653160991798,5.53150070555319
"244",2022-03-09 00:03:35,1,303,200,51.0490666057876,5.25634927599786
"245",2022-03-09 00:03:40,1,303,200,51.9632310988194,5.74376748586527
"246",2022-03-09 00:03:45,1,303,200,50.7871995414594,5.40014615487493
"247",2022-03-09 00:03:50,1,303,200,51.3635716912806,5.11657562273104
"248",2022-03-09 00:03:55,1,303,200,51.4869852851153,5.48599135419074
"249",2022-03-09 00:04:00,1,303,200,51.578391390089,5.23345317197142
"250",2022-03-09 00:04:05,1,303,200,50.513385683662,5.448268732445
"251",2022-03-09 00:04:10,1,303,200,51.8083857775944,5.49413908647952
"252",2022-03-09 00:04:15,1,303,200,51.1091300857642,5.56907166684547
"253",2022-03-09 00:04:20,1,303,200,52.3126974339779,5.85982911670633
"254",2022-03-09 00:04:25,1,303,200,52.1382068140774,5.57727756412702
"255",2022-03-09 00:04:30,1,303,200,49.9849618707131,5.57437388736248
"256",2022-03-09 00:04:35,1,303,200,50.3482569148495,5.44014303111848
"257",2022-03-09 00:04:40,1,303,200,50.9416291020115,5.43778419263345
"258",2022-03-09 00:04:45,1,303,200,51.2639981170013,5.46108643347313
"259",2022-03-09 00:04:50,1,303,200,49.7967965401273,5.12572661581731
"260",2022-03-09 00:04:55,1,303,200,49.9890897084635,5.39219140794895
"261",2022-03-09 00:05:00,1,303,200,50.2454974953358,5.25419878518366
"262",2022-03-09 00:05:05,1,303,200,51.5884465437448,5.61168692600358
"263",2022-03-09 00:05:10,1,303,200,51.4924764196553,5.74710501455527
"264",2022-03-09 00:05:15,1,303,200,50.2783666524712,5.58078657569447
"265",2022-03-09 00:05:20,1,303,200,50.7146506794629,5.43694419353172
"266",2022-03-09 00:05:25,1,303,200,50.0121982078534,5.08845325832081
"267",2022-03-09 00:05:30,1,303,200,51.0621141559665,5.68328665471699
"268",2022-03-09 00:05:35,1,303,200,50.4162053679906,5.53038119299641
"269",2022-03-09 00:05:40,1,303,200,51.1442982932223,5.89781484680285
"270",2022-03-09 00:05:45,1,303,200,49.9310615685782,5.56726076300598
"271",2022-03-09 00:05:50,1,303,200,50.3974572842927,5.71264312703874
"272",2022-03-09 00:05:55,1,303,200,49.9522903101959,5.02462705483616
"273",2022-03-09 00:06:00,1,303,200,51.9560165875386,5.41135057333008
"274",2022-03-09 00:06:05,1,303,200,50.3267889487357,5.44190506043764
"275",2022-03-09 00:06:10,1,303,200,50.8020392376465,5.67637941539057
"276",2022-03-09 00:06:15,1,303,200,51.394833215124,5.33692574927703
"277",2022-03-09 00:06:20,1,303,200,50.7047875714949,5.66849329160366
"278",2022-03-09 00:06:25,1,303,200,50.8902070152107,5.48930391586861
"279",2022-03-09 00:06:30,1,303,200,51.6026722411743,5.55908584031458
"280",2022-03-09 00:06:35,1,303,200,50.4087261630489,5.8044754528253
"281",2022-03-09 00:06:40,1,303,200,50.2854556394286,5.13705805534755
"282",2022-03-09 00:06:45,1,303,200,52.6891511210387,5.6102630345338
"283",2022-03-09 00:06:50,1,303,200,51.1266510681771,5.71024712584185
"284",2022-03-09 00:06:55,1,303,200,52.2808859078513,5.31521276784751
"285",2022-03-09 00:07:00,1,303,200,51.8663109097616,5.65165015101683
"286",2022-03-09 00:07:05,1,303,200,51.6645835122008,5.80758521060731
"287",2022-03-09 00:07:10,1,303,200,51.1287068446697,5.44775654569661
"288",2022-03-09 00:07:15,1,303,200,50.0079237599934,5.53067378400374
"289",2022-03-09 00:07:20,1,303,200,51.9509963105759,5.25775778237114
"290",2022-03-09 00:07:25,1,303,200,51.2489084624539,5.49369679733919
"291",2022-03-09 00:07:30,1,303,200,51.5744187028677,5.52256150417883
"292",2022-03-09 00:07:35,1,303,200,50.7410516327001,5.56849021994389
"293",2022-03-09 00:07:40,1,303,200,50.8024611273354,5.75167812933544
"294",2022-03-09 00:07:45,1,303,200,49.9682939472341,5.84636644562466
"295",2022-03-09 00:07:50,1,303,200,51.1767790469114,5.51469643368843
"296",2022-03-09 00:07:55,1,303,200,51.8907180875533,5.39104567045385
"297",2022-03-09 00:08:00,1,303,200,50.4825058373093,5.91715620253702
"298",2022-03-09 00:08:05,1,303,200,50.7342234283324,5.7548586777353
"299",2022-03-09 00:08:10,1,303,200,51.6082548568714,5.39656310659407
"300",2022-03-09 00:08:15,1,303,200,51.4599378012135,5.58092733846104
"301",2022-03-09 00:08:20,1,303,200,50.5212795634297,5.45608367264014
"302",2022-03-09 00:08:25,1,303,200,52.0417336685807,5.3320931515271
"303",2022-03-09 00:08:30,1,303,200,51.8481796563919,5.81488125844441
"304",2022-03-09 00:08:35,1,303,200,52.5372788499893,5.676314593862
"305",2022-03-09 00:08:40,1,303,200,50.7827862208971,5.90481355150708
"306",2022-03-09 00:08:45,1,303,200,50.2433599060955,5.64688000134755
"307",2022-03-09 00:08:50,1,303,200,50.0874871469723,5.57442831133735
"308",2022-03-09 00:08:55,1,303,200,51.8191783121728,5.7603008145216
"309",2022-03-09 00:09:00,1,303,200,51.4133641879516,5.22189128756266
"310",2022-03-09 00:09:05,1,303,200,50.7019598689318,5.70937307877597
"311",2022-03-09 00:09:10,1,303,200,50.6236450505935,5.49381607976859
"312",2022-03-09 00:09:15,1,303,200,51.150802281683,5.9392304687902
"313",2022-03-09 00:09:20,1,303,200,50.1840944845591,5.58179174357442
"314",2022-03-09 00:09:25,1,303,200,51.7626808318258,5.68682316631542
"315",2022-03-09 00:09:30,1,303,200,52.2330977069155,5.56783126417587
"316",2022-03-09 00:09:35,1,303,200,51.6310674257784,5.1359310084385
"317",2022-03-09 00:09:40,1,303,200,51.7866382063394,5.90294562888454
"318",2022-03-09 00:09:45,1,303,200,50.0012647044701,5.58320858375358
"319",2022-03-09 00:09:50,1,303,200,51.7511657907192,5.59142722171935
"320",2022-03-09 00:09:55,1,303,200,51.2053524004287,5.32433953667085
"321",2022-03-09 00:10:00,1,303,200,50.2025729222076,5.42676638193746
"322",2022-03-09 00:10:05,1,303,200,50.8862182222543,5.5452142620362
"323",2022-03-09 00:10:10,1,303,200,51.4321207373163,5.05896353942422
"324",2022-03-09 00:10:15,1,303,200,49.7371950649174,5.46573769245019
"325",2022-03-09 00:10:20,1,303,200,51.0083954427019,5.61321800016458
"326",2022-03-09 00:10:25,1,303,200,51.7783125863422,5.35248169814191
"327",2022-03-09 00:10:30,1,303,200,50.5857369297812,5.85673250938697
"328",2022-03-09 00:10:35,1,303,200,51.9851833269017,5.22846312290919
"329",2022-03-09 00:10:40,1,303,200,51.3491652508033,5.42563141938347
"330",2022-03-09 00:10:45,1,303,200,49.7997917897451,5.34521682041687
"331",2022-03-09 00:10:50,1,303,200,50.4727098435328,5.89578538891378
"332",2022-03-09 00:10:55,1,303,200,51.1343464046934,5.49934799911681
"333",2022-03-09 00:11:00,1,303,200,49.8047195359278,5.54509683837074
"334",2022-03-09 00:11:05,1,303,200,51.4813166152686,5.75143707130295
"335",2022-03-09 00:11:10,1,303,200,50.5855922155236,5.67959128757525
"336",2022-03-09 00:11:15,1,303,200,51.6775657988584,5.64300128461282
"337",2022-03-09 00:11:20,1,303,200,51.5064812771628,5.75039682094791
"338",2022-03-09 00:11:25,1,303,200,51.696332406368,5.64662091484432
"339",2022-03-09 00:11:30,1,303,200,52.1260254524678,5.49468316353034
"340",2022-03-09 00:11:35,1,303,200,51.8614508451508,5.72379961596317
"341",2022-03-09 00:11:40,1,303,200,51.3431719231046,5.62163221495327
"342",2022-03-09 00:11:45,1,303,200,52.0516224509334,5.64548641150088
"343",2022-03-09 00:11:50,1,303,200,50.8908920330211,5.49665621478041
"344",2022-03-09 00:11:55,1,303,200,52.211717255253,5.29654540019705
"345",2022-03-09 00:12:00,1,303,200,49.0481592602786,5.67053080099137
"346",2022-03-09 00:12:05,1,303,200,51.2939703187915,5.64774103325759
"347",2022-03-09 00:12:10,1,303,200,50.0422353904926,5.80209928707181
"348",2022-03-09 00:12:15,1,303,200,51.6126798590815,5.72918191480895
"349",2022-03-09 00:12:20,1,303,200,50.0499297796526,5.72882321933801
"350",2022-03-09 00:12:25,1,303,200,51.2897576794078,5.27666480778264
"351",2022-03-09 00:12:30,1,303,200,51.2748036392413,5.63501902599227
"352",2022-03-09 00:12:35,1,303,200,51.1610686041826,5.84285757847629
"353",2022-03-09 00:12:40,1,303,200,51.4380743498332,5.75561140931252
"354",2022-03-09 00:12:45,1,303,200,51.0968066436637,5.76963202464819
"355",2022-03-09 00:12:50,1,303,200,51.0471757385376,5.4805297513597
"356",2022-03-09 00:12:55,1,303,200,50.8171094858839,5.48276698227801
"357",2022-03-09 00:13:00,1,303,200,51.9246997673238,6.13379021481812
"358",2022-03-09 00:13:05,1,303,200,50.0941791741152,5.77150919340606
"359",2022-03-09 00:13:10,1,303,200,50.5308038037635,5.30409415907889
"360",2022-03-09 00:13:15,1,303,200,50.3762121001082,5.58245689388192
"361",2022-03-09 00:13:20,1,303,200,50.7558567029204,5.51532854071055
"362",2022-03-09 00:13:25,1,303,200,51.4211143621257,5.72607502334867
"363",2022-03-09 00:13:30,1,303,200,50.5835373922139,5.64016817077351
"364",2022-03-09 00:13:35,1,303,200,50.7311740924262,5.56525018227268
"365",2022-03-09 00:13:40,1,303,200,51.5900204529209,5.82419978431217
"366",2022-03-09 00:13:45,1,303,200,50.699523984486,5.41302931279786
"367",2022-03-09 00:13:50,1,303,200,50.5252454872111,5.81531294103074
"368",2022-03-09 00:13:55,1,303,200,50.8133602160031,5.48992616087789
"369",2022-03-09 00:14:00,1,303,200,50.3432772407767,5.61586832957784
"370",2022-03-09 00:14:05,1,303,200,50.5916592537107,5.4574531322953
"371",2022-03-09 00:14:10,1,303,200,51.980157383008,5.40432829069518
"372",2022-03-09 00:14:15,1,303,200,50.3452711589185,5.95498314399679
"373",2022-03-09 00:14:20,1,303,200,51.6117962398194,5.73583686427505
"374",2022-03-09 00:14:25,1,303,200,51.0467427508081,5.76655661771253
"375",2022-03-09 00:14:30,1,303,200,51.7145539748277,5.41581763810575
"376",2022-03-09 00:14:35,1,303,200,51.3168248423103,5.14549407480449
"377",2022-03-09 00:14:40,1,303,200,51.0009620275559,5.56551255701924
"378",2022-03-09 00:14:45,1,303,200,52.3611565741704,5.40509471771167
"379",2022-03-09 00:14:50,1,303,200,52.114488772283,5.50171750378141
"380",2022-03-09 00:14:55,1,303,200,51.605219693498,5.45994421967631
"381",2022-03-09 00:15:00,1,303,200,51.2863890990641,5.57624000328873
"382",2022-03-09 00:15:05,1,303,200,49.6990433559265,5.77669902597135
"383",2022-03-09 00:15:10,1,303,200,50.8887965352326,5.47058207219745
"384",2022-03-09 00:15:15,1,303,200,50.7859481925649,5.48128627580927
"385",2022-03-09 00:15:20,1,303,200,50.7126044843831,5.25721246992736
"386",2022-03-09 00:15:25,1,303,200,52.3277237826839,5.40175447496491
"387",2022-03-09 00:15:30,1,303,200,51.9027948962557,5.41651976696864
"388",2022-03-09 00:15:35,1,303,200,51.7620889995176,5.59430662194617
"389",2022-03-09 00:15:40,1,303,200,51.7287758001869,5.78100648365344
"390",2022-03-09 00:15:45,1,303,200,52.5542094118801,5.52053979235126
"391",2022-03-09 00:15:50,1,303,200,50.081636465585,5.35312687147463
"392",2022-03-09 00:15:55,1,303,200,50.9061613854458,4.9268577530243
"393",2022-03-09 00:16:00,1,303,200,51.7498928726162,5.56125490306579
"394",2022-03-09 00:16:05,1,303,200,51.5011705998198,5.2399775291355
"395",2022-03-09 00:16:10,1,303,200,50.6862749951172,5.83438116535288
"396",2022-03-09 00:16:15,1,303,200,51.590363272538,5.5873216130752
"397",2022-03-09 00:16:20,1,303,200,51.674530771506,5.55557528322098
"398",2022-03-09 00:16:25,1,303,200,50.9551378760848,5.67460009232497
"399",2022-03-09 00:16:30,1,303,200,50.3791609249261,5.58575822260013
"400",2022-03-09 00:16:35,1,303,200,52.1377493906269,5.51198628914623
"401",2022-03-10 00:00:00,1,303,300,49.7881518580861,5.63037233471877
"402",2022-03-10 00:00:05,1,303,300,49.801799333341,5.52823611193039
"403",2022-03-10 00:00:10,1,303,300,51.2055983910156,5.69650270760439
"404",2022-03-10 00:00:15,1,303,300,49.8278605745906,5.55493558416422
"405",2022-03-10 00:00:20,1,303,300,51.1295667743405,5.2716677187038
"406",2022-03-10 00:00:25,1,303,300,51.3654637682223,5.61227422400398
"407",2022-03-10 00:00:30,1,303,300,50.4681652913856,5.47230438869704
"408",2022-03-10 00:00:35,1,303,300,49.9957150593137,5.2327081575803
"409",2022-03-10 00:00:40,1,303,300,51.425421399736,5.51202411723156
"410",2022-03-10 00:00:45,1,303,300,51.2697849082903,5.55629056418125
"411",2022-03-10 00:00:50,1,303,300,50.3692165830075,5.41566378393118
"412",2022-03-10 00:00:55,1,303,300,51.6425438797708,5.74018789053798
"413",2022-03-10 00:01:00,1,303,300,51.8215288224466,5.19531726214558
"414",2022-03-10 00:01:05,1,303,300,49.703238105646,6.18602767993106
"415",2022-03-10 00:01:10,1,303,300,52.0421484238296,5.23510543352665
"416",2022-03-10 00:01:15,1,303,300,49.5397555924041,5.44994131758866
"417",2022-03-10 00:01:20,1,303,300,51.4609283893731,5.24938401819037
"418",2022-03-10 00:01:25,1,303,300,50.906002934869,5.73164063951541
"419",2022-03-10 00:01:30,1,303,300,51.466299797062,5.60602974310574
"420",2022-03-10 00:01:35,1,303,300,51.6344170949522,5.32203216373352
"421",2022-03-10 00:01:40,1,303,300,51.3177498803988,5.71901921452932
"422",2022-03-10 00:01:45,1,303,300,50.9224179458401,5.55875253071526
"423",2022-03-10 00:01:50,1,303,300,49.8855275987077,5.44700395498608
"424",2022-03-10 00:01:55,1,303,300,51.1730753319804,5.37558885944994
"425",2022-03-10 00:02:00,1,303,300,52.1007316070312,5.47933367734854
"426",2022-03-10 00:02:05,1,303,300,51.2611891612932,6.01328841857947
"427",2022-03-10 00:02:10,1,303,300,51.0502545877159,5.46559787879387
"428",2022-03-10 00:02:15,1,303,300,51.4115635309897,5.31211328807398
"429",2022-03-10 00:02:20,1,303,300,49.9075270999605,5.44399323670924
"430",2022-03-10 00:02:25,1,303,300,51.1112237722109,5.83974697710605
"431",2022-03-10 00:02:30,1,303,300,51.1457803205165,5.7840390669452
"432",2022-03-10 00:02:35,1,303,300,51.7305319298287,5.41672415548438
"433",2022-03-10 00:02:40,1,303,300,51.9351050117883,5.31197969914875
"434",2022-03-10 00:02:45,1,303,300,50.8854014230945,5.58917555000668
"435",2022-03-10 00:02:50,1,303,300,52.4066329746875,5.41080636846881
"436",2022-03-10 00:02:55,1,303,300,51.9205266621922,5.3870518995407
"437",2022-03-10 00:03:00,1,303,300,50.8956061381513,5.43473716659881
"438",2022-03-10 00:03:05,1,303,300,52.1484908816333,5.61046565437756
"439",2022-03-10 00:03:10,1,303,300,51.4612531356042,5.08574088019131
"440",2022-03-10 00:03:15,1,303,300,50.7667373309148,5.31056667437468
"441",2022-03-10 00:03:20,1,303,300,49.5559096260051,5.59287289224643
"442",2022-03-10 00:03:25,1,303,300,52.2424482262821,5.87329792464364
"443",2022-03-10 00:03:30,1,303,300,52.0666802737442,5.28899743022375
"444",2022-03-10 00:03:35,1,303,300,50.9287832767906,5.30724955785687
"445",2022-03-10 00:03:40,1,303,300,50.8706359428471,5.70264357553971
"446",2022-03-10 00:03:45,1,303,300,51.4584784025595,5.71884750450284
"447",2022-03-10 00:03:50,1,303,300,51.8425264272313,5.80681787952142
"448",2022-03-10 00:03:55,1,303,300,51.6874749565326,5.01907151764635
"449",2022-03-10 00:04:00,1,303,300,50.9910193374214,5.5444859567379
"450",2022-03-10 00:04:05,1,303,300,51.1415860553639,5.45812015855528
"451",2022-03-10 00:04:10,1,303,300,51.0712584532122,5.16387764809074
"452",2022-03-10 00:04:15,1,303,300,52.4120300994657,5.53111344519465
"453",2022-03-10 00:04:20,1,303,300,50.6481336477768,5.91800403822061
"454",2022-03-10 00:04:25,1,303,300,50.8422132211549,5.69525997326381
"455",2022-03-10 00:04:30,1,303,300,49.6883020991908,5.65569884292276
"456",2022-03-10 00:04:35,1,303,300,51.2991389253056,5.63432270888916
"457",2022-03-10 00:04:40,1,303,300,50.758139803225,5.52147841015708
"458",2022-03-10 00:04:45,1,303,300,50.3836043869466,5.32509004413065
"459",2022-03-10 00:04:50,1,303,300,51.3533194638813,5.72588946628025
"460",2022-03-10 00:04:55,1,303,300,51.7482742380046,5.77550799478394
"461",2022-03-10 00:05:00,1,303,300,49.9568139109965,5.31026975209494
"462",2022-03-10 00:05:05,1,303,300,51.4263062914521,5.4900199270316
"463",2022-03-10 00:05:10,1,303,300,50.9875908848873,5.54479987885861
"464",2022-03-10 00:05:15,1,303,300,50.0977968503791,5.16320090273359
"465",2022-03-10 00:05:20,1,303,300,49.884918657696,5.17123369522145
"466",2022-03-10 00:05:25,1,303,300,51.8432177788643,5.37301049477536
"467",2022-03-10 00:05:30,1,303,300,50.8168147351762,5.723502061296
"468",2022-03-10 00:05:35,1,303,300,51.1233616656618,5.5567929099827
"469",2022-03-10 00:05:40,1,303,300,51.984854229752,5.37717074393515
"470",2022-03-10 00:05:45,1,303,300,51.9838998269056,5.53757981326282
"471",2022-03-10 00:05:50,1,303,300,50.3213714398508,5.58496061040597
"472",2022-03-10 00:05:55,1,303,300,50.7159792832709,5.51076088261364
"473",2022-03-10 00:06:00,1,303,300,51.1427423938367,5.56749555846864
"474",2022-03-10 00:06:05,1,303,300,51.7246399243004,5.32829463053833
"475",2022-03-10 00:06:10,1,303,300,50.8527144125008,5.86897268566024
"476",2022-03-10 00:06:15,1,303,300,50.3464667843308,5.49487440795692
"477",2022-03-10 00:06:20,1,303,300,50.3965962271345,5.03510597500079
"478",2022-03-10 00:06:25,1,303,300,51.0713379852012,5.35279897713847
"479",2022-03-10 00:06:30,1,303,300,49.6188024044129,5.30311593085754
"480",2022-03-10 00:06:35,1,303,300,51.7281201735503,5.52778461452689
"481",2022-03-10 00:06:40,1,303,300,51.4325233516457,5.58785652257388
"482",2022-03-10 00:06:45,1,303,300,51.174221450614,5.00530962357322
"483",2022-03-10 00:06:50,1,303,300,50.6599480527384,5.69142951234011
"484",2022-03-10 00:06:55,1,303,300,50.7282609860964,5.47313346825154
"485",2022-03-10 00:07:00,1,303,300,51.1755985277589,5.79693031446634
"486",2022-03-10 00:07:05,1,303,300,52.3613426730284,5.26025897335246
"487",2022-03-10 00:07:10,1,303,300,51.6348226340781,5.46603860962955
"488",2022-03-10 00:07:15,1,303,300,51.827171914304,5.94415387546517
"489",2022-03-10 00:07:20,1,303,300,51.4134458227722,5.4573853725659
"490",2022-03-10 00:07:25,1,303,300,50.6584559304892,5.71335042078844
"491",2022-03-10 00:07:30,1,303,300,49.7772924203352,5.49875764138511
"492",2022-03-10 00:07:35,1,303,300,51.4924949051459,5.03621209232481
"493",2022-03-10 00:07:40,1,303,300,49.7784899484451,5.49652647840844
"494",2022-03-10 00:07:45,1,303,300,51.4366389028964,5.81911168466076
"495",2022-03-10 00:07:50,1,303,300,50.4409583022954,5.55635356516218
"496",2022-03-10 00:07:55,1,303,300,50.9318255130478,5.10990126002717
"497",2022-03-10 00:08:00,1,303,300,51.8238190977208,5.49442959592396
"498",2022-03-10 00:08:05,1,303,300,50.2351724007826,5.25796510159564
"499",2022-03-10 00:08:10,1,303,300,51.3494210182648,5.48990233367364
"500",2022-03-10 00:08:15,1,303,300,50.589220970237,5.59358319879725
"501",2022-03-10 00:08:20,1,303,300,50.336650946802,5.27240198251687
"502",2022-03-10 00:08:25,1,303,300,50.130957489536,5.66891240121484
"503",2022-03-10 00:08:30,1,303,300,51.5565581662527,5.5687488443423
"504",2022-03-10 00:08:35,1,303,300,51.7988649989974,5.7416211249554
"505",2022-03-10 00:08:40,1,303,300,50.9717246465795,5.54370877772424
"506",2022-03-10 00:08:45,1,303,300,51.5729545424652,5.41320078870435
"507",2022-03-10 00:08:50,1,303,300,51.796396752359,5.7925981752349
"508",2022-03-10 00:08:55,1,303,300,50.7742148149932,5.45694179933111
"509",2022-03-10 00:09:00,1,303,300,51.5414437772973,5.40020636249306
"510",2022-03-10 00:09:05,1,303,300,51.3401752809094,5.93787482560402
"511",2022-03-10 00:09:10,1,303,300,51.0536951542999,5.28968015449324
"512",2022-03-10 00:09:15,1,303,300,51.1495374782809,5.34040278045449
"513",2022-03-10 00:09:20,1,303,300,50.8946304088254,5.67740111467442
"514",2022-03-10 00:09:25,1,303,300,49.2350329694029,5.52764875770756
"515",2022-03-10 00:09:30,1,303,300,50.646793696935,5.3571899169754
"516",2022-03-10 00:09:35,1,303,300,50.0344214727978,5.56527721921218
"517",2022-03-10 00:09:40,1,303,300,52.4398546485422,5.63050754898764
"518",2022-03-10 00:09:45,1,303,300,52.4861497751075,5.57748385938504
"519",2022-03-10 00:09:50,1,303,300,51.7578927385846,5.64738364506825
"520",2022-03-10 00:09:55,1,303,300,50.3411195869507,5.38641115404878
"521",2022-03-10 00:10:00,1,303,300,50.1651733344573,5.53195069675392
"522",2022-03-10 00:10:05,1,303,300,50.0081502698827,5.67530086306942
"523",2022-03-10 00:10:10,1,303,300,53.0853238081783,5.27963244732242
"524",2022-03-10 00:10:15,1,303,300,50.7473737067697,5.86832880941819
"525",2022-03-10 00:10:20,1,303,300,49.6647790356598,5.81083316445888
"526",2022-03-10 00:10:25,1,303,300,51.5932175361284,5.56800566097033
"527",2022-03-10 00:10:30,1,303,300,51.3357969111261,5.63992905202238
"528",2022-03-10 00:10:35,1,303,300,51.0412225494774,5.24883045177529
"529",2022-03-10 00:10:40,1,303,300,51.1505184680995,5.70708230414399
"530",2022-03-10 00:10:45,1,303,300,51.2825031857967,5.15910581764726
"531",2022-03-10 00:10:50,1,303,300,51.6049371205292,5.8469498748195
"532",2022-03-10 00:10:55,1,303,300,51.7862587670578,6.07767120970513
"533",2022-03-10 00:11:00,1,303,300,50.2244438691951,5.53789400169351
"534",2022-03-10 00:11:05,1,303,300,51.5799731438842,5.53067849774581
"535",2022-03-10 00:11:10,1,303,300,51.3413913234168,5.62781569014437
"536",2022-03-10 00:11:15,1,303,300,51.1470173424242,5.32922419381911
"537",2022-03-10 00:11:20,1,303,300,51.5236122967887,5.46247287469828
"538",2022-03-10 00:11:25,1,303,300,51.5266104908977,5.35165354753318
"539",2022-03-10 00:11:30,1,303,300,51.0858926360056,5.43396326570229
"540",2022-03-10 00:11:35,1,303,300,50.9043582255089,5.72178883515854
"541",2022-03-10 00:11:40,1,303,300,51.4793562539805,5.18568004853328
"542",2022-03-10 00:11:45,1,303,300,50.1197852345305,5.73669472901814
"543",2022-03-10 00:11:50,1,303,300,50.2198405351455,5.18114867387147
"544",2022-03-10 00:11:55,1,303,300,51.9829433707699,5.10808961790166
"545",2022-03-10 00:12:00,1,303,300,50.755595823157,5.49375979661719
"546",2022-03-10 00:12:05,1,303,300,52.0883253889629,5.26138299625518
"547",2022-03-10 00:12:10,1,303,300,50.8029881270313,5.60028461262533
"548",2022-03-10 00:12:15,1,303,300,51.1450519793899,5.72579881218169
"549",2022-03-10 00:12:20,1,303,300,50.6388276137556,5.05200468135635
"550",2022-03-10 00:12:25,1,303,300,51.5573621892348,4.87491898811269
"551",2022-03-10 00:12:30,1,303,300,51.2410265051936,5.42999915940404
"552",2022-03-10 00:12:35,1,303,300,49.288930842224,5.33503952749959
"553",2022-03-10 00:12:40,1,303,300,51.0847224915601,5.58293069464891
"554",2022-03-10 00:12:45,1,303,300,49.8337898134907,6.02347768983628
"555",2022-03-10 00:12:50,1,303,300,50.8087075489493,5.39535341528701
"556",2022-03-10 00:12:55,1,303,300,51.9802086007978,5.2083083976856
"557",2022-03-10 00:13:00,1,303,300,51.4618452746782,5.76025896346117
"558",2022-03-10 00:13:05,1,303,300,50.4287475803032,5.79537802244332
"559",2022-03-10 00:13:10,1,303,300,51.933138548104,5.28770023908248
"560",2022-03-10 00:13:15,1,303,300,52.1383849318765,5.74559482976376
"561",2022-03-10 00:13:20,1,303,300,50.0916973021102,5.04234852906214
"562",2022-03-10 00:13:25,1,303,300,51.434838486594,5.4952423234642
"563",2022-03-10 00:13:30,1,303,300,52.0916725282037,5.45971336091254
"564",2022-03-10 00:13:35,1,303,300,51.949035100058,5.41616643087411
"565",2022-03-10 00:13:40,1,303,300,51.6876214036596,5.77010050377432
"566",2022-03-10 00:13:45,1,303,300,50.6628391190566,5.82370915494025
"567",2022-03-10 00:13:50,1,303,300,50.5887395354577,5.629187155277
"568",2022-03-10 00:13:55,1,303,300,51.860862948137,5.42247439181644
"569",2022-03-10 00:14:00,1,303,300,51.6571289111017,5.55994708919881
"570",2022-03-10 00:14:05,1,303,300,50.8086990049642,5.94058529776692
"571",2022-03-10 00:14:10,1,303,300,51.7805489815226,5.58829097242227
"572",2022-03-10 00:14:15,1,303,300,50.7414750834473,5.48718853279969
"573",2022-03-10 00:14:20,1,303,300,50.6240090745391,5.03710381998957
"574",2022-03-10 00:14:25,1,303,300,50.3362844897531,5.48109449775116
"575",2022-03-10 00:14:30,1,303,300,49.7040462854725,5.52216852969025
"576",2022-03-10 00:14:35,1,303,300,51.6434368630315,5.45116467444902
"577",2022-03-10 00:14:40,1,303,300,50.8595518743862,5.56755597177922
"578",2022-03-10 00:14:45,1,303,300,49.3329633008307,5.2363236563464
"579",2022-03-10 00:14:50,1,303,300,50.0462865207883,4.97823328348197
"580",2022-03-10 00:14:55,1,303,300,51.1966780441317,5.63807332998433
"581",2022-03-10 00:15:00,1,303,300,51.3927509344262,5.55662224130773
"582",2022-03-10 00:15:05,1,303,300,50.5153877301096,5.55069387661479
"583",2022-03-10 00:15:10,1,303,300,50.9980492660997,5.61692318002183
"584",2022-03-10 00:15:15,1,303,300,50.074980571327,5.80053630857157
"585",2022-03-10 00:15:20,1,303,300,50.8274383903383,5.66997975214473
"586",2022-03-10 00:15:25,1,303,300,51.4236302826231,5.96125426163472
"587",2022-03-10 00:15:30,1,303,300,51.1280372006475,5.50297177065144
"588",2022-03-10 00:15:35,1,303,300,50.1650353902804,5.29422295984197
"589",2022-03-10 00:15:40,1,303,300,52.301956115559,5.66325285804173
"590",2022-03-10 00:15:45,1,303,300,52.306653667836,5.52960711669198
"591",2022-03-10 00:15:50,1,303,300,51.2400451695247,5.32633606166962
"592",2022-03-10 00:15:55,1,303,300,50.5280884558196,5.35587908733343
"593",2022-03-10 00:16:00,1,303,300,49.8476520513305,5.33398451087377
"594",2022-03-10 00:16:05,1,303,300,51.5557248870332,5.39969619352477
"595",2022-03-10 00:16:10,1,303,300,52.1938150090794,5.94349981090093
"596",2022-03-10 00:16:15,1,303,300,51.1789652685531,5.17772983605784
"597",2022-03-10 00:16:20,1,303,300,50.4791049754551,5.3601130514773
"598",2022-03-10 00:16:25,1,303,300,50.6360511675814,5.65503815561562
"599",2022-03-10 00:16:30,1,303,300,50.9462486167338,5.31023776720056
"600",2022-03-10 00:16:35,1,303,300,49.9687894422707,5.40237876389571
"601",2022-03-11 00:00:00,1,338,100,51.8487530032784,3.42904934006195
"602",2022-03-11 00:00:05,1,338,100,51.8634469298679,3.82602054508772
"603",2022-03-11 00:00:10,1,338,100,50.8460093947521,3.64165510681511
"604",2022-03-11 00:00:15,1,338,100,51.8164562238176,3.30450601312954
"605",2022-03-11 00:00:20,1,338,100,50.4498212016298,3.41146824645484
"606",2022-03-11 00:00:25,1,338,100,51.4410341101611,4.19188438230738
"607",2022-03-11 00:00:30,1,338,100,51.2672570844263,3.41596321358323
"608",2022-03-11 00:00:35,1,338,100,50.9738395116406,3.79518800036659
"609",2022-03-11 00:00:40,1,338,100,50.8877008393488,3.61479834775973
"610",2022-03-11 00:00:45,1,338,100,50.3253904670847,3.43247054571259
"611",2022-03-11 00:00:50,1,338,100,50.3247380905519,3.56122487759645
"612",2022-03-11 00:00:55,1,338,100,51.4996123336646,3.48280252799535
"613",2022-03-11 00:01:00,1,338,100,50.9097695438611,3.31934835333524
"614",2022-03-11 00:01:05,1,338,100,50.8166455548641,3.74009006292561
"615",2022-03-11 00:01:10,1,338,100,51.7939236436123,3.63036136821363
"616",2022-03-11 00:01:15,1,338,100,52.0510474665919,3.60388598921212
"617",2022-03-11 00:01:20,1,338,100,51.1989126690778,3.56121724146504
"618",2022-03-11 00:01:25,1,338,100,51.5220956288563,3.38259197028678
"619",2022-03-11 00:01:30,1,338,100,51.444977707396,3.36373022056266
"620",2022-03-11 00:01:35,1,338,100,50.6709956922133,3.22472197619821
"621",2022-03-11 00:01:40,1,338,100,50.9989475068168,3.79357147643215
"622",2022-03-11 00:01:45,1,338,100,51.0095282823339,3.32210299272329
"623",2022-03-11 00:01:50,1,338,100,49.5097988525477,3.59890404515625
"624",2022-03-11 00:01:55,1,338,100,51.8582036374205,3.12037681293538
"625",2022-03-11 00:02:00,1,338,100,51.8414981882185,3.4318728640316
"626",2022-03-11 00:02:05,1,338,100,50.3402271376752,4.09849781889101
"627",2022-03-11 00:02:10,1,338,100,50.6855746355477,3.69568323633889
"628",2022-03-11 00:02:15,1,338,100,50.3529463460886,3.71458579021443
"629",2022-03-11 00:02:20,1,338,100,50.859771947094,3.85837827277058
"630",2022-03-11 00:02:25,1,338,100,51.212915043635,3.6683379615431
"631",2022-03-11 00:02:30,1,338,100,51.5797848564851,3.20548249988671
"632",2022-03-11 00:02:35,1,338,100,49.7928960426806,3.35219053077385
"633",2022-03-11 00:02:40,1,338,100,51.452343839899,3.9164947918059
"634",2022-03-11 00:02:45,1,338,100,52.2564832952787,3.90773133669567
"635",2022-03-11 00:02:50,1,338,100,51.2009160517007,3.345446013603
"636",2022-03-11 00:02:55,1,338,100,50.6584312345624,3.5607375256083
"637",2022-03-11 00:03:00,1,338,100,51.5229124231394,3.44961259680364
"638",2022-03-11 00:03:05,1,338,100,51.8996815354615,3.39637117049483
"639",2022-03-11 00:03:10,1,338,100,50.3206486519312,3.43270797084694
"640",2022-03-11 00:03:15,1,338,100,49.9647768820001,3.7921970882618
"641",2022-03-11 00:03:20,1,338,100,51.5451449890737,3.59852262452706
"642",2022-03-11 00:03:25,1,338,100,50.939793988265,4.15158141011138
"643",2022-03-11 00:03:30,1,338,100,52.3315161295144,3.7959751246187
"644",2022-03-11 00:03:35,1,338,100,50.6216828596343,3.60176209616382
"645",2022-03-11 00:03:40,1,338,100,52.0396759362766,3.7245739885544
"646",2022-03-11 00:03:45,1,338,100,51.6564543167312,4.06164731202639
"647",2022-03-11 00:03:50,1,338,100,50.5574683336072,3.62150877548736
"648",2022-03-11 00:03:55,1,338,100,51.1884760464496,4.02222971094608
"649",2022-03-11 00:04:00,1,338,100,50.3323889399867,3.9106718382552
"650",2022-03-11 00:04:05,1,338,100,50.9981228307925,4.04554325117532
"651",2022-03-11 00:04:10,1,338,100,50.6467570494879,3.52840968211929
"652",2022-03-11 00:04:15,1,338,100,51.5418986466839,3.53366885462173
"653",2022-03-11 00:04:20,1,338,100,50.7557920388335,3.88624648450468
"654",2022-03-11 00:04:25,1,338,100,50.6992248028351,4.00913620430623
"655",2022-03-11 00:04:30,1,338,100,51.0139212109599,3.79266268182359
"656",2022-03-11 00:04:35,1,338,100,50.5607646781474,3.79070957510731
"657",2022-03-11 00:04:40,1,338,100,51.7149385546856,3.68471507239575
"658",2022-03-11 00:04:45,1,338,100,50.4080653656191,3.93630897356196
"659",2022-03-11 00:04:50,1,338,100,50.9173180235527,3.54465785652067
"660",2022-03-11 00:04:55,1,338,100,51.0277253820884,3.09912341394327
"661",2022-03-11 00:05:00,1,338,100,51.2950854969404,3.94730710156737
"662",2022-03-11 00:05:05,1,338,100,52.3275844540299,3.68194092192373
"663",2022-03-11 00:05:10,1,338,100,51.8672014961834,3.35831772479311
"664",2022-03-11 00:05:15,1,338,100,52.1181286815766,3.23816472157091
"665",2022-03-11 00:05:20,1,338,100,50.6985378162072,3.51722588251346
"666",2022-03-11 00:05:25,1,338,100,50.7058078042193,3.72712847560991
"667",2022-03-11 00:05:30,1,338,100,52.033885428313,3.6889093764904
"668",2022-03-11 00:05:35,1,338,100,51.6750969798388,3.36049837455688
"669",2022-03-11 00:05:40,1,338,100,50.3884931977144,4.00567421368607
"670",2022-03-11 00:05:45,1,338,100,51.107173055185,3.62240729573695
"671",2022-03-11 00:05:50,1,338,100,49.6698939000712,3.61767111117689
"672",2022-03-11 00:05:55,1,338,100,51.3876780764047,3.15716009224901
"673",2022-03-11 00:06:00,1,338,100,50.534247951523,3.58204571158792
"674",2022-03-11 00:06:05,1,338,100,50.6689255429026,4.00278535893563
"675",2022-03-11 00:06:10,1,338,100,50.7223608532783,3.5844888894319
"676",2022-03-11 00:06:15,1,338,100,50.4313946137289,3.57343808081106
"677",2022-03-11 00:06:20,1,338,100,52.3294327412374,3.48854968569214
"678",2022-03-11 00:06:25,1,338,100,52.7267439305973,3.56973207703002
"679",2022-03-11 00:06:30,1,338,100,50.2479635249896,3.67397720673726
"680",2022-03-11 00:06:35,1,338,100,50.9855471902546,4.0448756551907
"681",2022-03-11 00:06:40,1,338,100,51.5476811215222,3.96975213143762
"682",2022-03-11 00:06:45,1,338,100,50.9286610801046,3.90019516413523
"683",2022-03-11 00:06:50,1,338,100,50.9690787284396,3.6246678824368
"684",2022-03-11 00:06:55,1,338,100,51.8739433531467,3.45824783633328
"685",2022-03-11 00:07:00,1,338,100,50.0516433645476,3.47362733975192
"686",2022-03-11 00:07:05,1,338,100,49.9416369612703,3.47933250646318
"687",2022-03-11 00:07:10,1,338,100,51.5589013050966,3.58284762079852
"688",2022-03-11 00:07:15,1,338,100,51.1902778951265,3.81770640923955
"689",2022-03-11 00:07:20,1,338,100,50.7877291393213,3.8334530151651
"690",2022-03-11 00:07:25,1,338,100,51.1054559957829,4.02770549888388
"691",2022-03-11 00:07:30,1,338,100,51.7250628854373,3.67993842685158
"692",2022-03-11 00:07:35,1,338,100,51.6508602142992,3.71538759168238
"693",2022-03-11 00:07:40,1,338,100,50.5731594663708,3.58087883083897
"694",2022-03-11 00:07:45,1,338,100,51.7507455323599,3.68173686513877
"695",2022-03-11 00:07:50,1,338,100,50.1998489717633,3.49255161438711
"696",2022-03-11 00:07:55,1,338,100,50.4834699913058,3.62982133248405
"697",2022-03-11 00:08:00,1,338,100,51.9230350586839,3.66657919572599
"698",2022-03-11 00:08:05,1,338,100,51.434519682463,4.04804262427309
"699",2022-03-11 00:08:10,1,338,100,51.1830437095267,3.75664930728871
"700",2022-03-11 00:08:15,1,338,100,50.7290489382079,3.96811845158357
"701",2022-03-11 00:08:20,1,338,100,52.0091699367254,3.52718403373635
"702",2022-03-11 00:08:25,1,338,100,50.3914756575154,3.83033029021819
"703",2022-03-11 00:08:30,1,338,100,50.5113336009177,3.83267963846621
"704",2022-03-11 00:08:35,1,338,100,52.223551324164,3.59968411747436
"705",2022-03-11 00:08:40,1,338,100,51.5868924698052,3.86478266786772
"706",2022-03-11 00:08:45,1,338,100,51.23073793974,3.78557125411044
"707",2022-03-11 00:08:50,1,338,100,51.7742400035099,3.45224016812231
"708",2022-03-11 00:08:55,1,338,100,51.9604974198974,3.4485555544408
"709",2022-03-11 00:09:00,1,338,100,50.8111707689314,3.64150349213543
"710",2022-03-11 00:09:05,1,338,100,50.2860819116459,3.5443829585426
"711",2022-03-11 00:09:10,1,338,100,50.616394895985,3.44901621032121
"712",2022-03-11 00:09:15,1,338,100,51.4956378779543,4.130709650511
"713",2022-03-11 00:09:20,1,338,100,51.2670056661538,3.86518638931377
"714",2022-03-11 00:09:25,1,338,100,50.2753888698684,3.71208877592483
"715",2022-03-11 00:09:30,1,338,100,50.831624612457,4.18031912748063
"716",2022-03-11 00:09:35,1,338,100,51.3363426700297,3.45782697317995
"717",2022-03-11 00:09:40,1,338,100,51.1081378854745,3.70934656429068
"718",2022-03-11 00:09:45,1,338,100,51.2189357803433,3.74798557713363
"719",2022-03-11 00:09:50,1,338,100,51.7775406688138,3.7081932994505
"720",2022-03-11 00:09:55,1,338,100,51.0916480138086,3.96532675292759
"721",2022-03-11 00:10:00,1,338,100,51.2045200752242,4.02305516152397
"722",2022-03-11 00:10:05,1,338,100,50.7668950071409,3.40527965174813
"723",2022-03-11 00:10:10,1,338,100,52.1816340845922,3.96934776957931
"724",2022-03-11 00:10:15,1,338,100,51.5441046955496,3.87435966090633
"725",2022-03-11 00:10:20,1,338,100,51.0127601047151,4.06789257284855
"726",2022-03-11 00:10:25,1,338,100,51.0126596837164,3.32955880352821
"727",2022-03-11 00:10:30,1,338,100,51.7281097077084,3.70931658534386
"728",2022-03-11 00:10:35,1,338,100,52.1101408119425,3.73387793982336
"729",2022-03-11 00:10:40,1,338,100,51.5362592583471,3.92858201398096
"730",2022-03-11 00:10:45,1,338,100,52.1587500817831,3.83991804121247
"731",2022-03-11 00:10:50,1,338,100,50.0587234585759,3.66921170385575
"732",2022-03-11 00:10:55,1,338,100,51.9086923372814,3.78323395800899
"733",2022-03-11 00:11:00,1,338,100,51.3699287347473,3.58824386942449
"734",2022-03-11 00:11:05,1,338,100,50.7528337743074,3.89535672042633
"735",2022-03-11 00:11:10,1,338,100,50.5812622058123,3.78088247385157
"736",2022-03-11 00:11:15,1,338,100,51.5972628949633,3.5473710485714
"737",2022-03-11 00:11:20,1,338,100,50.6087000151695,3.94611254270282
"738",2022-03-11 00:11:25,1,338,100,51.5039245263779,3.56101536647242
"739",2022-03-11 00:11:30,1,338,100,50.4057726448031,3.51342428299615
"740",2022-03-11 00:11:35,1,338,100,51.8210575873352,3.74072312342243
"741",2022-03-11 00:11:40,1,338,100,50.8529905758485,3.9008424727806
"742",2022-03-11 00:11:45,1,338,100,51.4173591432988,3.61413135693586
"743",2022-03-11 00:11:50,1,338,100,51.2944102562546,3.94240394032544
"744",2022-03-11 00:11:55,1,338,100,50.5669764261223,3.52885355603004
"745",2022-03-11 00:12:00,1,338,100,50.7625830974796,3.85258111348646
"746",2022-03-11 00:12:05,1,338,100,50.6863659882638,3.52688442608047
"747",2022-03-11 00:12:10,1,338,100,50.5890065361819,3.78021456108187
"748",2022-03-11 00:12:15,1,338,100,49.5278288924506,3.36740284804714
"749",2022-03-11 00:12:20,1,338,100,50.9539018175046,3.76257147912503
"750",2022-03-11 00:12:25,1,338,100,51.7358702972843,3.91479616134199
"751",2022-03-11 00:12:30,1,338,100,49.7788657828009,3.51015856186654
"752",2022-03-11 00:12:35,1,338,100,52.0977109317627,3.72537027072525
"753",2022-03-11 00:12:40,1,338,100,52.1768445530876,3.8141932207567
"754",2022-03-11 00:12:45,1,338,100,50.0393647980739,3.70825825573699
"755",2022-03-11 00:12:50,1,338,100,50.9730309320053,3.60041038977586
"756",2022-03-11 00:12:55,1,338,100,52.3065365884877,3.96794130603892
"757",2022-03-11 00:13:00,1,338,100,51.3242032482841,3.80881923611635
"758",2022-03-11 00:13:05,1,338,100,50.1516244113542,3.29659694059056
"759",2022-03-11 00:13:10,1,338,100,51.030343120978,3.45301351845729
"760",2022-03-11 00:13:15,1,338,100,50.8176524710971,3.38585725651973
"761",2022-03-11 00:13:20,1,338,100,50.8219213631204,3.77638320855419
"762",2022-03-11 00:13:25,1,338,100,51.2152306268144,3.17201527622625
"763",2022-03-11 00:13:30,1,338,100,52.0190126448515,3.79788484952766
"764",2022-03-11 00:13:35,1,338,100,49.2749471830001,3.75916977402586
"765",2022-03-11 00:13:40,1,338,100,50.8514173996262,3.75050717564168
"766",2022-03-11 00:13:45,1,338,100,51.6109908362116,3.61399742710931
"767",2022-03-11 00:13:50,1,338,100,51.284328837143,3.91275156827709
"768",2022-03-11 00:13:55,1,338,100,50.5414169807039,3.5827814208412
"769",2022-03-11 00:14:00,1,338,100,51.7599829593384,3.8345136997515
"770",2022-03-11 00:14:05,1,338,100,51.4926388877341,3.62706841100474
"771",2022-03-11 00:14:10,1,338,100,50.2133207624892,3.5706183293322
"772",2022-03-11 00:14:15,1,338,100,50.5063075489928,3.78009618245972
"773",2022-03-11 00:14:20,1,338,100,50.5037668231622,3.29674543740894
"774",2022-03-11 00:14:25,1,338,100,50.8106241275385,3.63196851636415
"775",2022-03-11 00:14:30,1,338,100,51.454368348544,3.07830385222027
"776",2022-03-11 00:14:35,1,338,100,50.486020316832,3.52944047276176
"777",2022-03-11 00:14:40,1,338,100,51.5234516884171,3.55126207780674
"778",2022-03-11 00:14:45,1,338,100,51.3323210751995,3.81722800480884
"779",2022-03-11 00:14:50,1,338,100,51.6718613772215,3.9008571685704
"780",2022-03-11 00:14:55,1,338,100,49.5782385458419,3.36888481022679
"781",2022-03-11 00:15:00,1,338,100,49.5426584195619,3.70296998637816
"782",2022-03-11 00:15:05,1,338,100,50.9748852077136,3.26899990471695
"783",2022-03-11 00:15:10,1,338,100,51.618912587214,3.80680526086474
"784",2022-03-11 00:15:15,1,338,100,51.8042659217201,3.29437567938093
"785",2022-03-11 00:15:20,1,338,100,51.5504702912945,3.5871827596893
"786",2022-03-11 00:15:25,1,338,100,52.1418872283711,4.02519422455831
"787",2022-03-11 00:15:30,1,338,100,51.8954244722478,3.66960619223715
"788",2022-03-11 00:15:35,1,338,100,50.6979241647647,3.31395867495312
"789",2022-03-11 00:15:40,1,338,100,51.9812400577895,3.68965528143403
"790",2022-03-11 00:15:45,1,338,100,49.9563435263282,3.89127378994533
"791",2022-03-11 00:15:50,1,338,100,50.1019904628623,3.81934566403567
"792",2022-03-11 00:15:55,1,338,100,52.1361702941923,3.68121763650797
"793",2022-03-11 00:16:00,1,338,100,51.1209239962814,3.43297216669734
"794",2022-03-11 00:16:05,1,338,100,50.7701919728737,3.73686493125713
"795",2022-03-11 00:16:10,1,338,100,50.822206803407,3.74216905932382
"796",2022-03-11 00:16:15,1,338,100,51.392269284242,3.50181217306843
"797",2022-03-11 00:16:20,1,338,100,50.1246289369085,3.47689065494346
"798",2022-03-11 00:16:25,1,338,100,51.3856799474117,3.47162944036475
"799",2022-03-11 00:16:30,1,338,100,49.6008280625585,3.96403009719973
"800",2022-03-11 00:16:35,1,338,100,50.3591948028166,3.82068987013391
"801",2022-03-12 00:00:00,1,338,200,51.7287799859023,3.29941460461933
"802",2022-03-12 00:00:05,1,338,200,50.5434574256233,3.73857513271642
"803",2022-03-12 00:00:10,1,338,200,51.1388507463164,4.01514657638521
"804",2022-03-12 00:00:15,1,338,200,50.7201977089682,3.43283887548999
"805",2022-03-12 00:00:20,1,338,200,51.0644079606825,3.3793800426976
"806",2022-03-12 00:00:25,1,338,200,51.1263276954549,3.55755110652868
"807",2022-03-12 00:00:30,1,338,200,51.6682208733332,3.45828083010162
"808",2022-03-12 00:00:35,1,338,200,49.3206527104876,3.73119590388755
"809",2022-03-12 00:00:40,1,338,200,50.8699176501284,3.47601308134537
"810",2022-03-12 00:00:45,1,338,200,51.647812514233,3.72582529834866
"811",2022-03-12 00:00:50,1,338,200,50.1966191460714,3.60083002013849
"812",2022-03-12 00:00:55,1,338,200,50.6006899710552,3.72900119683383
"813",2022-03-12 00:01:00,1,338,200,50.3541807562093,3.23644791643954
"814",2022-03-12 00:01:05,1,338,200,51.9758447532438,3.70659884252905
"815",2022-03-12 00:01:10,1,338,200,51.697272370015,3.43663564308275
"816",2022-03-12 00:01:15,1,338,200,50.8329244320653,3.52332668732497
"817",2022-03-12 00:01:20,1,338,200,50.9134801361896,3.69762685601386
"818",2022-03-12 00:01:25,1,338,200,51.4991648967759,4.10809092206052
"819",2022-03-12 00:01:30,1,338,200,51.9819234683078,3.67943915936797
"820",2022-03-12 00:01:35,1,338,200,51.4510381736094,3.80350776698953
"821",2022-03-12 00:01:40,1,338,200,49.7342766535622,3.96769836108717
"822",2022-03-12 00:01:45,1,338,200,51.1600668299047,3.50849564622474
"823",2022-03-12 00:01:50,1,338,200,50.7356043776159,3.48123693454295
"824",2022-03-12 00:01:55,1,338,200,52.4510519864074,3.92142975617004
"825",2022-03-12 00:02:00,1,338,200,50.50766131155,3.36445432445658
"826",2022-03-12 00:02:05,1,338,200,50.5168550267449,3.63254301429914
"827",2022-03-12 00:02:10,1,338,200,50.494344499335,3.95179917146047
"828",2022-03-12 00:02:15,1,338,200,51.9596283507069,3.93856763327752
"829",2022-03-12 00:02:20,1,338,200,50.4580183073228,4.20605254428307
"830",2022-03-12 00:02:25,1,338,200,51.8081818879061,3.06554008971406
"831",2022-03-12 00:02:30,1,338,200,52.5322765399636,3.8147736431822
"832",2022-03-12 00:02:35,1,338,200,50.6256604541894,3.40020916165204
"833",2022-03-12 00:02:40,1,338,200,50.0631811825607,3.33207211755551
"834",2022-03-12 00:02:45,1,338,200,51.3008669843262,3.27378348659267
"835",2022-03-12 00:02:50,1,338,200,50.6376020096936,3.63735679672304
"836",2022-03-12 00:02:55,1,338,200,50.4511723391361,3.86066891239482
"837",2022-03-12 00:03:00,1,338,200,52.2204499850118,3.8546663151309
"838",2022-03-12 00:03:05,1,338,200,51.8050743017974,3.50874883180543
"839",2022-03-12 00:03:10,1,338,200,51.7397724739863,3.71742505662181
"840",2022-03-12 00:03:15,1,338,200,51.4475479304651,3.9626797366715
"841",2022-03-12 00:03:20,1,338,200,51.0351864959798,3.60026469281471
"842",2022-03-12 00:03:25,1,338,200,53.1303315814016,3.25809998616234
"843",2022-03-12 00:03:30,1,338,200,50.3017423909345,2.92662385712552
"844",2022-03-12 00:03:35,1,338,200,50.5191323481787,3.7310370244401
"845",2022-03-12 00:03:40,1,338,200,51.8439679780499,3.83917147187693
"846",2022-03-12 00:03:45,1,338,200,50.9587958151295,3.40828463947094
"847",2022-03-12 00:03:50,1,338,200,50.6950366364633,3.81941397551191
"848",2022-03-12 00:03:55,1,338,200,51.0600036829389,4.02028053909968
"849",2022-03-12 00:04:00,1,338,200,51.7025166825367,3.60559946921714
"850",2022-03-12 00:04:05,1,338,200,51.3803428804876,3.42215394370128
"851",2022-03-12 00:04:10,1,338,200,50.3240398919862,3.88905050206868
"852",2022-03-12 00:04:15,1,338,200,52.1477690217812,3.52849309558168
"853",2022-03-12 00:04:20,1,338,200,50.3979513304458,3.59809471167571
"854",2022-03-12 00:04:25,1,338,200,50.1137630965317,4.0327813879386
"855",2022-03-12 00:04:30,1,338,200,50.9682591671202,3.46952223665357
"856",2022-03-12 00:04:35,1,338,200,50.4284199719469,3.1728115283093
"857",2022-03-12 00:04:40,1,338,200,51.4396261683879,3.42525653255933
"858",2022-03-12 00:04:45,1,338,200,51.4293358918862,3.68831764737926
"859",2022-03-12 00:04:50,1,338,200,50.5884617386073,3.53456424920986
"860",2022-03-12 00:04:55,1,338,200,51.4460577500339,3.5549314642789
"861",2022-03-12 00:05:00,1,338,200,50.4923024389602,3.76320326164589
"862",2022-03-12 00:05:05,1,338,200,50.8950955339613,3.85246279919174
"863",2022-03-12 00:05:10,1,338,200,52.667771372348,3.77345948049445
"864",2022-03-12 00:05:15,1,338,200,51.3077906046695,3.59021127273051
"865",2022-03-12 00:05:20,1,338,200,50.9884794131186,3.80131707272209
"866",2022-03-12 00:05:25,1,338,200,51.1792238732565,3.39218452367805
"867",2022-03-12 00:05:30,1,338,200,51.2206531978544,3.68353010746276
"868",2022-03-12 00:05:35,1,338,200,51.5432558029389,3.37583866619329
"869",2022-03-12 00:05:40,1,338,200,50.240144537353,3.60532863608757
"870",2022-03-12 00:05:45,1,338,200,49.5628128388249,3.56864586428749
"871",2022-03-12 00:05:50,1,338,200,51.1718784646398,3.72283713930044
"872",2022-03-12 00:05:55,1,338,200,51.2661135847442,3.90672779838058
"873",2022-03-12 00:06:00,1,338,200,51.6171757679271,3.60478267416313
"874",2022-03-12 00:06:05,1,338,200,50.7536438324772,3.76231554823946
"875",2022-03-12 00:06:10,1,338,200,50.659999378807,3.94022842107732
"876",2022-03-12 00:06:15,1,338,200,51.1884170912756,3.89886252136248
"877",2022-03-12 00:06:20,1,338,200,51.1796563988449,3.81026691080903
"878",2022-03-12 00:06:25,1,338,200,53.5465201750341,3.71024269783383
"879",2022-03-12 00:06:30,1,338,200,52.4922376496013,3.66231788552802
"880",2022-03-12 00:06:35,1,338,200,51.4585221500377,3.61498676156694
"881",2022-03-12 00:06:40,1,338,200,49.5246709698928,3.68063456014265
"882",2022-03-12 00:06:45,1,338,200,52.7482958665872,3.53901050723366
"883",2022-03-12 00:06:50,1,338,200,51.7337717244522,3.91493136579052
"884",2022-03-12 00:06:55,1,338,200,51.7475978430681,3.41476490695339
"885",2022-03-12 00:07:00,1,338,200,50.4247363685267,3.74271932886306
"886",2022-03-12 00:07:05,1,338,200,50.9620217624489,3.57519772210985
"887",2022-03-12 00:07:10,1,338,200,50.9804320763454,3.80698510286674
"888",2022-03-12 00:07:15,1,338,200,50.7827539452394,3.84494152394239
"889",2022-03-12 00:07:20,1,338,200,51.8869912921566,4.03311625205686
"890",2022-03-12 00:07:25,1,338,200,51.3129176749509,3.71611881412311
"891",2022-03-12 00:07:30,1,338,200,51.537774522775,3.54331059685874
"892",2022-03-12 00:07:35,1,338,200,50.1868712720286,3.46399067397929
"893",2022-03-12 00:07:40,1,338,200,51.7289642074266,3.48086413669524
"894",2022-03-12 00:07:45,1,338,200,52.3035220432567,3.53793839823931
"895",2022-03-12 00:07:50,1,338,200,50.8928182380547,3.90583871189996
"896",2022-03-12 00:07:55,1,338,200,52.594262434847,3.12374634216368
"897",2022-03-12 00:08:00,1,338,200,49.664879703407,3.67816585015449
"898",2022-03-12 00:08:05,1,338,200,50.2126405388828,3.9437066714698
"899",2022-03-12 00:08:10,1,338,200,51.9109573133776,3.86047486576342
"900",2022-03-12 00:08:15,1,338,200,51.8128684011672,3.37873665160008
"901",2022-03-12 00:08:20,1,338,200,49.7964504791438,3.29904598777669
"902",2022-03-12 00:08:25,1,338,200,50.3635897986644,3.60306484079997
"903",2022-03-12 00:08:30,1,338,200,50.2760595855409,3.70106154858595
"904",2022-03-12 00:08:35,1,338,200,51.5675124053315,3.25490013723904
"905",2022-03-12 00:08:40,1,338,200,51.0017128109251,3.3042983448394
"906",2022-03-12 00:08:45,1,338,200,50.764666487431,3.7527596609607
"907",2022-03-12 00:08:50,1,338,200,49.3225352769783,3.5101459669552
"908",2022-03-12 00:08:55,1,338,200,51.4769215234678,3.65320437456459
"909",2022-03-12 00:09:00,1,338,200,51.6804953753175,3.81050925170436
"910",2022-03-12 00:09:05,1,338,200,51.4091845526301,3.95176034928218
"911",2022-03-12 00:09:10,1,338,200,49.9567233876659,3.60383179019114
"912",2022-03-12 00:09:15,1,338,200,49.7257518723995,3.60229032551643
"913",2022-03-12 00:09:20,1,338,200,52.1811779030734,3.81678230748768
"914",2022-03-12 00:09:25,1,338,200,50.1798429331889,3.78725351555286
"915",2022-03-12 00:09:30,1,338,200,50.6761857923644,3.45801510757203
"916",2022-03-12 00:09:35,1,338,200,50.9381711146984,3.70542875152737
"917",2022-03-12 00:09:40,1,338,200,49.6466360620609,3.56316550710057
"918",2022-03-12 00:09:45,1,338,200,50.3089582410896,3.77823176266062
"919",2022-03-12 00:09:50,1,338,200,50.3266963535508,3.8818511759787
"920",2022-03-12 00:09:55,1,338,200,51.231964590418,3.7795358324661
"921",2022-03-12 00:10:00,1,338,200,50.8836089677328,3.61523413607772
"922",2022-03-12 00:10:05,1,338,200,51.5584323104011,3.4451138058137
"923",2022-03-12 00:10:10,1,338,200,50.5578588246921,3.7552654096267
"924",2022-03-12 00:10:15,1,338,200,50.7904026898109,3.8415615344343
"925",2022-03-12 00:10:20,1,338,200,51.5645511874258,3.4991150305463
"926",2022-03-12 00:10:25,1,338,200,51.5169681508377,3.60141935297134
"927",2022-03-12 00:10:30,1,338,200,51.7254114603771,3.27807794140377
"928",2022-03-12 00:10:35,1,338,200,52.6056091902725,3.90980245027375
"929",2022-03-12 00:10:40,1,338,200,50.5519799686076,3.67225930753925
"930",2022-03-12 00:10:45,1,338,200,52.0608940962494,3.50823121444706
"931",2022-03-12 00:10:50,1,338,200,51.4105841493718,3.81904683916788
"932",2022-03-12 00:10:55,1,338,200,51.4738096157585,3.98428694351491
"933",2022-03-12 00:11:00,1,338,200,50.0028210700668,3.7099562481185
"934",2022-03-12 00:11:05,1,338,200,51.2907584126813,3.51818961516464
"935",2022-03-12 00:11:10,1,338,200,50.9494141658438,3.74220440619939
"936",2022-03-12 00:11:15,1,338,200,50.5054966658653,3.82404348076195
"937",2022-03-12 00:11:20,1,338,200,50.7103768018205,3.60937356204921
"938",2022-03-12 00:11:25,1,338,200,51.2660567854984,3.6920850739695
"939",2022-03-12 00:11:30,1,338,200,52.1264621655084,3.51466678691768
"940",2022-03-12 00:11:35,1,338,200,51.8067036750331,3.73562940469213
"941",2022-03-12 00:11:40,1,338,200,50.6329035882736,3.78272386643074
"942",2022-03-12 00:11:45,1,338,200,51.0269256677901,3.24082137340501
"943",2022-03-12 00:11:50,1,338,200,50.9728453752419,3.36506962855888
"944",2022-03-12 00:11:55,1,338,200,51.0507713299889,3.60550783370941
"945",2022-03-12 00:12:00,1,338,200,51.0023272426054,3.75287847984641
"946",2022-03-12 00:12:05,1,338,200,51.2614468316113,3.54557098755951
"947",2022-03-12 00:12:10,1,338,200,51.2186072647821,3.8851768246927
"948",2022-03-12 00:12:15,1,338,200,51.3144523139068,3.79169996899319
"949",2022-03-12 00:12:20,1,338,200,53.1931091394504,3.66536333245257
"950",2022-03-12 00:12:25,1,338,200,51.8093891958927,3.53135225138833
"951",2022-03-12 00:12:30,1,338,200,50.9727667802272,3.80280723928613
"952",2022-03-12 00:12:35,1,338,200,51.215188846685,3.79697169225591
"953",2022-03-12 00:12:40,1,338,200,50.5765242829858,3.37928522376706
"954",2022-03-12 00:12:45,1,338,200,50.7099421348639,3.63429371068043
"955",2022-03-12 00:12:50,1,338,200,50.8010848046796,3.26251481418264
"956",2022-03-12 00:12:55,1,338,200,52.8279568878811,3.98266572159561
"957",2022-03-12 00:13:00,1,338,200,50.6473610684574,3.63428696637278
"958",2022-03-12 00:13:05,1,338,200,50.3517076254112,3.65959350113839
"959",2022-03-12 00:13:10,1,338,200,51.2431682795917,3.93103516554912
"960",2022-03-12 00:13:15,1,338,200,52.1564620114312,3.62147336735702
"961",2022-03-12 00:13:20,1,338,200,50.6010083567236,3.45775367888033
"962",2022-03-12 00:13:25,1,338,200,51.046020114412,3.62808184031107
"963",2022-03-12 00:13:30,1,338,200,51.5194797974145,3.60040681093137
"964",2022-03-12 00:13:35,1,338,200,50.634178611948,3.50248275065311
"965",2022-03-12 00:13:40,1,338,200,51.5149481205773,3.6068995379469
"966",2022-03-12 00:13:45,1,338,200,51.4527915931822,3.44502309247373
"967",2022-03-12 00:13:50,1,338,200,51.0181180733572,3.35588599457433
"968",2022-03-12 00:13:55,1,338,200,50.5463664160885,3.195164392032
"969",2022-03-12 00:14:00,1,338,200,50.6090152669651,3.78242853418353
"970",2022-03-12 00:14:05,1,338,200,50.4114968673545,3.64826656220775
"971",2022-03-12 00:14:10,1,338,200,51.436307930499,3.80493939528521
"972",2022-03-12 00:14:15,1,338,200,50.7807348390307,3.62563098247158
"973",2022-03-12 00:14:20,1,338,200,50.8252181577534,3.65519942988227
"974",2022-03-12 00:14:25,1,338,200,50.939575988391,3.83283111011658
"975",2022-03-12 00:14:30,1,338,200,50.3747797275775,3.57304115203519
"976",2022-03-12 00:14:35,1,338,200,49.9266299850367,3.84764371760807
"977",2022-03-12 00:14:40,1,338,200,50.1299193303649,3.78598880109631
"978",2022-03-12 00:14:45,1,338,200,52.0688495828267,3.56839189243374
"979",2022-03-12 00:14:50,1,338,200,50.3168514716959,3.78764044812889
"980",2022-03-12 00:14:55,1,338,200,51.1248159482679,4.07992521424308
"981",2022-03-12 00:15:00,1,338,200,49.871497700357,3.6986153887615
"982",2022-03-12 00:15:05,1,338,200,52.4596452006822,3.38903053079966
"983",2022-03-12 00:15:10,1,338,200,50.2257675963723,3.64668546195368
"984",2022-03-12 00:15:15,1,338,200,49.6636130705262,3.84693118488145
"985",2022-03-12 00:15:20,1,338,200,50.7775663392374,3.55128685863838
"986",2022-03-12 00:15:25,1,338,200,50.5206103104306,3.81503867022113
"987",2022-03-12 00:15:30,1,338,200,50.4853911382312,4.01243142631385
"988",2022-03-12 00:15:35,1,338,200,51.9907028919785,3.52219186117818
"989",2022-03-12 00:15:40,1,338,200,51.5618476515336,3.73939929403595
"990",2022-03-12 00:15:45,1,338,200,50.3432488540438,3.61792510364392
"991",2022-03-12 00:15:50,1,338,200,51.0988450338103,3.44360821286638
"992",2022-03-12 00:15:55,1,338,200,52.6129157860072,4.08122507009202
"993",2022-03-12 00:16:00,1,338,200,51.2971009849073,3.86902343779554
"994",2022-03-12 00:16:05,1,338,200,52.5678207236133,3.65586893090563
"995",2022-03-12 00:16:10,1,338,200,50.6328899677338,3.34635496845914
"996",2022-03-12 00:16:15,1,338,200,52.0042798445516,3.2008334957109
"997",2022-03-12 00:16:20,1,338,200,51.8303770879242,3.46411629750733
"998",2022-03-12 00:16:25,1,338,200,51.1434738486209,3.65553597513807
"999",2022-03-12 00:16:30,1,338,200,51.3797757179976,3.30174699121783
"1000",2022-03-12 00:16:35,1,338,200,50.7505308712412,3.68201669519773
"1001",2022-03-13 00:00:00,1,338,300,50.1559567780229,3.22321120256673
"1002",2022-03-13 00:00:05,1,338,300,50.993279271487,4.06814176223388
"1003",2022-03-13 00:00:10,1,338,300,51.5817504261663,3.76274863157978
"1004",2022-03-13 00:00:15,1,338,300,51.3302212997232,3.65173582317442
"1005",2022-03-13 00:00:20,1,338,300,52.5643001093112,3.3844925567284
"1006",2022-03-13 00:00:25,1,338,300,51.0654104902856,3.67937395566953
"1007",2022-03-13 00:00:30,1,338,300,51.256863667333,3.66283979692908
"1008",2022-03-13 00:00:35,1,338,300,51.5915783200541,3.48127594294458
"1009",2022-03-13 00:00:40,1,338,300,51.4340380481378,3.85782840493671
"1010",2022-03-13 00:00:45,1,338,300,50.4496506875603,4.05810372576668
"1011",2022-03-13 00:00:50,1,338,300,50.1602272951843,3.54095718744577
"1012",2022-03-13 00:00:55,1,338,300,50.6927706403248,3.34886440795937
"1013",2022-03-13 00:01:00,1,338,300,50.6340510110622,3.22497693531424
"1014",2022-03-13 00:01:05,1,338,300,50.5593694679064,3.92843104136129
"1015",2022-03-13 00:01:10,1,338,300,51.8067633970654,3.41075294551945
"1016",2022-03-13 00:01:15,1,338,300,51.4415170670889,3.47029559757986
"1017",2022-03-13 00:01:20,1,338,300,51.759153978275,3.48762744824573
"1018",2022-03-13 00:01:25,1,338,300,54.0409900269891,4.13229355022535
"1019",2022-03-13 00:01:30,1,338,300,51.3276918951333,3.92672561056964
"1020",2022-03-13 00:01:35,1,338,300,52.0866076975188,3.84131256844203
"1021",2022-03-13 00:01:40,1,338,300,51.2037164288907,3.58895729198247
"1022",2022-03-13 00:01:45,1,338,300,52.0498145933508,3.82048345916441
"1023",2022-03-13 00:01:50,1,338,300,50.0801569153962,3.81663822473033
"1024",2022-03-13 00:01:55,1,338,300,51.4922149454394,3.20980089292196
"1025",2022-03-13 00:02:00,1,338,300,51.1313535592618,3.65455939098411
"1026",2022-03-13 00:02:05,1,338,300,51.7257946012428,3.29178034710681
"1027",2022-03-13 00:02:10,1,338,300,50.1984596812817,3.6306670947374
"1028",2022-03-13 00:02:15,1,338,300,50.2277338961,3.58747992109915
"1029",2022-03-13 00:02:20,1,338,300,51.9290011349223,3.73730854432305
"1030",2022-03-13 00:02:25,1,338,300,51.7718099240783,3.52221729505654
"1031",2022-03-13 00:02:30,1,338,300,50.3851023052739,4.11483768562548
"1032",2022-03-13 00:02:35,1,338,300,50.6864254752798,3.75550517989572
"1033",2022-03-13 00:02:40,1,338,300,51.0709430314435,3.672928552006
"1034",2022-03-13 00:02:45,1,338,300,50.5408901651089,4.07411771653078
"1035",2022-03-13 00:02:50,1,338,300,50.10478133494,3.1698104394424
"1036",2022-03-13 00:02:55,1,338,300,50.8526337217051,2.93577531034995
"1037",2022-03-13 00:03:00,1,338,300,51.8069223855494,3.54478355073077
"1038",2022-03-13 00:03:05,1,338,300,52.2911031432538,3.69943186127425
"1039",2022-03-13 00:03:10,1,338,300,50.0527830075832,3.87737175234791
"1040",2022-03-13 00:03:15,1,338,300,50.2858346314515,3.42580850159895
"1041",2022-03-13 00:03:20,1,338,300,50.5718898943,3.91009450177094
"1042",2022-03-13 00:03:25,1,338,300,52.2341970912899,3.82015719534093
"1043",2022-03-13 00:03:30,1,338,300,50.0782292366419,3.59445706313663
"1044",2022-03-13 00:03:35,1,338,300,51.5297598809539,3.66580252895311
"1045",2022-03-13 00:03:40,1,338,300,52.37463011578,3.98487147792296
"1046",2022-03-13 00:03:45,1,338,300,50.8651351262129,3.71386485242637
"1047",2022-03-13 00:03:50,1,338,300,50.9666530267711,3.80978690260023
"1048",2022-03-13 00:03:55,1,338,300,50.4994807060112,3.301367632218
"1049",2022-03-13 00:04:00,1,338,300,50.9287651138479,3.56404587482567
"1050",2022-03-13 00:04:05,1,338,300,50.5724220408011,3.64842772161338
"1051",2022-03-13 00:04:10,1,338,300,51.7259484462546,3.91571208769467
"1052",2022-03-13 00:04:15,1,338,300,50.7746034176905,3.6063139844062
"1053",2022-03-13 00:04:20,1,338,300,51.4095012718518,3.83809147560135
"1054",2022-03-13 00:04:25,1,338,300,50.9166701777202,3.76434070963773
"1055",2022-03-13 00:04:30,1,338,300,50.1182477259948,3.59545675784025
"1056",2022-03-13 00:04:35,1,338,300,51.1155675742849,3.70728167169335
"1057",2022-03-13 00:04:40,1,338,300,51.4814658925036,3.7478844270821
"1058",2022-03-13 00:04:45,1,338,300,51.9832500339406,3.36990468998606
"1059",2022-03-13 00:04:50,1,338,300,51.4455727492761,3.64715272696139
"1060",2022-03-13 00:04:55,1,338,300,51.4738350492525,3.99144306032712
"1061",2022-03-13 00:05:00,1,338,300,50.2277482137834,3.54121291592038
"1062",2022-03-13 00:05:05,1,338,300,50.647831562369,4.09351632999318
"1063",2022-03-13 00:05:10,1,338,300,50.9574327857003,3.96429340247315
"1064",2022-03-13 00:05:15,1,338,300,50.9664143956244,3.71893461292843
"1065",2022-03-13 00:05:20,1,338,300,49.45284341888,3.5675324322656
"1066",2022-03-13 00:05:25,1,338,300,50.9603249910026,3.73911163709782
"1067",2022-03-13 00:05:30,1,338,300,51.3220500226034,3.62987811290666
"1068",2022-03-13 00:05:35,1,338,300,50.9999470436244,3.99602430124858
"1069",2022-03-13 00:05:40,1,338,300,52.2934986081,3.37505412785873
"1070",2022-03-13 00:05:45,1,338,300,51.4772733027163,3.85912879840549
"1071",2022-03-13 00:05:50,1,338,300,49.9939139892953,4.17650926212565
"1072",2022-03-13 00:05:55,1,338,300,51.676498353352,3.87250279467373
"1073",2022-03-13 00:06:00,1,338,300,51.0022477205243,3.72122140622017
"1074",2022-03-13 00:06:05,1,338,300,51.4239578606174,3.959547329602
"1075",2022-03-13 00:06:10,1,338,300,49.9412048915422,3.65922535518044
"1076",2022-03-13 00:06:15,1,338,300,51.296776384967,3.68328171857596
"1077",2022-03-13 00:06:20,1,338,300,51.1999484905298,3.83027810634441
"1078",2022-03-13 00:06:25,1,338,300,51.688344837926,3.95822587797605
"1079",2022-03-13 00:06:30,1,338,300,51.4513797191751,3.58188471662084
"1080",2022-03-13 00:06:35,1,338,300,51.0762400579984,3.64675575304034
"1081",2022-03-13 00:06:40,1,338,300,51.1565701248365,3.92322428804704
"1082",2022-03-13 00:06:45,1,338,300,50.8315432072922,4.00329523693801
"1083",2022-03-13 00:06:50,1,338,300,51.0789421054884,3.43479860557529
"1084",2022-03-13 00:06:55,1,338,300,50.736304763555,3.22118958940001
"1085",2022-03-13 00:07:00,1,338,300,52.5256683170893,3.54513561519913
"1086",2022-03-13 00:07:05,1,338,300,50.0450192127121,3.91787373993716
"1087",2022-03-13 00:07:10,1,338,300,51.0610231123799,3.29858780530384
"1088",2022-03-13 00:07:15,1,338,300,51.910402746963,3.52152899691197
"1089",2022-03-13 00:07:20,1,338,300,51.6939654744996,3.62630010109407
"1090",2022-03-13 00:07:25,1,338,300,50.9204406325653,3.37934635541131
"1091",2022-03-13 00:07:30,1,338,300,50.9766310187694,3.63626640571623
"1092",2022-03-13 00:07:35,1,338,300,50.7289855868732,3.36916100416488
"1093",2022-03-13 00:07:40,1,338,300,51.0031267425168,3.68384608914293
"1094",2022-03-13 00:07:45,1,338,300,50.6281875246714,3.17390980222346
"1095",2022-03-13 00:07:50,1,338,300,52.6213549099267,3.39577111079891
"1096",2022-03-13 00:07:55,1,338,300,50.820452678368,3.4632831498457
"1097",2022-03-13 00:08:00,1,338,300,51.5616961337942,3.7502230615351
"1098",2022-03-13 00:08:05,1,338,300,51.4572286861791,3.5041648625864
"1099",2022-03-13 00:08:10,1,338,300,50.9717104323651,3.58803327972133
"1100",2022-03-13 00:08:15,1,338,300,51.586326395503,3.83342587243146
"1101",2022-03-13 00:08:20,1,338,300,51.2626045138983,3.65039985737001
"1102",2022-03-13 00:08:25,1,338,300,50.890786876091,3.69585129529404
"1103",2022-03-13 00:08:30,1,338,300,51.4503930265558,3.57157917254878
"1104",2022-03-13 00:08:35,1,338,300,50.8747288931518,4.06268453081611
"1105",2022-03-13 00:08:40,1,338,300,51.2082874997839,3.14081549886356
"1106",2022-03-13 00:08:45,1,338,300,50.8421869048833,3.75160060412578
"1107",2022-03-13 00:08:50,1,338,300,51.3086639004353,3.54016918916647
"1108",2022-03-13 00:08:55,1,338,300,49.9344453423031,3.9015010371162
"1109",2022-03-13 00:09:00,1,338,300,51.0461660415583,3.18409073076935
"1110",2022-03-13 00:09:05,1,338,300,48.7222001818559,3.4599079775008
"1111",2022-03-13 00:09:10,1,338,300,51.3333062035586,3.75066381597368
"1112",2022-03-13 00:09:15,1,338,300,50.4714386434717,3.6035400790969
"1113",2022-03-13 00:09:20,1,338,300,49.9586610480149,3.99699246801622
"1114",2022-03-13 00:09:25,1,338,300,50.3758201971957,3.51345542873461
"1115",2022-03-13 00:09:30,1,338,300,50.8779347084313,3.47575296620907
"1116",2022-03-13 00:09:35,1,338,300,51.9431323556361,3.60792811393878
"1117",2022-03-13 00:09:40,1,338,300,50.3808682657023,3.54831913772991
"1118",2022-03-13 00:09:45,1,338,300,52.0234905160679,3.50767407033925
"1119",2022-03-13 00:09:50,1,338,300,52.090902246935,3.46027649950078
"1120",2022-03-13 00:09:55,1,338,300,51.9273137762749,3.61138027834122
"1121",2022-03-13 00:10:00,1,338,300,52.0777522819026,3.6122768131557
"1122",2022-03-13 00:10:05,1,338,300,50.8409964951727,3.71891755956486
"1123",2022-03-13 00:10:10,1,338,300,50.3917378202425,3.9579985483477
"1124",2022-03-13 00:10:15,1,338,300,49.8860531117225,3.83761262769745
"1125",2022-03-13 00:10:20,1,338,300,51.3386912571898,3.94193794509134
"1126",2022-03-13 00:10:25,1,338,300,51.4074432105585,3.2386917690455
"1127",2022-03-13 00:10:30,1,338,300,51.9402503286044,3.71800709135457
"1128",2022-03-13 00:10:35,1,338,300,51.0254311119567,3.27821751412362
"1129",2022-03-13 00:10:40,1,338,300,51.1631321480798,3.98238505727342
"1130",2022-03-13 00:10:45,1,338,300,50.3413558508411,3.99122102580548
"1131",2022-03-13 00:10:50,1,338,300,51.3911453849886,3.66320808225929
"1132",2022-03-13 00:10:55,1,338,300,49.6596886225158,3.53545901815337
"1133",2022-03-13 00:11:00,1,338,300,50.9333178879577,3.50069539976659
"1134",2022-03-13 00:11:05,1,338,300,52.3586044734042,3.81538473716914
"1135",2022-03-13 00:11:10,1,338,300,50.8557293331241,3.68564412162815
"1136",2022-03-13 00:11:15,1,338,300,51.1299931151773,3.35867078600522
"1137",2022-03-13 00:11:20,1,338,300,49.869704432031,3.57357189810052
"1138",2022-03-13 00:11:25,1,338,300,51.1668092601034,3.45652704210227
"1139",2022-03-13 00:11:30,1,338,300,50.2783378957707,3.54010834245775
"1140",2022-03-13 00:11:35,1,338,300,51.5190564456184,3.41867921905142
"1141",2022-03-13 00:11:40,1,338,300,50.6515095608201,3.75220130749942
"1142",2022-03-13 00:11:45,1,338,300,51.3952988738857,3.45306117328585
"1143",2022-03-13 00:11:50,1,338,300,49.724048235816,3.58853585515374
"1144",2022-03-13 00:11:55,1,338,300,49.738984353779,3.74610914409731
"1145",2022-03-13 00:12:00,1,338,300,51.6888830319518,3.82937225119347
"1146",2022-03-13 00:12:05,1,338,300,52.8601706134227,3.49356449005086
"1147",2022-03-13 00:12:10,1,338,300,50.680609328673,3.87536594527825
"1148",2022-03-13 00:12:15,1,338,300,51.2806059036025,3.8149217884061
"1149",2022-03-13 00:12:20,1,338,300,49.9979459128761,3.87512285812795
"1150",2022-03-13 00:12:25,1,338,300,50.8036141673954,3.68851686190832
"1151",2022-03-13 00:12:30,1,338,300,52.3338346035419,4.23870979428019
"1152",2022-03-13 00:12:35,1,338,300,51.0655116474334,4.0348306782909
"1153",2022-03-13 00:12:40,1,338,300,49.8805504364674,3.65433439233343
"1154",2022-03-13 00:12:45,1,338,300,50.2672734294169,3.27486985511317
"1155",2022-03-13 00:12:50,1,338,300,51.5949087155703,3.74614029946791
"1156",2022-03-13 00:12:55,1,338,300,51.0972543921457,3.44079870579656
"1157",2022-03-13 00:13:00,1,338,300,51.4311618097409,3.74009382994101
"1158",2022-03-13 00:13:05,1,338,300,52.1486620046939,3.73874935797506
"1159",2022-03-13 00:13:10,1,338,300,50.9906618433021,3.60537577535448
"1160",2022-03-13 00:13:15,1,338,300,50.5260487045172,3.29385581572261
"1161",2022-03-13 00:13:20,1,338,300,51.136980022433,3.86378019831286
"1162",2022-03-13 00:13:25,1,338,300,51.7287738330649,3.52898342824914
"1163",2022-03-13 00:13:30,1,338,300,51.3639137967844,3.52520251557168
"1164",2022-03-13 00:13:35,1,338,300,52.1241038433734,3.91098784274687
"1165",2022-03-13 00:13:40,1,338,300,52.9631143388092,3.85786136509702
"1166",2022-03-13 00:13:45,1,338,300,51.3882698754582,3.5372504146228
"1167",2022-03-13 00:13:50,1,338,300,51.033124070861,3.54029188700923
"1168",2022-03-13 00:13:55,1,338,300,51.2905116322735,3.20659343506319
"1169",2022-03-13 00:14:00,1,338,300,51.282423027665,3.3445388545531
"1170",2022-03-13 00:14:05,1,338,300,50.8675815015988,3.7138139822411
"1171",2022-03-13 00:14:10,1,338,300,51.5547860944144,3.50208312852884
"1172",2022-03-13 00:14:15,1,338,300,50.641914248824,3.78531484252057
"1173",2022-03-13 00:14:20,1,338,300,51.106457174501,3.53774530821066
"1174",2022-03-13 00:14:25,1,338,300,50.8842850673181,3.45361291390981
"1175",2022-03-13 00:14:30,1,338,300,50.8834287591917,3.54766215107897
"1176",2022-03-13 00:14:35,1,338,300,51.402626109143,3.52355783357056
"1177",2022-03-13 00:14:40,1,338,300,52.0054077775193,3.6525945536849
"1178",2022-03-13 00:14:45,1,338,300,50.4381772809199,3.56317733091022
"1179",2022-03-13 00:14:50,1,338,300,51.1187955114211,3.52400736579658
"1180",2022-03-13 00:14:55,1,338,300,52.2913309203574,3.36423777578829
"1181",2022-03-13 00:15:00,1,338,300,52.4812906740242,3.35910445227996
"1182",2022-03-13 00:15:05,1,338,300,51.8058032003169,3.31411093247781
"1183",2022-03-13 00:15:10,1,338,300,50.9027785888265,3.56983718382387
"1184",2022-03-13 00:15:15,1,338,300,50.7872438964066,3.42616888150326
"1185",2022-03-13 00:15:20,1,338,300,51.7133123280478,3.68032856416276
"1186",2022-03-13 00:15:25,1,338,300,51.1688405522528,3.36677807021629
"1187",2022-03-13 00:15:30,1,338,300,51.5746772101485,4.16389502227721
"1188",2022-03-13 00:15:35,1,338,300,51.3881949483956,3.45579875366996
"1189",2022-03-13 00:15:40,1,338,300,51.2707599656785,3.58787496146608
"1190",2022-03-13 00:15:45,1,338,300,51.188353600215,4.25590384598049
"1191",2022-03-13 00:15:50,1,338,300,50.7613803796078,3.62787596177559
"1192",2022-03-13 00:15:55,1,338,300,50.5263314893228,3.80198031865509
"1193",2022-03-13 00:16:00,1,338,300,49.970055343848,3.69574675849189
"1194",2022-03-13 00:16:05,1,338,300,51.5422297179387,3.74180201771043
"1195",2022-03-13 00:16:10,1,338,300,51.3176114985841,4.17600799502587
"1196",2022-03-13 00:16:15,1,338,300,51.2335999500404,3.54578936684569
"1197",2022-03-13 00:16:20,1,338,300,50.3037994893687,3.25133104259973
"1198",2022-03-13 00:16:25,1,338,300,50.8113410627251,4.0474147510217
"1199",2022-03-13 00:16:30,1,338,300,48.8466077467649,3.4299805422281
"1200",2022-03-13 00:16:35,1,338,300,51.9517881107532,3.15519807214012
"1201",2022-03-14 00:00:00,1,373,100,51.1826095359028,1.8649582942534
"1202",2022-03-14 00:00:05,1,373,100,50.8148070429039,2.06624583260041
"1203",2022-03-14 00:00:10,1,373,100,51.2173359303863,1.99277754991056
"1204",2022-03-14 00:00:15,1,373,100,50.8350088200035,1.37926084757833
"1205",2022-03-14 00:00:20,1,373,100,51.1832887442872,1.89637026491756
"1206",2022-03-14 00:00:25,1,373,100,49.6655990561476,1.79615093407713
"1207",2022-03-14 00:00:30,1,373,100,50.8012485037258,1.70680962422768
"1208",2022-03-14 00:00:35,1,373,100,50.8030519614343,1.44945937265106
"1209",2022-03-14 00:00:40,1,373,100,50.7221057536104,1.97409922040028
"1210",2022-03-14 00:00:45,1,373,100,51.8692720859251,1.38658648224666
"1211",2022-03-14 00:00:50,1,373,100,50.2718129976356,2.34007598378986
"1212",2022-03-14 00:00:55,1,373,100,50.3237793211503,1.76376250677996
"1213",2022-03-14 00:01:00,1,373,100,50.7458965945136,1.94515610624281
"1214",2022-03-14 00:01:05,1,373,100,50.7269772057812,2.13809918814469
"1215",2022-03-14 00:01:10,1,373,100,49.9997279063925,1.19129045023493
"1216",2022-03-14 00:01:15,1,373,100,49.8021847153995,2.04369330392697
"1217",2022-03-14 00:01:20,1,373,100,52.4268785610753,1.64532753320627
"1218",2022-03-14 00:01:25,1,373,100,51.8276042532065,1.73208978199807
"1219",2022-03-14 00:01:30,1,373,100,51.3823243784895,1.93873024271758
"1220",2022-03-14 00:01:35,1,373,100,50.4737816663601,2.05800107342072
"1221",2022-03-14 00:01:40,1,373,100,50.7793682998708,1.7594890092033
"1222",2022-03-14 00:01:45,1,373,100,50.6879550389026,1.54399056505981
"1223",2022-03-14 00:01:50,1,373,100,50.1908370028033,1.63726276393056
"1224",2022-03-14 00:01:55,1,373,100,51.2538972643326,1.87904545572584
"1225",2022-03-14 00:02:00,1,373,100,52.0044803462116,1.52131381450405
"1226",2022-03-14 00:02:05,1,373,100,51.8301320899617,1.75118878003082
"1227",2022-03-14 00:02:10,1,373,100,50.6640362615916,1.94713282212251
"1228",2022-03-14 00:02:15,1,373,100,49.866609724366,1.52799168104639
"1229",2022-03-14 00:02:20,1,373,100,49.4805115997024,2.17855325503541
"1230",2022-03-14 00:02:25,1,373,100,50.284138080384,1.14926240985449
"1231",2022-03-14 00:02:30,1,373,100,51.3214724396655,2.01182386925763
"1232",2022-03-14 00:02:35,1,373,100,51.5253062232401,1.95218516236864
"1233",2022-03-14 00:02:40,1,373,100,50.8723394731236,1.19452347741617
"1234",2022-03-14 00:02:45,1,373,100,51.8258999859609,1.36652960024768
"1235",2022-03-14 00:02:50,1,373,100,50.3431916120267,1.66217823670774
"1236",2022-03-14 00:02:55,1,373,100,50.9681698199332,1.64573686463178
"1237",2022-03-14 00:03:00,1,373,100,51.528992665197,1.65982047035126
"1238",2022-03-14 00:03:05,1,373,100,51.7608396704368,1.65416489212938
"1239",2022-03-14 00:03:10,1,373,100,51.5757449027524,1.4620378031173
"1240",2022-03-14 00:03:15,1,373,100,51.6189161580169,1.9209809607084
"1241",2022-03-14 00:03:20,1,373,100,49.7328264670112,1.44345965175595
"1242",2022-03-14 00:03:25,1,373,100,51.1033634943903,2.09601441724258
"1243",2022-03-14 00:03:30,1,373,100,52.3719517039533,1.66534062918295
"1244",2022-03-14 00:03:35,1,373,100,50.8394236543947,1.91858496149673
"1245",2022-03-14 00:03:40,1,373,100,50.290969920356,1.72379061556879
"1246",2022-03-14 00:03:45,1,373,100,51.1226366249654,1.79181235547139
"1247",2022-03-14 00:03:50,1,373,100,51.1393653635895,2.00269874255465
"1248",2022-03-14 00:03:55,1,373,100,51.2098330865232,1.71368473518102
"1249",2022-03-14 00:04:00,1,373,100,50.9862690680372,1.7567680163813
"1250",2022-03-14 00:04:05,1,373,100,51.5265648162774,1.70777626079208
"1251",2022-03-14 00:04:10,1,373,100,50.8590041129247,1.47220222500162
"1252",2022-03-14 00:04:15,1,373,100,50.1181313017534,1.57678118561072
"1253",2022-03-14 00:04:20,1,373,100,50.7764940116648,1.46947702641908
"1254",2022-03-14 00:04:25,1,373,100,50.8858404607156,1.77302027314031
"1255",2022-03-14 00:04:30,1,373,100,51.3664665857886,1.56933259702554
"1256",2022-03-14 00:04:35,1,373,100,51.1649685509086,1.74491974835221
"1257",2022-03-14 00:04:40,1,373,100,50.7704174493096,1.4709468318711
"1258",2022-03-14 00:04:45,1,373,100,52.2588385028139,1.84545927283729
"1259",2022-03-14 00:04:50,1,373,100,51.8651139100039,1.57989867371951
"1260",2022-03-14 00:04:55,1,373,100,51.7869324786147,1.95359226045803
"1261",2022-03-14 00:05:00,1,373,100,51.2332574276571,1.77474683858775
"1262",2022-03-14 00:05:05,1,373,100,51.3549649282331,1.72939019009627
"1263",2022-03-14 00:05:10,1,373,100,51.5342956466957,1.39256013964063
"1264",2022-03-14 00:05:15,1,373,100,50.8008306738344,2.02942237045628
"1265",2022-03-14 00:05:20,1,373,100,51.9762972707514,2.0461742822326
"1266",2022-03-14 00:05:25,1,373,100,52.2032573752283,1.64790633193291
"1267",2022-03-14 00:05:30,1,373,100,50.7417931838779,1.90331981194861
"1268",2022-03-14 00:05:35,1,373,100,51.4228360788365,1.73770270785003
"1269",2022-03-14 00:05:40,1,373,100,52.5158508974852,1.61128257909114
"1270",2022-03-14 00:05:45,1,373,100,51.1663595343289,2.12516000168419
"1271",2022-03-14 00:05:50,1,373,100,50.9549605699717,1.86008834406873
"1272",2022-03-14 00:05:55,1,373,100,51.4916599391836,1.7661549034418
"1273",2022-03-14 00:06:00,1,373,100,49.9361866133085,1.62860924034322
"1274",2022-03-14 00:06:05,1,373,100,51.8300123610831,2.27261319511968
"1275",2022-03-14 00:06:10,1,373,100,52.3294675873757,1.54563425944873
"1276",2022-03-14 00:06:15,1,373,100,49.3566524762066,1.41934213570545
"1277",2022-03-14 00:06:20,1,373,100,50.8929215970795,1.75548404182384
"1278",2022-03-14 00:06:25,1,373,100,52.1944141271032,1.84162848365275
"1279",2022-03-14 00:06:30,1,373,100,49.9819806733787,1.59776831827115
"1280",2022-03-14 00:06:35,1,373,100,50.6666578695801,1.69692407974017
"1281",2022-03-14 00:06:40,1,373,100,50.108369468861,1.84341326225157
"1282",2022-03-14 00:06:45,1,373,100,49.7287137426191,1.74722334465466
"1283",2022-03-14 00:06:50,1,373,100,51.6069535389925,2.17950918903683
"1284",2022-03-14 00:06:55,1,373,100,51.9306146185971,1.18630634356718
"1285",2022-03-14 00:07:00,1,373,100,50.8334588132722,1.45648948155189
"1286",2022-03-14 00:07:05,1,373,100,53.1857235428335,1.66969851474022
"1287",2022-03-14 00:07:10,1,373,100,51.494954038672,1.28141111996312
"1288",2022-03-14 00:07:15,1,373,100,50.8613586538198,1.72713063481037
"1289",2022-03-14 00:07:20,1,373,100,50.8110443071656,1.72758176737734
"1290",2022-03-14 00:07:25,1,373,100,51.2204261303344,1.81165657979832
"1291",2022-03-14 00:07:30,1,373,100,48.9996398301311,1.88334814573021
"1292",2022-03-14 00:07:35,1,373,100,51.6735924554605,1.43012067405593
"1293",2022-03-14 00:07:40,1,373,100,51.1749751139031,1.71632538244912
"1294",2022-03-14 00:07:45,1,373,100,51.6668261101496,1.76319886104803
"1295",2022-03-14 00:07:50,1,373,100,50.7933649454066,1.88728309906618
"1296",2022-03-14 00:07:55,1,373,100,51.0159325806757,1.96495588328167
"1297",2022-03-14 00:08:00,1,373,100,51.2500134725993,1.86275959015806
"1298",2022-03-14 00:08:05,1,373,100,51.2266225378822,1.95575838497971
"1299",2022-03-14 00:08:10,1,373,100,51.8039696332803,1.80587683443001
"1300",2022-03-14 00:08:15,1,373,100,50.6530093155078,1.45227515791006
"1301",2022-03-14 00:08:20,1,373,100,51.3936994419352,1.73208488635136
"1302",2022-03-14 00:08:25,1,373,100,51.8179746727276,1.95986746108846
"1303",2022-03-14 00:08:30,1,373,100,51.5740104799023,2.06701202640362
"1304",2022-03-14 00:08:35,1,373,100,50.8103725395741,2.00478517457655
"1305",2022-03-14 00:08:40,1,373,100,51.7385047452284,1.65287105550896
"1306",2022-03-14 00:08:45,1,373,100,51.2090404295854,1.7489260654637
"1307",2022-03-14 00:08:50,1,373,100,50.9996770458838,1.91796912579873
"1308",2022-03-14 00:08:55,1,373,100,50.824184281588,1.88365230251829
"1309",2022-03-14 00:09:00,1,373,100,51.575446741816,1.30039853857363
"1310",2022-03-14 00:09:05,1,373,100,50.4631027982874,1.60510555657491
"1311",2022-03-14 00:09:10,1,373,100,50.8151981144395,1.59072455059799
"1312",2022-03-14 00:09:15,1,373,100,52.5454344902753,2.01505533063692
"1313",2022-03-14 00:09:20,1,373,100,50.8241766496153,1.68918065644649
"1314",2022-03-14 00:09:25,1,373,100,50.8230472438912,2.04572215643301
"1315",2022-03-14 00:09:30,1,373,100,50.8841066907524,1.91695094512003
"1316",2022-03-14 00:09:35,1,373,100,50.3997763580581,2.00278332163314
"1317",2022-03-14 00:09:40,1,373,100,51.4616679486662,2.10366874304358
"1318",2022-03-14 00:09:45,1,373,100,51.1562444063664,1.9352120648252
"1319",2022-03-14 00:09:50,1,373,100,52.22982423088,1.64675647204953
"1320",2022-03-14 00:09:55,1,373,100,50.9163528096039,2.15486944416925
"1321",2022-03-14 00:10:00,1,373,100,51.4230749347802,1.95745202275002
"1322",2022-03-14 00:10:05,1,373,100,52.3126923066026,2.00005236326296
"1323",2022-03-14 00:10:10,1,373,100,51.2674573556065,1.59264800129648
"1324",2022-03-14 00:10:15,1,373,100,51.4179680306322,1.73278735604985
"1325",2022-03-14 00:10:20,1,373,100,51.1637068651598,1.30859709372946
"1326",2022-03-14 00:10:25,1,373,100,50.0621488584556,2.16745432378838
"1327",2022-03-14 00:10:30,1,373,100,50.1412540317547,1.90556419619524
"1328",2022-03-14 00:10:35,1,373,100,51.8526135280975,1.65250035141541
"1329",2022-03-14 00:10:40,1,373,100,51.4749592439813,1.73193139592963
"1330",2022-03-14 00:10:45,1,373,100,49.2820952987146,2.13926461287855
"1331",2022-03-14 00:10:50,1,373,100,50.9995445406948,2.01360478759404
"1332",2022-03-14 00:10:55,1,373,100,51.2802763764373,1.20175097038055
"1333",2022-03-14 00:11:00,1,373,100,51.9503777284471,1.45701494887679
"1334",2022-03-14 00:11:05,1,373,100,51.2959984372625,1.41411052583172
"1335",2022-03-14 00:11:10,1,373,100,50.3125536198776,1.90355956199259
"1336",2022-03-14 00:11:15,1,373,100,51.0031261426828,1.78715358067853
"1337",2022-03-14 00:11:20,1,373,100,51.9317931813142,1.69326034537817
"1338",2022-03-14 00:11:25,1,373,100,51.0704081396741,1.82225975791459
"1339",2022-03-14 00:11:30,1,373,100,51.9933979559682,1.59572546634913
"1340",2022-03-14 00:11:35,1,373,100,50.6414390741697,1.90913469925464
"1341",2022-03-14 00:11:40,1,373,100,51.0562554267841,1.77791545870032
"1342",2022-03-14 00:11:45,1,373,100,51.0384207282562,1.80196397554056
"1343",2022-03-14 00:11:50,1,373,100,50.9787772460492,1.77810792874545
"1344",2022-03-14 00:11:55,1,373,100,50.7904567276573,1.53023377772777
"1345",2022-03-14 00:12:00,1,373,100,52.5264422305192,1.44002883856558
"1346",2022-03-14 00:12:05,1,373,100,51.5112612582637,1.53802576167771
"1347",2022-03-14 00:12:10,1,373,100,50.449961606089,1.95137633834789
"1348",2022-03-14 00:12:15,1,373,100,49.7268043420039,1.89839623338153
"1349",2022-03-14 00:12:20,1,373,100,50.6729929229858,1.75272216627366
"1350",2022-03-14 00:12:25,1,373,100,51.7892443908503,1.54669798149258
"1351",2022-03-14 00:12:30,1,373,100,52.8973285636631,2.10575467855251
"1352",2022-03-14 00:12:35,1,373,100,51.1736077083198,1.50399915547582
"1353",2022-03-14 00:12:40,1,373,100,49.9825014688871,1.52065409914767
"1354",2022-03-14 00:12:45,1,373,100,51.7375846834618,1.31749183991448
"1355",2022-03-14 00:12:50,1,373,100,51.2533368287653,1.66274513349071
"1356",2022-03-14 00:12:55,1,373,100,51.9500216085607,1.51064134469543
"1357",2022-03-14 00:13:00,1,373,100,51.5829533298552,1.9950189039312
"1358",2022-03-14 00:13:05,1,373,100,50.7516888376446,1.59737766181061
"1359",2022-03-14 00:13:10,1,373,100,49.5840146763114,2.01866406876572
"1360",2022-03-14 00:13:15,1,373,100,52.0269864919231,1.70331224475331
"1361",2022-03-14 00:13:20,1,373,100,49.9405299551048,1.95379060737027
"1362",2022-03-14 00:13:25,1,373,100,51.0745727386871,1.65877419713605
"1363",2022-03-14 00:13:30,1,373,100,53.409202844538,1.72503470237732
"1364",2022-03-14 00:13:35,1,373,100,52.2285306739047,1.80022093240278
"1365",2022-03-14 00:13:40,1,373,100,52.2490603129629,1.55529665852657
"1366",2022-03-14 00:13:45,1,373,100,50.806857233223,1.59342324746012
"1367",2022-03-14 00:13:50,1,373,100,51.3912803990104,1.4188962019122
"1368",2022-03-14 00:13:55,1,373,100,49.7458082281654,1.78149214577382
"1369",2022-03-14 00:14:00,1,373,100,51.7161581582038,1.23060713351492
"1370",2022-03-14 00:14:05,1,373,100,50.1901529004729,1.41308656491598
"1371",2022-03-14 00:14:10,1,373,100,50.2242044354776,2.0300179907819
"1372",2022-03-14 00:14:15,1,373,100,51.4958058370404,2.15975342339758
"1373",2022-03-14 00:14:20,1,373,100,50.7977306493921,1.8634980757674
"1374",2022-03-14 00:14:25,1,373,100,50.8451339371784,1.72875555712466
"1375",2022-03-14 00:14:30,1,373,100,51.5230324940357,1.58297533792384
"1376",2022-03-14 00:14:35,1,373,100,51.1545165791889,2.01119989592929
"1377",2022-03-14 00:14:40,1,373,100,49.3678929509294,1.75760983188706
"1378",2022-03-14 00:14:45,1,373,100,52.3922625529479,1.25235278989447
"1379",2022-03-14 00:14:50,1,373,100,50.2980974312407,1.62403249446135
"1380",2022-03-14 00:14:55,1,373,100,51.8404686005724,1.56025391656042
"1381",2022-03-14 00:15:00,1,373,100,50.8011782888043,1.57508361061527
"1382",2022-03-14 00:15:05,1,373,100,50.6583447235069,1.69055618565687
"1383",2022-03-14 00:15:10,1,373,100,50.0183366606815,2.0449455682241
"1384",2022-03-14 00:15:15,1,373,100,52.0638517320449,1.7015516996189
"1385",2022-03-14 00:15:20,1,373,100,52.0851207151791,1.90724949434718
"1386",2022-03-14 00:15:25,1,373,100,51.6362742903789,1.86082150445507
"1387",2022-03-14 00:15:30,1,373,100,51.8280202159795,1.84705135482265
"1388",2022-03-14 00:15:35,1,373,100,50.4379625185282,1.61551748282953
"1389",2022-03-14 00:15:40,1,373,100,50.4950236222942,1.66316122810722
"1390",2022-03-14 00:15:45,1,373,100,50.8398254917695,1.74260643577837
"1391",2022-03-14 00:15:50,1,373,100,50.9432551847202,2.0965691313388
"1392",2022-03-14 00:15:55,1,373,100,52.0431367159097,1.57287978984813
"1393",2022-03-14 00:16:00,1,373,100,50.9515795153339,1.67073595165906
"1394",2022-03-14 00:16:05,1,373,100,50.6403302643542,1.75723509308074
"1395",2022-03-14 00:16:10,1,373,100,51.5963670770445,1.99764256281241
"1396",2022-03-14 00:16:15,1,373,100,52.0081375774165,1.70009994367035
"1397",2022-03-14 00:16:20,1,373,100,52.4076030137223,1.98352672081706
"1398",2022-03-14 00:16:25,1,373,100,51.9721830706071,1.52150493914007
"1399",2022-03-14 00:16:30,1,373,100,50.8611699617737,1.67929225750912
"1400",2022-03-14 00:16:35,1,373,100,50.8036469312621,1.8727409171171
"1401",2022-03-15 00:00:00,1,373,200,50.0617810656198,1.55276795937837
"1402",2022-03-15 00:00:05,1,373,200,50.7907188647594,1.72995957181558
"1403",2022-03-15 00:00:10,1,373,200,50.9914953809869,1.96311425519015
"1404",2022-03-15 00:00:15,1,373,200,51.2622765262237,1.93457700450707
"1405",2022-03-15 00:00:20,1,373,200,50.9297385395147,1.86730657636321
"1406",2022-03-15 00:00:25,1,373,200,52.0659875558959,1.87787636903314
"1407",2022-03-15 00:00:30,1,373,200,50.8637873825114,2.1860748662029
"1408",2022-03-15 00:00:35,1,373,200,52.2624930339726,2.0056265830524
"1409",2022-03-15 00:00:40,1,373,200,52.6878703625226,1.66915300234199
"1410",2022-03-15 00:00:45,1,373,200,50.6492074728162,1.67601131020726
"1411",2022-03-15 00:00:50,1,373,200,51.2325119452644,1.89805833305593
"1412",2022-03-15 00:00:55,1,373,200,49.6309622578138,2.13457117529484
"1413",2022-03-15 00:01:00,1,373,200,51.9628128953667,1.59932716118512
"1414",2022-03-15 00:01:05,1,373,200,50.97399730478,1.52376722542351
"1415",2022-03-15 00:01:10,1,373,200,51.1316398649404,2.11942892366537
"1416",2022-03-15 00:01:15,1,373,200,50.4172358296597,1.55409149368224
"1417",2022-03-15 00:01:20,1,373,200,50.730339180854,2.1226484534326
"1418",2022-03-15 00:01:25,1,373,200,50.7278143700196,1.82085133134086
"1419",2022-03-15 00:01:30,1,373,200,51.7430829936165,1.74868484667698
"1420",2022-03-15 00:01:35,1,373,200,50.3753266791409,1.87479703440848
"1421",2022-03-15 00:01:40,1,373,200,52.1089912927908,1.68807846447797
"1422",2022-03-15 00:01:45,1,373,200,52.2526772865605,1.49175676967556
"1423",2022-03-15 00:01:50,1,373,200,50.4235347339374,2.08329508176982
"1424",2022-03-15 00:01:55,1,373,200,50.5655147981976,1.78781094500286
"1425",2022-03-15 00:02:00,1,373,200,49.8412490941364,1.76618290251069
"1426",2022-03-15 00:02:05,1,373,200,51.9610097662247,1.81164935840031
"1427",2022-03-15 00:02:10,1,373,200,51.5020723902616,1.554385031743
"1428",2022-03-15 00:02:15,1,373,200,50.5162563843453,2.11432020342782
"1429",2022-03-15 00:02:20,1,373,200,50.59681466485,1.4764622405011
"1430",2022-03-15 00:02:25,1,373,200,50.7283761995407,1.69450467169341
"1431",2022-03-15 00:02:30,1,373,200,51.9412877635082,2.03473479888464
"1432",2022-03-15 00:02:35,1,373,200,51.9376881385764,1.71775264554667
"1433",2022-03-15 00:02:40,1,373,200,49.9493361232337,1.64668644599164
"1434",2022-03-15 00:02:45,1,373,200,50.6401194289897,2.10208706622662
"1435",2022-03-15 00:02:50,1,373,200,51.119771086248,1.85566436442812
"1436",2022-03-15 00:02:55,1,373,200,50.8114683726003,1.7908472410281
"1437",2022-03-15 00:03:00,1,373,200,51.326832888994,1.51618021316816
"1438",2022-03-15 00:03:05,1,373,200,51.1959408695309,1.90901932647988
"1439",2022-03-15 00:03:10,1,373,200,50.886673284701,1.95728545808693
"1440",2022-03-15 00:03:15,1,373,200,51.5417173105792,1.93045090894261
"1441",2022-03-15 00:03:20,1,373,200,50.8383102857016,1.87841416070367
"1442",2022-03-15 00:03:25,1,373,200,50.2127575058706,1.18804648191391
"1443",2022-03-15 00:03:30,1,373,200,51.9898130319429,1.79340332808417
"1444",2022-03-15 00:03:35,1,373,200,51.7666816634051,2.0518029210301
"1445",2022-03-15 00:03:40,1,373,200,51.3714291201833,1.44860635985856
"1446",2022-03-15 00:03:45,1,373,200,50.643841542873,1.99067554057526
"1447",2022-03-15 00:03:50,1,373,200,50.959048260212,1.77458624416288
"1448",2022-03-15 00:03:55,1,373,200,50.4910668969537,1.94318306881929
"1449",2022-03-15 00:04:00,1,373,200,51.6961384611795,1.67918817569835
"1450",2022-03-15 00:04:05,1,373,200,51.9664796397725,1.66673422509733
"1451",2022-03-15 00:04:10,1,373,200,51.4968465948046,1.58444747171648
"1452",2022-03-15 00:04:15,1,373,200,50.0202554053525,1.25234511303486
"1453",2022-03-15 00:04:20,1,373,200,52.4928752993645,1.61037978003951
"1454",2022-03-15 00:04:25,1,373,200,51.254324014569,2.28363097612015
"1455",2022-03-15 00:04:30,1,373,200,51.4466381242285,1.78916180671095
"1456",2022-03-15 00:04:35,1,373,200,52.9070699721799,1.79979221108258
"1457",2022-03-15 00:04:40,1,373,200,52.1676195507876,1.20091469172644
"1458",2022-03-15 00:04:45,1,373,200,49.7138255687169,1.43757906773718
"1459",2022-03-15 00:04:50,1,373,200,52.6841178458603,1.26531733772454
"1460",2022-03-15 00:04:55,1,373,200,51.1832036358132,1.50811028812462
"1461",2022-03-15 00:05:00,1,373,200,51.8333341424236,1.69444531460923
"1462",2022-03-15 00:05:05,1,373,200,52.020510483992,1.5045880617305
"1463",2022-03-15 00:05:10,1,373,200,52.1933145661884,1.71980102251806
"1464",2022-03-15 00:05:15,1,373,200,50.6261627104658,2.03496255068922
"1465",2022-03-15 00:05:20,1,373,200,50.8339512698433,2.04540354111101
"1466",2022-03-15 00:05:25,1,373,200,50.8634438734034,1.90346820734308
"1467",2022-03-15 00:05:30,1,373,200,52.6086230359486,1.78828020602028
"1468",2022-03-15 00:05:35,1,373,200,50.4458959709169,1.78514342062609
"1469",2022-03-15 00:05:40,1,373,200,50.3502531907485,2.15487028648012
"1470",2022-03-15 00:05:45,1,373,200,50.8961078126585,1.95774655941363
"1471",2022-03-15 00:05:50,1,373,200,51.2200335824256,1.7690610478814
"1472",2022-03-15 00:05:55,1,373,200,49.7570060480951,1.535704351764
"1473",2022-03-15 00:06:00,1,373,200,51.7165446073043,1.87524961863588
"1474",2022-03-15 00:06:05,1,373,200,50.2175454316609,2.09993223341343
"1475",2022-03-15 00:06:10,1,373,200,50.9409925894834,1.81518997604105
"1476",2022-03-15 00:06:15,1,373,200,52.1636396577518,1.86651461809557
"1477",2022-03-15 00:06:20,1,373,200,50.6500584743739,2.20468068476899
"1478",2022-03-15 00:06:25,1,373,200,51.427954227496,1.95013482451843
"1479",2022-03-15 00:06:30,1,373,200,52.4210348892683,1.74939921054409
"1480",2022-03-15 00:06:35,1,373,200,51.8487558498489,1.60078480888885
"1481",2022-03-15 00:06:40,1,373,200,49.3647910776587,2.05250820893637
"1482",2022-03-15 00:06:45,1,373,200,50.8962068709307,1.58480597050407
"1483",2022-03-15 00:06:50,1,373,200,51.583491279444,1.55562904926609
"1484",2022-03-15 00:06:55,1,373,200,51.1997336471277,1.77246240016495
"1485",2022-03-15 00:07:00,1,373,200,51.2812783648395,1.94816101852707
"1486",2022-03-15 00:07:05,1,373,200,51.1010702090894,1.86343788483499
"1487",2022-03-15 00:07:10,1,373,200,50.5465316398443,1.62620216768219
"1488",2022-03-15 00:07:15,1,373,200,50.8904864063697,1.86713923080203
"1489",2022-03-15 00:07:20,1,373,200,51.4060584066812,1.43129911295341
"1490",2022-03-15 00:07:25,1,373,200,51.5253906273301,1.15238196188361
"1491",2022-03-15 00:07:30,1,373,200,50.8924509240089,1.54645806626398
"1492",2022-03-15 00:07:35,1,373,200,52.4520549372379,1.50968933820685
"1493",2022-03-15 00:07:40,1,373,200,50.2444003024895,1.94843797143885
"1494",2022-03-15 00:07:45,1,373,200,50.8845241852742,1.70314179648472
"1495",2022-03-15 00:07:50,1,373,200,49.920840690551,2.0823552515576
"1496",2022-03-15 00:07:55,1,373,200,50.6339890522739,1.56854983700001
"1497",2022-03-15 00:08:00,1,373,200,50.2751274371546,2.2747480854941
"1498",2022-03-15 00:08:05,1,373,200,51.2513050977676,1.95361207368804
"1499",2022-03-15 00:08:10,1,373,200,51.2360726264413,1.72431600624225
"1500",2022-03-15 00:08:15,1,373,200,49.8573371491296,1.97119051491747
"1501",2022-03-15 00:08:20,1,373,200,50.8524984752962,1.81593357712753
"1502",2022-03-15 00:08:25,1,373,200,50.5602667314359,1.63363838446149
"1503",2022-03-15 00:08:30,1,373,200,51.360392854533,1.65147413914763
"1504",2022-03-15 00:08:35,1,373,200,51.2101808393659,1.64732029805205
"1505",2022-03-15 00:08:40,1,373,200,51.3452995044784,1.48141341312064
"1506",2022-03-15 00:08:45,1,373,200,50.8392477914103,2.07712669146096
"1507",2022-03-15 00:08:50,1,373,200,51.312066668044,1.99250097159005
"1508",2022-03-15 00:08:55,1,373,200,50.7277618443942,1.5991480335074
"1509",2022-03-15 00:09:00,1,373,200,52.6538780778503,1.65883790778459
"1510",2022-03-15 00:09:05,1,373,200,51.7084705280095,1.853867921149
"1511",2022-03-15 00:09:10,1,373,200,50.4519097904878,1.41934494104562
"1512",2022-03-15 00:09:15,1,373,200,50.7726222932235,1.49227601262852
"1513",2022-03-15 00:09:20,1,373,200,52.5985360928568,1.86426113380975
"1514",2022-03-15 00:09:25,1,373,200,51.3356115920369,1.46610949882951
"1515",2022-03-15 00:09:30,1,373,200,51.1565453976501,1.34847377449292
"1516",2022-03-15 00:09:35,1,373,200,51.7087630869081,1.18467128322127
"1517",2022-03-15 00:09:40,1,373,200,51.2556374014908,1.88999802025591
"1518",2022-03-15 00:09:45,1,373,200,52.1196606048312,1.9348095116682
"1519",2022-03-15 00:09:50,1,373,200,51.4838899445277,2.20166713595821
"1520",2022-03-15 00:09:55,1,373,200,50.590053565485,1.29009966771865
"1521",2022-03-15 00:10:00,1,373,200,51.1559997801722,2.08575134574196
"1522",2022-03-15 00:10:05,1,373,200,51.7683268971593,1.78254044490799
"1523",2022-03-15 00:10:10,1,373,200,50.8257800062744,1.24528781976552
"1524",2022-03-15 00:10:15,1,373,200,52.3693047109248,2.06549283065913
"1525",2022-03-15 00:10:20,1,373,200,52.7877554157206,1.81892786875528
"1526",2022-03-15 00:10:25,1,373,200,50.8857803705889,1.79579871739331
"1527",2022-03-15 00:10:30,1,373,200,49.7357122491615,1.94629363854501
"1528",2022-03-15 00:10:35,1,373,200,50.574610129108,1.88389960553047
"1529",2022-03-15 00:10:40,1,373,200,50.7048780378094,1.79955352161449
"1530",2022-03-15 00:10:45,1,373,200,50.5864502822699,1.4223707068035
"1531",2022-03-15 00:10:50,1,373,200,51.2930917455522,1.66431055141351
"1532",2022-03-15 00:10:55,1,373,200,50.109519754425,1.70613237435884
"1533",2022-03-15 00:11:00,1,373,200,50.7411857974327,2.08574567475502
"1534",2022-03-15 00:11:05,1,373,200,49.6194539794759,1.78978459367821
"1535",2022-03-15 00:11:10,1,373,200,50.5540337865632,1.53898209358943
"1536",2022-03-15 00:11:15,1,373,200,52.6941144019393,1.59712989741685
"1537",2022-03-15 00:11:20,1,373,200,51.7388949847358,1.87924771283856
"1538",2022-03-15 00:11:25,1,373,200,50.4076456743592,1.71541037566475
"1539",2022-03-15 00:11:30,1,373,200,51.1479278196338,1.44862595345348
"1540",2022-03-15 00:11:35,1,373,200,50.7763497078787,1.931043293388
"1541",2022-03-15 00:11:40,1,373,200,51.195578764354,2.12013439428033
"1542",2022-03-15 00:11:45,1,373,200,51.0451120943517,2.06428685293512
"1543",2022-03-15 00:11:50,1,373,200,51.475934513905,1.33759947279103
"1544",2022-03-15 00:11:55,1,373,200,50.8914111649015,1.98572370576998
"1545",2022-03-15 00:12:00,1,373,200,50.0366448944116,2.02662545019706
"1546",2022-03-15 00:12:05,1,373,200,50.7471637064692,1.7573843834733
"1547",2022-03-15 00:12:10,1,373,200,51.5489074608643,1.62844056041469
"1548",2022-03-15 00:12:15,1,373,200,51.756260971236,1.89755698082084
"1549",2022-03-15 00:12:20,1,373,200,51.9439983732809,1.55644230668691
"1550",2022-03-15 00:12:25,1,373,200,50.10594550244,2.06062057149758
"1551",2022-03-15 00:12:30,1,373,200,50.6162915802991,1.51592951513349
"1552",2022-03-15 00:12:35,1,373,200,51.1941120491381,1.84327291106246
"1553",2022-03-15 00:12:40,1,373,200,50.6135495527284,1.83088311720143
"1554",2022-03-15 00:12:45,1,373,200,50.3882257866928,1.80746454567004
"1555",2022-03-15 00:12:50,1,373,200,50.7609072142316,1.94142525401347
"1556",2022-03-15 00:12:55,1,373,200,50.2989351407914,1.69716523053558
"1557",2022-03-15 00:13:00,1,373,200,51.3021253568437,1.9269657450208
"1558",2022-03-15 00:13:05,1,373,200,51.1699774094011,1.90739443742494
"1559",2022-03-15 00:13:10,1,373,200,50.6693332027703,1.56420514573907
"1560",2022-03-15 00:13:15,1,373,200,52.0073043001662,1.27285027163366
"1561",2022-03-15 00:13:20,1,373,200,51.1454010733262,1.5633167279876
"1562",2022-03-15 00:13:25,1,373,200,50.7206840908011,1.55600569367067
"1563",2022-03-15 00:13:30,1,373,200,49.4370516232,1.85999065830724
"1564",2022-03-15 00:13:35,1,373,200,51.9258007703838,1.77261668002991
"1565",2022-03-15 00:13:40,1,373,200,50.9805111017703,2.24885794262518
"1566",2022-03-15 00:13:45,1,373,200,50.8391098294761,1.75457975267401
"1567",2022-03-15 00:13:50,1,373,200,49.7992001509149,2.21638741290226
"1568",2022-03-15 00:13:55,1,373,200,50.2382408822155,2.10910574783192
"1569",2022-03-15 00:14:00,1,373,200,51.4367897505535,2.11358678987565
"1570",2022-03-15 00:14:05,1,373,200,51.5376540345191,1.79497824159085
"1571",2022-03-15 00:14:10,1,373,200,52.4036569724325,2.08713784724838
"1572",2022-03-15 00:14:15,1,373,200,51.5307300132337,1.43821737621049
"1573",2022-03-15 00:14:20,1,373,200,50.8693011208897,1.30124518073067
"1574",2022-03-15 00:14:25,1,373,200,51.5000347146388,1.75334082314094
"1575",2022-03-15 00:14:30,1,373,200,51.2128564084299,1.94202740296455
"1576",2022-03-15 00:14:35,1,373,200,51.5305344816556,1.70700649859187
"1577",2022-03-15 00:14:40,1,373,200,50.6293443211475,1.83655052062886
"1578",2022-03-15 00:14:45,1,373,200,52.2580587339446,2.05253675543729
"1579",2022-03-15 00:14:50,1,373,200,51.148703801812,2.12906446293452
"1580",2022-03-15 00:14:55,1,373,200,50.3069045394421,1.82254832062747
"1581",2022-03-15 00:15:00,1,373,200,50.7188225674867,1.64310138451966
"1582",2022-03-15 00:15:05,1,373,200,50.2570228666286,1.58970000925234
"1583",2022-03-15 00:15:10,1,373,200,50.9049160970571,1.59194634063959
"1584",2022-03-15 00:15:15,1,373,200,51.338442744935,1.65691654368174
"1585",2022-03-15 00:15:20,1,373,200,50.0486734946821,1.96788590647559
"1586",2022-03-15 00:15:25,1,373,200,50.6283456106532,1.62984596716676
"1587",2022-03-15 00:15:30,1,373,200,50.445604369975,1.7844501153729
"1588",2022-03-15 00:15:35,1,373,200,52.1155819272864,1.81408012152202
"1589",2022-03-15 00:15:40,1,373,200,50.8985396864214,1.62077742474469
"1590",2022-03-15 00:15:45,1,373,200,50.9229766228234,2.01241786393739
"1591",2022-03-15 00:15:50,1,373,200,50.9343320713738,1.88908856155938
"1592",2022-03-15 00:15:55,1,373,200,52.1005525735611,1.8174729482589
"1593",2022-03-15 00:16:00,1,373,200,50.1014420349469,2.14017250307873
"1594",2022-03-15 00:16:05,1,373,200,51.681331776489,1.73371459010455
"1595",2022-03-15 00:16:10,1,373,200,50.4143185740061,1.46384156153093
"1596",2022-03-15 00:16:15,1,373,200,51.9165640194826,1.24842181078208
"1597",2022-03-15 00:16:20,1,373,200,52.0673845583426,1.16415243905959
"1598",2022-03-15 00:16:25,1,373,200,52.1707123887777,1.51866927878033
"1599",2022-03-15 00:16:30,1,373,200,50.0939711747822,1.55199232885399
"1600",2022-03-15 00:16:35,1,373,200,51.0616981501293,2.14062095003246
"1601",2022-03-16 00:00:00,1,373,300,51.1430478599269,2.01643930483581
"1602",2022-03-16 00:00:05,1,373,300,50.287060038289,1.96882347549031
"1603",2022-03-16 00:00:10,1,373,300,50.1927979637977,1.86528829352772
"1604",2022-03-16 00:00:15,1,373,300,49.9913217840418,1.75461163613627
"1605",2022-03-16 00:00:20,1,373,300,51.9905294691695,1.44297105629253
"1606",2022-03-16 00:00:25,1,373,300,52.8112202358906,1.57790581149432
"1607",2022-03-16 00:00:30,1,373,300,50.5201309554584,1.80070938058825
"1608",2022-03-16 00:00:35,1,373,300,52.576329525391,1.75657429058156
"1609",2022-03-16 00:00:40,1,373,300,51.90501231219,1.62247183113376
"1610",2022-03-16 00:00:45,1,373,300,50.2344978052494,2.26322367410413
"1611",2022-03-16 00:00:50,1,373,300,51.2155699431228,1.62428793767827
"1612",2022-03-16 00:00:55,1,373,300,50.6567383723735,1.87168533535514
"1613",2022-03-16 00:01:00,1,373,300,51.6368016088632,1.27906169597839
"1614",2022-03-16 00:01:05,1,373,300,51.4356566640722,2.23165335506715
"1615",2022-03-16 00:01:10,1,373,300,51.7733650946761,1.56968237874939
"1616",2022-03-16 00:01:15,1,373,300,50.4137190494951,1.84323524719872
"1617",2022-03-16 00:01:20,1,373,300,51.3819667509316,2.13892645340448
"1618",2022-03-16 00:01:25,1,373,300,52.0925771581066,1.51720401371495
"1619",2022-03-16 00:01:30,1,373,300,50.3087667814133,1.64439343543361
"1620",2022-03-16 00:01:35,1,373,300,51.0826075752836,1.6695980530173
"1621",2022-03-16 00:01:40,1,373,300,50.5231891483591,1.95292558242264
"1622",2022-03-16 00:01:45,1,373,300,52.0263861185218,2.08487846914852
"1623",2022-03-16 00:01:50,1,373,300,51.3653991358603,2.17932240797881
"1624",2022-03-16 00:01:55,1,373,300,50.9442191019072,1.70832622289279
"1625",2022-03-16 00:02:00,1,373,300,50.3467484473351,1.85209979876298
"1626",2022-03-16 00:02:05,1,373,300,51.6307951799951,1.95156728067798
"1627",2022-03-16 00:02:10,1,373,300,51.689017028285,1.56624818745875
"1628",2022-03-16 00:02:15,1,373,300,51.1793376783025,1.70298558100045
"1629",2022-03-16 00:02:20,1,373,300,50.0053041196636,1.67795346084373
"1630",2022-03-16 00:02:25,1,373,300,52.4951397398436,1.82606892202347
"1631",2022-03-16 00:02:30,1,373,300,50.606419091866,1.39941203425968
"1632",2022-03-16 00:02:35,1,373,300,50.3780552765122,2.12415845597268
"1633",2022-03-16 00:02:40,1,373,300,51.1127389657317,1.75672066763533
"1634",2022-03-16 00:02:45,1,373,300,50.8670919573874,1.78455703854591
"1635",2022-03-16 00:02:50,1,373,300,50.6640747325412,1.44473759429807
"1636",2022-03-16 00:02:55,1,373,300,50.7119424175476,1.91547913129671
"1637",2022-03-16 00:03:00,1,373,300,49.638933787447,1.65220238512558
"1638",2022-03-16 00:03:05,1,373,300,51.3793175316959,2.08968929531328
"1639",2022-03-16 00:03:10,1,373,300,51.705962138625,1.82255516393043
"1640",2022-03-16 00:03:15,1,373,300,52.4241728590279,1.92603346122791
"1641",2022-03-16 00:03:20,1,373,300,50.3869148542272,1.68017273858178
"1642",2022-03-16 00:03:25,1,373,300,51.3557068099476,1.66576749105998
"1643",2022-03-16 00:03:30,1,373,300,50.1333830144036,1.78109445780196
"1644",2022-03-16 00:03:35,1,373,300,51.2015395699707,1.96444292749705
"1645",2022-03-16 00:03:40,1,373,300,51.0273437245658,2.07500565703361
"1646",2022-03-16 00:03:45,1,373,300,51.1851820493218,1.58387363399948
"1647",2022-03-16 00:03:50,1,373,300,51.796006224065,1.56272733973459
"1648",2022-03-16 00:03:55,1,373,300,50.4471471622958,1.59876060256462
"1649",2022-03-16 00:04:00,1,373,300,50.2029255089555,1.91324593178392
"1650",2022-03-16 00:04:05,1,373,300,51.1311474920379,2.01209610621946
"1651",2022-03-16 00:04:10,1,373,300,50.8443584896656,1.53762155676999
"1652",2022-03-16 00:04:15,1,373,300,50.7428911178292,1.92304549918651
"1653",2022-03-16 00:04:20,1,373,300,51.8644161922063,1.74651341317287
"1654",2022-03-16 00:04:25,1,373,300,52.5473787554189,1.18852367625804
"1655",2022-03-16 00:04:30,1,373,300,50.8001792649527,1.75065646070642
"1656",2022-03-16 00:04:35,1,373,300,49.815034054104,1.9745333749019
"1657",2022-03-16 00:04:40,1,373,300,50.7635925820219,1.39056435098637
"1658",2022-03-16 00:04:45,1,373,300,50.2972967150325,2.103973027706
"1659",2022-03-16 00:04:50,1,373,300,49.8399071781115,1.75000496393873
"1660",2022-03-16 00:04:55,1,373,300,49.8354331393873,1.83387020806742
"1661",2022-03-16 00:05:00,1,373,300,50.352289040062,1.34032620407913
"1662",2022-03-16 00:05:05,1,373,300,50.9139564666355,1.45278698598807
"1663",2022-03-16 00:05:10,1,373,300,50.3914972106971,1.93309525894046
"1664",2022-03-16 00:05:15,1,373,300,52.2076801594707,1.8060890551158
"1665",2022-03-16 00:05:20,1,373,300,50.0485571102935,1.37263026996725
"1666",2022-03-16 00:05:25,1,373,300,49.4867617757601,1.53978207152496
"1667",2022-03-16 00:05:30,1,373,300,52.1458991080089,1.50437004219108
"1668",2022-03-16 00:05:35,1,373,300,50.1390428678823,1.56962769536211
"1669",2022-03-16 00:05:40,1,373,300,51.5680455136766,2.24206483675
"1670",2022-03-16 00:05:45,1,373,300,51.8156758219083,2.01960846500637
"1671",2022-03-16 00:05:50,1,373,300,51.6078784744213,1.84726505224114
"1672",2022-03-16 00:05:55,1,373,300,50.5294775468926,1.84996330834977
"1673",2022-03-16 00:06:00,1,373,300,50.5022325650225,1.62958935354434
"1674",2022-03-16 00:06:05,1,373,300,51.8600043526769,1.7172024489095
"1675",2022-03-16 00:06:10,1,373,300,50.5553802450426,1.58657250815875
"1676",2022-03-16 00:06:15,1,373,300,50.6335682591424,1.95947961329027
"1677",2022-03-16 00:06:20,1,373,300,51.8485663584859,1.94726531279584
"1678",2022-03-16 00:06:25,1,373,300,51.8540746498111,1.62278719913377
"1679",2022-03-16 00:06:30,1,373,300,52.2263245838441,1.88343287636636
"1680",2022-03-16 00:06:35,1,373,300,51.0098814302265,1.93079725619416
"1681",2022-03-16 00:06:40,1,373,300,51.5579748840804,1.95781242531059
"1682",2022-03-16 00:06:45,1,373,300,49.1275806877588,1.907156631839
"1683",2022-03-16 00:06:50,1,373,300,51.2978320666002,2.03150215927177
"1684",2022-03-16 00:06:55,1,373,300,51.1824032323304,1.83963360602551
"1685",2022-03-16 00:07:00,1,373,300,51.4704407413998,1.40611215704167
"1686",2022-03-16 00:07:05,1,373,300,52.1954177261283,1.9086996622584
"1687",2022-03-16 00:07:10,1,373,300,50.4235338534129,1.82271621103586
"1688",2022-03-16 00:07:15,1,373,300,50.8931294613104,1.48368511357668
"1689",2022-03-16 00:07:20,1,373,300,50.5257662126283,1.87598847663954
"1690",2022-03-16 00:07:25,1,373,300,50.3062846849952,2.08440101708404
"1691",2022-03-16 00:07:30,1,373,300,51.469991961004,1.76070976783647
"1692",2022-03-16 00:07:35,1,373,300,49.8721720624937,1.5170294542154
"1693",2022-03-16 00:07:40,1,373,300,49.6189309867552,1.94253443393743
"1694",2022-03-16 00:07:45,1,373,300,50.4336171663971,1.60875016291528
"1695",2022-03-16 00:07:50,1,373,300,50.9968720968138,1.36902273586915
"1696",2022-03-16 00:07:55,1,373,300,51.0115913564832,1.8557262652052
"1697",2022-03-16 00:08:00,1,373,300,51.134463353565,1.60035327543038
"1698",2022-03-16 00:08:05,1,373,300,49.8709847516219,1.92284426093291
"1699",2022-03-16 00:08:10,1,373,300,51.2271152569385,1.69251552018929
"1700",2022-03-16 00:08:15,1,373,300,49.9888533543447,1.68451731897917
"1701",2022-03-16 00:08:20,1,373,300,52.0939713026886,1.78886004967117
"1702",2022-03-16 00:08:25,1,373,300,51.1615176331871,1.47253352751331
"1703",2022-03-16 00:08:30,1,373,300,51.2132422719136,1.07306414926402
"1704",2022-03-16 00:08:35,1,373,300,50.4693740807711,2.18587175802847
"1705",2022-03-16 00:08:40,1,373,300,50.3446746657264,1.71797069501152
"1706",2022-03-16 00:08:45,1,373,300,51.478476228964,1.80766290985009
"1707",2022-03-16 00:08:50,1,373,300,51.8938869553798,1.80939434750832
"1708",2022-03-16 00:08:55,1,373,300,49.8385924570044,1.43875373640369
"1709",2022-03-16 00:09:00,1,373,300,51.4890343423714,1.49791361315159
"1710",2022-03-16 00:09:05,1,373,300,50.2111287291046,1.97667873788817
"1711",2022-03-16 00:09:10,1,373,300,50.7825058220561,1.29811105137583
"1712",2022-03-16 00:09:15,1,373,300,51.8306925300321,1.68024332129725
"1713",2022-03-16 00:09:20,1,373,300,50.4492501339431,2.08650130043981
"1714",2022-03-16 00:09:25,1,373,300,50.6960089215835,2.27495296298386
"1715",2022-03-16 00:09:30,1,373,300,50.6352883008685,2.17252961515838
"1716",2022-03-16 00:09:35,1,373,300,50.1834881781773,1.51466485766358
"1717",2022-03-16 00:09:40,1,373,300,51.7056522556897,2.00087774668075
"1718",2022-03-16 00:09:45,1,373,300,50.8328425085508,1.62685543019047
"1719",2022-03-16 00:09:50,1,373,300,50.0952053402305,1.44666834924713
"1720",2022-03-16 00:09:55,1,373,300,50.6753602383097,1.89339269056781
"1721",2022-03-16 00:10:00,1,373,300,51.6574140595863,1.68228825862365
"1722",2022-03-16 00:10:05,1,373,300,50.4702531043827,1.68983454982058
"1723",2022-03-16 00:10:10,1,373,300,51.5468940111395,1.86295822871374
"1724",2022-03-16 00:10:15,1,373,300,50.4558324298436,1.98819204555523
"1725",2022-03-16 00:10:20,1,373,300,52.439069019496,1.79014075340261
"1726",2022-03-16 00:10:25,1,373,300,51.7130885696077,1.9002597643965
"1727",2022-03-16 00:10:30,1,373,300,50.3565626412116,2.03859319407944
"1728",2022-03-16 00:10:35,1,373,300,51.6013060380326,1.82317583659235
"1729",2022-03-16 00:10:40,1,373,300,51.961833745774,1.69678841751692
"1730",2022-03-16 00:10:45,1,373,300,50.6085630477267,1.73441986165277
"1731",2022-03-16 00:10:50,1,373,300,51.0024393398175,1.33102128786548
"1732",2022-03-16 00:10:55,1,373,300,50.6637681253062,1.65800231555194
"1733",2022-03-16 00:11:00,1,373,300,51.7730498328109,1.97097490358416
"1734",2022-03-16 00:11:05,1,373,300,50.4499618284122,1.70507284593741
"1735",2022-03-16 00:11:10,1,373,300,50.2926443300629,1.96290360619017
"1736",2022-03-16 00:11:15,1,373,300,52.3607941663627,1.99298875717708
"1737",2022-03-16 00:11:20,1,373,300,52.347678733758,2.14506611767586
"1738",2022-03-16 00:11:25,1,373,300,53.0763860227708,2.01126698925066
"1739",2022-03-16 00:11:30,1,373,300,50.7416244625727,1.6212342027888
"1740",2022-03-16 00:11:35,1,373,300,51.5400198487287,1.82456591222039
"1741",2022-03-16 00:11:40,1,373,300,51.6951534130457,1.83614818902823
"1742",2022-03-16 00:11:45,1,373,300,52.0211693263634,1.73906013420525
"1743",2022-03-16 00:11:50,1,373,300,50.6152470585882,1.70692747072823
"1744",2022-03-16 00:11:55,1,373,300,50.0573209177726,1.5941854049519
"1745",2022-03-16 00:12:00,1,373,300,52.534885526277,1.47815405542345
"1746",2022-03-16 00:12:05,1,373,300,52.8415873186776,1.86301534032105
"1747",2022-03-16 00:12:10,1,373,300,49.8133928487405,2.23019707872936
"1748",2022-03-16 00:12:15,1,373,300,51.0211398306398,1.65875145589439
"1749",2022-03-16 00:12:20,1,373,300,49.8288766075089,1.94034538147864
"1750",2022-03-16 00:12:25,1,373,300,51.7702731600749,1.90180704964232
"1751",2022-03-16 00:12:30,1,373,300,50.7944502098681,1.94561899128601
"1752",2022-03-16 00:12:35,1,373,300,51.8563890853239,2.19055669425356
"1753",2022-03-16 00:12:40,1,373,300,50.0350676674086,1.8392135028416
"1754",2022-03-16 00:12:45,1,373,300,50.5307132233086,1.92829628727045
"1755",2022-03-16 00:12:50,1,373,300,51.3791516243951,1.41714386098086
"1756",2022-03-16 00:12:55,1,373,300,51.6070553373154,1.4181415124221
"1757",2022-03-16 00:13:00,1,373,300,50.9434866771516,1.46924898398141
"1758",2022-03-16 00:13:05,1,373,300,50.5785539541589,1.65042019941937
"1759",2022-03-16 00:13:10,1,373,300,50.8488359531725,1.73672245248065
"1760",2022-03-16 00:13:15,1,373,300,50.9216947915421,1.94693630955878
"1761",2022-03-16 00:13:20,1,373,300,51.0425009372407,1.7677553039694
"1762",2022-03-16 00:13:25,1,373,300,50.6316726159987,1.74985832231718
"1763",2022-03-16 00:13:30,1,373,300,51.0697569448649,1.52208774617942
"1764",2022-03-16 00:13:35,1,373,300,51.2742354870446,1.93365342865329
"1765",2022-03-16 00:13:40,1,373,300,50.9073639189422,1.87040686197876
"1766",2022-03-16 00:13:45,1,373,300,50.9941255995467,2.1094313774994
"1767",2022-03-16 00:13:50,1,373,300,51.5579046050962,1.47968983213627
"1768",2022-03-16 00:13:55,1,373,300,51.1051576610412,1.76632637078768
"1769",2022-03-16 00:14:00,1,373,300,50.1249141354826,1.5040058079188
"1770",2022-03-16 00:14:05,1,373,300,51.5931768949649,1.29949878377075
"1771",2022-03-16 00:14:10,1,373,300,50.5110598876085,1.89000629824438
"1772",2022-03-16 00:14:15,1,373,300,51.9032945301238,1.58253111099234
"1773",2022-03-16 00:14:20,1,373,300,50.5768866345529,1.43219916385834
"1774",2022-03-16 00:14:25,1,373,300,51.7901101927865,1.66507909217012
"1775",2022-03-16 00:14:30,1,373,300,51.8109995222797,1.50259105906178
"1776",2022-03-16 00:14:35,1,373,300,50.7531300943031,1.93436827298862
"1777",2022-03-16 00:14:40,1,373,300,51.3466548924376,1.71068700413004
"1778",2022-03-16 00:14:45,1,373,300,51.6506496400266,2.16887650049785
"1779",2022-03-16 00:14:50,1,373,300,52.3910442069674,1.52509278390509
"1780",2022-03-16 00:14:55,1,373,300,51.885648092101,1.84184867022671
"1781",2022-03-16 00:15:00,1,373,300,50.459666176199,1.80158545425142
"1782",2022-03-16 00:15:05,1,373,300,51.7149927021138,1.9015761535265
"1783",2022-03-16 00:15:10,1,373,300,50.5217254681,1.91918632204973
"1784",2022-03-16 00:15:15,1,373,300,50.9609132140717,1.62706542575791
"1785",2022-03-16 00:15:20,1,373,300,50.7747982636179,1.57122394149452
"1786",2022-03-16 00:15:25,1,373,300,51.0889831154946,1.66756658130704
"1787",2022-03-16 00:15:30,1,373,300,51.3126192291304,1.63166095220974
"1788",2022-03-16 00:15:35,1,373,300,49.7001115076885,1.98092871093692
"1789",2022-03-16 00:15:40,1,373,300,51.680717760675,1.83081442605129
"1790",2022-03-16 00:15:45,1,373,300,50.6134209487316,1.86878509482104
"1791",2022-03-16 00:15:50,1,373,300,52.3004194991039,1.69693030229856
"1792",2022-03-16 00:15:55,1,373,300,51.7504106874517,1.47793173022506
"1793",2022-03-16 00:16:00,1,373,300,50.1174808410609,2.20088276789042
"1794",2022-03-16 00:16:05,1,373,300,51.573321612895,1.9439733227749
"1795",2022-03-16 00:16:10,1,373,300,52.3440641877197,2.27140888360103
"1796",2022-03-16 00:16:15,1,373,300,51.3725800374773,1.76427340630383
"1797",2022-03-16 00:16:20,1,373,300,50.0473035185357,1.70264169748649
"1798",2022-03-16 00:16:25,1,373,300,50.1467394234854,1.80843203507032
"1799",2022-03-16 00:16:30,1,373,300,51.2983568979672,1.38413697577852
"1800",2022-03-16 00:16:35,1,373,300,51.375645057064,2.15717354849276
"1801",2022-03-17 00:00:00,2,303,100,52.1050097342894,6.07570996969784
"1802",2022-03-17 00:00:05,2,303,100,52.3162814789804,6.43049744649727
"1803",2022-03-17 00:00:10,2,303,100,51.3720769372411,6.08382994829126
"1804",2022-03-17 00:00:15,2,303,100,51.0605238209378,5.95471646466966
"1805",2022-03-17 00:00:20,2,303,100,51.7844755399933,5.68547226495345
"1806",2022-03-17 00:00:25,2,303,100,53.9368710352564,6.48284195545307
"1807",2022-03-17 00:00:30,2,303,100,51.8548049982498,6.69136895177699
"1808",2022-03-17 00:00:35,2,303,100,52.091067018796,6.16523390326065
"1809",2022-03-17 00:00:40,2,303,100,51.6631622520224,5.62163789840705
"1810",2022-03-17 00:00:45,2,303,100,51.4882800772153,5.84149734564078
"1811",2022-03-17 00:00:50,2,303,100,50.9181308938707,5.33111007524607
"1812",2022-03-17 00:00:55,2,303,100,51.0924824089483,6.13444496011492
"1813",2022-03-17 00:01:00,2,303,100,50.3447779888202,6.04246671417411
"1814",2022-03-17 00:01:05,2,303,100,52.0173648911587,5.9935448464312
"1815",2022-03-17 00:01:10,2,303,100,51.2675592237562,6.02887069466089
"1816",2022-03-17 00:01:15,2,303,100,51.3858870849809,6.25319493725646
"1817",2022-03-17 00:01:20,2,303,100,50.2197385414014,6.22272342362129
"1818",2022-03-17 00:01:25,2,303,100,53.0117534474776,5.73306378769557
"1819",2022-03-17 00:01:30,2,303,100,52.6901657122475,5.5285083048002
"1820",2022-03-17 00:01:35,2,303,100,52.070782948544,6.35439315785244
"1821",2022-03-17 00:01:40,2,303,100,50.3983914439132,5.58801644873307
"1822",2022-03-17 00:01:45,2,303,100,49.8888936022366,6.40270031246777
"1823",2022-03-17 00:01:50,2,303,100,51.2969375191455,6.11518275334952
"1824",2022-03-17 00:01:55,2,303,100,50.3856575948217,6.30491954646127
"1825",2022-03-17 00:02:00,2,303,100,53.1906647049174,6.2438344149671
"1826",2022-03-17 00:02:05,2,303,100,51.6328343162603,6.36264530690683
"1827",2022-03-17 00:02:10,2,303,100,50.524127353719,6.52166803076363
"1828",2022-03-17 00:02:15,2,303,100,51.0654262869703,5.72754488138514
"1829",2022-03-17 00:02:20,2,303,100,52.5824583171425,6.30195942162427
"1830",2022-03-17 00:02:25,2,303,100,51.9119199753572,6.03111785539965
"1831",2022-03-17 00:02:30,2,303,100,50.6286668486865,5.87963596440062
"1832",2022-03-17 00:02:35,2,303,100,52.7650704785455,6.53565636315526
"1833",2022-03-17 00:02:40,2,303,100,51.5865306013377,6.26002362994046
"1834",2022-03-17 00:02:45,2,303,100,50.6258089138275,6.05221345952457
"1835",2022-03-17 00:02:50,2,303,100,48.4892824807349,6.36345395464432
"1836",2022-03-17 00:02:55,2,303,100,52.8673342414547,6.10438388463466
"1837",2022-03-17 00:03:00,2,303,100,50.3296511543721,6.64779021806546
"1838",2022-03-17 00:03:05,2,303,100,51.0515195868667,6.33815570102201
"1839",2022-03-17 00:03:10,2,303,100,53.2839026056435,6.74015871480578
"1840",2022-03-17 00:03:15,2,303,100,51.4253690277891,6.34311406437585
"1841",2022-03-17 00:03:20,2,303,100,51.5922928928293,5.75368168272448
"1842",2022-03-17 00:03:25,2,303,100,49.0426400773183,5.68778089344081
"1843",2022-03-17 00:03:30,2,303,100,49.5044439956205,6.02109326030045
"1844",2022-03-17 00:03:35,2,303,100,49.5859129541358,6.26661983956078
"1845",2022-03-17 00:03:40,2,303,100,51.4974386889089,6.14061721730162
"1846",2022-03-17 00:03:45,2,303,100,51.9198609669381,6.20301184499374
"1847",2022-03-17 00:03:50,2,303,100,51.1796290518558,6.00490223482603
"1848",2022-03-17 00:03:55,2,303,100,51.1011464912026,6.08482021461173
"1849",2022-03-17 00:04:00,2,303,100,50.1261790419537,6.37299239385333
"1850",2022-03-17 00:04:05,2,303,100,50.6747294533651,6.06349610603581
"1851",2022-03-17 00:04:10,2,303,100,54.2785086657122,5.55689719637882
"1852",2022-03-17 00:04:15,2,303,100,52.0436904578105,5.90309440528847
"1853",2022-03-17 00:04:20,2,303,100,50.6805568198772,6.12286877642741
"1854",2022-03-17 00:04:25,2,303,100,50.3052025652089,6.37322061531268
"1855",2022-03-17 00:04:30,2,303,100,51.7392924606304,6.78218735465753
"1856",2022-03-17 00:04:35,2,303,100,51.2335409567445,5.95605918856612
"1857",2022-03-17 00:04:40,2,303,100,50.1575029458201,6.1668753013997
"1858",2022-03-17 00:04:45,2,303,100,52.310882122783,5.92852128597279
"1859",2022-03-17 00:04:50,2,303,100,50.3548210377269,6.33239598919015
"1860",2022-03-17 00:04:55,2,303,100,54.2146855308118,6.09382898587339
"1861",2022-03-17 00:05:00,2,303,100,51.3587692527417,6.29876552127963
"1862",2022-03-17 00:05:05,2,303,100,54.542389627504,6.29447700411495
"1863",2022-03-17 00:05:10,2,303,100,50.7908024856256,6.51768949257716
"1864",2022-03-17 00:05:15,2,303,100,50.7794429560662,6.06916278090992
"1865",2022-03-17 00:05:20,2,303,100,52.2901312896913,6.17319958717199
"1866",2022-03-17 00:05:25,2,303,100,50.7852006250372,5.8767378282285
"1867",2022-03-17 00:05:30,2,303,100,49.6899310529719,5.72038274192086
"1868",2022-03-17 00:05:35,2,303,100,50.2110124950936,6.15666657662974
"1869",2022-03-17 00:05:40,2,303,100,51.862544354259,6.03741150663356
"1870",2022-03-17 00:05:45,2,303,100,51.1094968464426,6.27807374636678
"1871",2022-03-17 00:05:50,2,303,100,49.813989694738,6.2283384844806
"1872",2022-03-17 00:05:55,2,303,100,51.7351850269543,6.26780821655071
"1873",2022-03-17 00:06:00,2,303,100,51.8040033700912,5.77860027617064
"1874",2022-03-17 00:06:05,2,303,100,50.9713211983245,5.99790243656241
"1875",2022-03-17 00:06:10,2,303,100,49.6166556609994,6.45880583729789
"1876",2022-03-17 00:06:15,2,303,100,51.9366464885194,6.13424172716788
"1877",2022-03-17 00:06:20,2,303,100,53.2727499180493,6.01134297139377
"1878",2022-03-17 00:06:25,2,303,100,50.2586520468542,6.17018714673771
"1879",2022-03-17 00:06:30,2,303,100,53.544664798191,5.62267106286114
"1880",2022-03-17 00:06:35,2,303,100,51.4176998544288,5.90658257239885
"1881",2022-03-17 00:06:40,2,303,100,52.5030573352015,5.77398161592369
"1882",2022-03-17 00:06:45,2,303,100,51.53749763257,6.28768261604017
"1883",2022-03-17 00:06:50,2,303,100,51.2614787838668,5.69543038211592
"1884",2022-03-17 00:06:55,2,303,100,51.4507689903937,6.10147887314751
"1885",2022-03-17 00:07:00,2,303,100,54.6640179475223,6.38284385548079
"1886",2022-03-17 00:07:05,2,303,100,48.9663848987324,6.51487880055524
"1887",2022-03-17 00:07:10,2,303,100,53.329390910902,5.7003944249859
"1888",2022-03-17 00:07:15,2,303,100,51.5504174845496,6.74262969800717
"1889",2022-03-17 00:07:20,2,303,100,51.8329850024208,5.89520828758656
"1890",2022-03-17 00:07:25,2,303,100,50.5905024504019,6.86354500866489
"1891",2022-03-17 00:07:30,2,303,100,51.2269968480763,6.40018011298774
"1892",2022-03-17 00:07:35,2,303,100,51.4593697600024,5.90259705033179
"1893",2022-03-17 00:07:40,2,303,100,50.9041548493131,5.89190620282935
"1894",2022-03-17 00:07:45,2,303,100,52.5224946153733,6.24467454399602
"1895",2022-03-17 00:07:50,2,303,100,51.5780835096527,6.36846342036233
"1896",2022-03-17 00:07:55,2,303,100,53.0693317200886,5.84632343045312
"1897",2022-03-17 00:08:00,2,303,100,49.1649969255981,6.06998872110905
"1898",2022-03-17 00:08:05,2,303,100,50.0847127304237,6.19482554575586
"1899",2022-03-17 00:08:10,2,303,100,53.473465823306,6.25046431247036
"1900",2022-03-17 00:08:15,2,303,100,53.0430038594481,6.05793667725753
"1901",2022-03-17 00:08:20,2,303,100,52.6909531734234,6.03466352943707
"1902",2022-03-17 00:08:25,2,303,100,48.0283658140748,6.19937756860417
"1903",2022-03-17 00:08:30,2,303,100,53.8470291811672,5.98087653917986
"1904",2022-03-17 00:08:35,2,303,100,49.8602031604991,6.38065170438321
"1905",2022-03-17 00:08:40,2,303,100,51.0960588061119,6.26423133095908
"1906",2022-03-17 00:08:45,2,303,100,53.9852386007761,6.36593665628387
"1907",2022-03-17 00:08:50,2,303,100,50.5780200219872,5.91994512831694
"1908",2022-03-17 00:08:55,2,303,100,50.1073578053432,6.26678144485039
"1909",2022-03-17 00:09:00,2,303,100,50.5429928389715,5.92068421811327
"1910",2022-03-17 00:09:05,2,303,100,49.9375919482758,6.10745909248741
"1911",2022-03-17 00:09:10,2,303,100,49.5829405238545,6.0987128631292
"1912",2022-03-17 00:09:15,2,303,100,49.4323942546831,6.50908410914971
"1913",2022-03-17 00:09:20,2,303,100,52.4655390570327,6.60673152558086
"1914",2022-03-17 00:09:25,2,303,100,48.1684929593159,6.61071425208336
"1915",2022-03-17 00:09:30,2,303,100,50.7645400136183,6.74431165069602
"1916",2022-03-17 00:09:35,2,303,100,49.7083058438125,6.28637481602277
"1917",2022-03-17 00:09:40,2,303,100,52.2276050776888,5.81481435674453
"1918",2022-03-17 00:09:45,2,303,100,50.6192882022579,6.10272480592061
"1919",2022-03-17 00:09:50,2,303,100,51.2306345583608,6.0200180913916
"1920",2022-03-17 00:09:55,2,303,100,49.6134634651947,6.36114160315523
"1921",2022-03-17 00:10:00,2,303,100,51.7451117610474,5.70912768735706
"1922",2022-03-17 00:10:05,2,303,100,52.8743063749226,5.99223062197177
"1923",2022-03-17 00:10:10,2,303,100,52.2468130508746,5.79972320100223
"1924",2022-03-17 00:10:15,2,303,100,49.5865303187298,5.9658037489829
"1925",2022-03-17 00:10:20,2,303,100,50.0655802274276,6.59296138359293
"1926",2022-03-17 00:10:25,2,303,100,54.3301113797787,7.16904559353848
"1927",2022-03-17 00:10:30,2,303,100,52.0290014355669,6.0903659817784
"1928",2022-03-17 00:10:35,2,303,100,51.9615358153591,5.81112220255539
"1929",2022-03-17 00:10:40,2,303,100,49.3515948336106,6.88834734126775
"1930",2022-03-17 00:10:45,2,303,100,48.9322929497023,5.99357706766206
"1931",2022-03-17 00:10:50,2,303,100,52.2050127173069,5.7126119410542
"1932",2022-03-17 00:10:55,2,303,100,51.9997040468816,6.25337456093045
"1933",2022-03-17 00:11:00,2,303,100,50.3876719174132,5.98962083051922
"1934",2022-03-17 00:11:05,2,303,100,53.6605404131973,5.95432995675891
"1935",2022-03-17 00:11:10,2,303,100,53.1425141964279,6.25256018600869
"1936",2022-03-17 00:11:15,2,303,100,49.158872833173,6.29233261675946
"1937",2022-03-17 00:11:20,2,303,100,51.6660218383756,6.20863782029014
"1938",2022-03-17 00:11:25,2,303,100,51.7794225634109,6.27920708491813
"1939",2022-03-17 00:11:30,2,303,100,52.6523477683177,5.7772675890195
"1940",2022-03-17 00:11:35,2,303,100,52.137363524847,5.89905873609949
"1941",2022-03-17 00:11:40,2,303,100,52.0287820447695,5.70628515245319
"1942",2022-03-17 00:11:45,2,303,100,51.9569398881784,6.10519089331331
"1943",2022-03-17 00:11:50,2,303,100,49.372223420736,6.12564702635473
"1944",2022-03-17 00:11:55,2,303,100,50.2310104915593,6.36680684017944
"1945",2022-03-17 00:12:00,2,303,100,51.4667931627657,6.10138277499504
"1946",2022-03-17 00:12:05,2,303,100,55.3155040611282,5.725789939324
"1947",2022-03-17 00:12:10,2,303,100,52.1915443469912,5.7735129082778
"1948",2022-03-17 00:12:15,2,303,100,52.8337761887343,6.12247775367612
"1949",2022-03-17 00:12:20,2,303,100,52.0655804375447,6.2080316449106
"1950",2022-03-17 00:12:25,2,303,100,50.6197152298236,5.7218317891807
"1951",2022-03-17 00:12:30,2,303,100,51.2849545769343,6.09118401396257
"1952",2022-03-17 00:12:35,2,303,100,52.9728219524258,6.28915102348921
"1953",2022-03-17 00:12:40,2,303,100,54.1357757759957,6.31449633192472
"1954",2022-03-17 00:12:45,2,303,100,50.9466797196275,6.46901163203291
"1955",2022-03-17 00:12:50,2,303,100,51.1065210828039,6.49369839291274
"1956",2022-03-17 00:12:55,2,303,100,50.5180182596216,5.6587312329384
"1957",2022-03-17 00:13:00,2,303,100,50.2646116456304,5.81220528725671
"1958",2022-03-17 00:13:05,2,303,100,49.9509337624926,6.40677708910461
"1959",2022-03-17 00:13:10,2,303,100,52.169986985058,6.08802196100723
"1960",2022-03-17 00:13:15,2,303,100,51.8482024878058,6.86766649310597
"1961",2022-03-17 00:13:20,2,303,100,49.9127960465111,6.01990797389177
"1962",2022-03-17 00:13:25,2,303,100,52.4047240176124,6.16326831116857
"1963",2022-03-17 00:13:30,2,303,100,52.3805765416662,5.62115812133435
"1964",2022-03-17 00:13:35,2,303,100,50.9831611569577,5.99783110782916
"1965",2022-03-17 00:13:40,2,303,100,52.2013261495628,6.64119245118656
"1966",2022-03-17 00:13:45,2,303,100,52.1547221674632,6.29414938988392
"1967",2022-03-17 00:13:50,2,303,100,53.0097842182726,6.45723303783867
"1968",2022-03-17 00:13:55,2,303,100,50.9899934100403,6.07813862887279
"1969",2022-03-17 00:14:00,2,303,100,50.1116897006697,6.01391923025658
"1970",2022-03-17 00:14:05,2,303,100,52.6317307757169,6.4077630942179
"1971",2022-03-17 00:14:10,2,303,100,51.2851804457557,6.0474095328115
"1972",2022-03-17 00:14:15,2,303,100,52.5625269021401,5.87933213911817
"1973",2022-03-17 00:14:20,2,303,100,49.8868592394666,6.14739853420347
"1974",2022-03-17 00:14:25,2,303,100,50.0905814150854,6.25777158228889
"1975",2022-03-17 00:14:30,2,303,100,50.8104229587686,6.18714147983291
"1976",2022-03-17 00:14:35,2,303,100,50.9677776324089,6.55775299517189
"1977",2022-03-17 00:14:40,2,303,100,52.2257578356768,6.16094718285476
"1978",2022-03-17 00:14:45,2,303,100,48.94019185395,5.90337939116838
"1979",2022-03-17 00:14:50,2,303,100,51.7619611923248,5.62820452919702
"1980",2022-03-17 00:14:55,2,303,100,50.8287438489205,6.15296987378625
"1981",2022-03-17 00:15:00,2,303,100,51.0848036312872,6.05217050129708
"1982",2022-03-17 00:15:05,2,303,100,51.8791311083333,6.31501364625037
"1983",2022-03-17 00:15:10,2,303,100,52.5235272157815,6.01795775135065
"1984",2022-03-17 00:15:15,2,303,100,51.9363440429511,6.45005395442959
"1985",2022-03-17 00:15:20,2,303,100,50.7224944037173,6.08672416597568
"1986",2022-03-17 00:15:25,2,303,100,52.5187335918716,6.38674338670281
"1987",2022-03-17 00:15:30,2,303,100,49.9531788735748,6.38164145341979
"1988",2022-03-17 00:15:35,2,303,100,52.7393012602307,6.33310309208172
"1989",2022-03-17 00:15:40,2,303,100,50.615675425245,5.8929872451519
"1990",2022-03-17 00:15:45,2,303,100,53.0019663960103,6.09657253887102
"1991",2022-03-17 00:15:50,2,303,100,53.9783427202154,6.91022984770198
"1992",2022-03-17 00:15:55,2,303,100,51.8429652805481,5.69419930202823
"1993",2022-03-17 00:16:00,2,303,100,51.7220671499879,6.25044723815697
"1994",2022-03-17 00:16:05,2,303,100,50.4713014667783,5.73334795067946
"1995",2022-03-17 00:16:10,2,303,100,50.4245286059159,6.22917090814549
"1996",2022-03-17 00:16:15,2,303,100,49.5724123505518,5.77454735458487
"1997",2022-03-17 00:16:20,2,303,100,49.8327763349304,6.96843548728325
"1998",2022-03-17 00:16:25,2,303,100,51.8189080715455,6.33308763291271
"1999",2022-03-17 00:16:30,2,303,100,48.3893973624502,5.78693930453106
"2000",2022-03-17 00:16:35,2,303,100,49.3015692519308,6.36597413565778
"2001",2022-03-18 00:00:00,2,303,200,51.3865628583079,5.64635685162894
"2002",2022-03-18 00:00:05,2,303,200,52.7425367248002,6.00167806474387
"2003",2022-03-18 00:00:10,2,303,200,54.2057471731871,6.14730510202496
"2004",2022-03-18 00:00:15,2,303,200,50.4549687863938,6.04161249917973
"2005",2022-03-18 00:00:20,2,303,200,53.000854007334,5.99898360898255
"2006",2022-03-18 00:00:25,2,303,200,49.7535273700027,6.13778164623654
"2007",2022-03-18 00:00:30,2,303,200,52.1778778898896,5.89980858070954
"2008",2022-03-18 00:00:35,2,303,200,50.3467150927211,6.19199575930133
"2009",2022-03-18 00:00:40,2,303,200,52.8364652642374,6.00530419030161
"2010",2022-03-18 00:00:45,2,303,200,52.5361907799216,6.36073898843741
"2011",2022-03-18 00:00:50,2,303,200,49.9355822952299,6.29929235781604
"2012",2022-03-18 00:00:55,2,303,200,52.5661598045716,6.45969448415885
"2013",2022-03-18 00:01:00,2,303,200,49.1325590937809,6.28083969890601
"2014",2022-03-18 00:01:05,2,303,200,52.1613511097313,6.17818016550928
"2015",2022-03-18 00:01:10,2,303,200,51.380625546972,6.1233913440801
"2016",2022-03-18 00:01:15,2,303,200,53.2546251725303,6.02582630177642
"2017",2022-03-18 00:01:20,2,303,200,50.5559516581202,5.99536822875148
"2018",2022-03-18 00:01:25,2,303,200,50.4107435537641,6.49397474102577
"2019",2022-03-18 00:01:30,2,303,200,50.7777951321642,6.19565466587496
"2020",2022-03-18 00:01:35,2,303,200,50.5728971768745,6.05180281945129
"2021",2022-03-18 00:01:40,2,303,200,51.224729429504,5.60325400850816
"2022",2022-03-18 00:01:45,2,303,200,49.1622946464181,5.94831576545195
"2023",2022-03-18 00:01:50,2,303,200,52.3263505441746,5.9664530306148
"2024",2022-03-18 00:01:55,2,303,200,50.8612618814938,6.04994965128136
"2025",2022-03-18 00:02:00,2,303,200,49.0050104603919,5.52931278018421
"2026",2022-03-18 00:02:05,2,303,200,52.2413719637978,5.97509190955401
"2027",2022-03-18 00:02:10,2,303,200,49.5602746618383,6.17135134889962
"2028",2022-03-18 00:02:15,2,303,200,54.8782683133276,5.61207236286142
"2029",2022-03-18 00:02:20,2,303,200,52.1036599422969,5.73915592624608
"2030",2022-03-18 00:02:25,2,303,200,49.3171824638531,6.12477152037035
"2031",2022-03-18 00:02:30,2,303,200,51.3399958723384,6.03103081005663
"2032",2022-03-18 00:02:35,2,303,200,51.9653498592843,6.56111766705755
"2033",2022-03-18 00:02:40,2,303,200,50.3976865865633,5.74091643067683
"2034",2022-03-18 00:02:45,2,303,200,51.9261836923548,6.67463040951428
"2035",2022-03-18 00:02:50,2,303,200,52.7924951773529,6.47940147154165
"2036",2022-03-18 00:02:55,2,303,200,51.2773934202168,5.78227102934135
"2037",2022-03-18 00:03:00,2,303,200,52.2240937381269,6.24927381789852
"2038",2022-03-18 00:03:05,2,303,200,50.3812044758133,5.56617682244564
"2039",2022-03-18 00:03:10,2,303,200,49.8691326477418,5.32661243624543
"2040",2022-03-18 00:03:15,2,303,200,54.2343313729171,5.99337525737002
"2041",2022-03-18 00:03:20,2,303,200,49.0918044414202,6.29499703721761
"2042",2022-03-18 00:03:25,2,303,200,49.9150426496231,5.67148461741837
"2043",2022-03-18 00:03:30,2,303,200,51.2103884561632,6.2782803567712
"2044",2022-03-18 00:03:35,2,303,200,49.6080295358513,6.26485495956264
"2045",2022-03-18 00:03:40,2,303,200,51.0448510724302,5.88015626435588
"2046",2022-03-18 00:03:45,2,303,200,50.1113167768945,6.05259341770839
"2047",2022-03-18 00:03:50,2,303,200,49.8037051978316,6.27854496234114
"2048",2022-03-18 00:03:55,2,303,200,50.5392700445111,5.52914877129051
"2049",2022-03-18 00:04:00,2,303,200,48.9791719448981,5.7100894583378
"2050",2022-03-18 00:04:05,2,303,200,52.5488811697223,6.15872951283639
"2051",2022-03-18 00:04:10,2,303,200,49.7300171115757,6.56510134208614
"2052",2022-03-18 00:04:15,2,303,200,53.5335763402423,6.46173314847153
"2053",2022-03-18 00:04:20,2,303,200,49.1729606329504,5.61266944654442
"2054",2022-03-18 00:04:25,2,303,200,51.6194351267824,5.75986837848551
"2055",2022-03-18 00:04:30,2,303,200,53.8196929968452,6.22900670614482
"2056",2022-03-18 00:04:35,2,303,200,50.3775367304214,6.02814948660398
"2057",2022-03-18 00:04:40,2,303,200,49.8020495341769,6.17239266820981
"2058",2022-03-18 00:04:45,2,303,200,54.0077646466497,5.65230148738734
"2059",2022-03-18 00:04:50,2,303,200,47.5524076570968,5.9913129027101
"2060",2022-03-18 00:04:55,2,303,200,47.6303243135633,6.6703236986504
"2061",2022-03-18 00:05:00,2,303,200,53.6227962323408,6.21099134811914
"2062",2022-03-18 00:05:05,2,303,200,50.4399753413664,6.40248059345007
"2063",2022-03-18 00:05:10,2,303,200,51.5846246393219,6.09404405954279
"2064",2022-03-18 00:05:15,2,303,200,49.50367536258,6.18999329778279
"2065",2022-03-18 00:05:20,2,303,200,49.5858643392593,6.0573729782744
"2066",2022-03-18 00:05:25,2,303,200,53.3691378309489,6.25182902446072
"2067",2022-03-18 00:05:30,2,303,200,53.7034792985111,6.29479210704082
"2068",2022-03-18 00:05:35,2,303,200,50.8094389115808,6.47840504863407
"2069",2022-03-18 00:05:40,2,303,200,50.0396262732947,5.75268152402392
"2070",2022-03-18 00:05:45,2,303,200,51.5000967207674,6.49936135359155
"2071",2022-03-18 00:05:50,2,303,200,51.000322716665,5.98878538342468
"2072",2022-03-18 00:05:55,2,303,200,52.8526519268172,5.522665279747
"2073",2022-03-18 00:06:00,2,303,200,52.66777189261,6.37419737808164
"2074",2022-03-18 00:06:05,2,303,200,52.8559136925596,6.12212212287684
"2075",2022-03-18 00:06:10,2,303,200,52.274449417395,6.50546804147546
"2076",2022-03-18 00:06:15,2,303,200,50.3314023078037,6.4208190073812
"2077",2022-03-18 00:06:20,2,303,200,49.5885936986435,5.97064402608031
"2078",2022-03-18 00:06:25,2,303,200,53.02632457265,6.1819006941116
"2079",2022-03-18 00:06:30,2,303,200,54.6425191548356,6.16401348859491
"2080",2022-03-18 00:06:35,2,303,200,51.4121465764478,5.54363421160677
"2081",2022-03-18 00:06:40,2,303,200,53.3784121960385,6.09877661836329
"2082",2022-03-18 00:06:45,2,303,200,50.8922379323847,5.63504065283074
"2083",2022-03-18 00:06:50,2,303,200,51.7483573703941,6.20753811754642
"2084",2022-03-18 00:06:55,2,303,200,50.491563041283,6.33424828383194
"2085",2022-03-18 00:07:00,2,303,200,53.7078069275013,5.48394247437094
"2086",2022-03-18 00:07:05,2,303,200,52.5601096169155,5.97797852205
"2087",2022-03-18 00:07:10,2,303,200,51.1754319885952,5.95250161331962
"2088",2022-03-18 00:07:15,2,303,200,51.7300893441936,5.87032758399813
"2089",2022-03-18 00:07:20,2,303,200,50.0444972710226,5.97720526879715
"2090",2022-03-18 00:07:25,2,303,200,52.7443295488284,5.93934882610098
"2091",2022-03-18 00:07:30,2,303,200,47.8096363866354,6.04989738991542
"2092",2022-03-18 00:07:35,2,303,200,52.1857159991794,5.81373288136609
"2093",2022-03-18 00:07:40,2,303,200,51.2510954941529,5.8382925591448
"2094",2022-03-18 00:07:45,2,303,200,51.2741866265348,6.26164148784706
"2095",2022-03-18 00:07:50,2,303,200,50.3501289318042,6.0748595049591
"2096",2022-03-18 00:07:55,2,303,200,49.5844400468669,6.03251489740116
"2097",2022-03-18 00:08:00,2,303,200,53.0209689930648,6.08118976925874
"2098",2022-03-18 00:08:05,2,303,200,48.9437997107827,6.69348069628596
"2099",2022-03-18 00:08:10,2,303,200,50.8161376313465,6.07336626795826
"2100",2022-03-18 00:08:15,2,303,200,51.9679226602442,6.30389104851538
"2101",2022-03-18 00:08:20,2,303,200,50.3817890424531,6.26634827112753
"2102",2022-03-18 00:08:25,2,303,200,52.539780971085,5.88386623206811
"2103",2022-03-18 00:08:30,2,303,200,47.813894871329,5.55849048284702
"2104",2022-03-18 00:08:35,2,303,200,49.4366232446324,6.46486268117439
"2105",2022-03-18 00:08:40,2,303,200,51.7495907522295,6.35660633713661
"2106",2022-03-18 00:08:45,2,303,200,54.0038764971855,6.14507604041855
"2107",2022-03-18 00:08:50,2,303,200,50.3595321380318,5.92650188444493
"2108",2022-03-18 00:08:55,2,303,200,50.8911351536747,6.09506766040498
"2109",2022-03-18 00:09:00,2,303,200,50.7980244575619,5.71398323325503
"2110",2022-03-18 00:09:05,2,303,200,51.7187333032974,5.59904668184586
"2111",2022-03-18 00:09:10,2,303,200,51.6775416751525,5.58416706013062
"2112",2022-03-18 00:09:15,2,303,200,51.1331306977183,6.20668642053449
"2113",2022-03-18 00:09:20,2,303,200,52.5312136431482,6.01834276007376
"2114",2022-03-18 00:09:25,2,303,200,50.9132847581633,6.50924970392447
"2115",2022-03-18 00:09:30,2,303,200,51.8142742908613,5.65224089347913
"2116",2022-03-18 00:09:35,2,303,200,50.8327165508716,5.39826261800893
"2117",2022-03-18 00:09:40,2,303,200,52.7097250215719,5.57397415516091
"2118",2022-03-18 00:09:45,2,303,200,52.5036247620949,6.11165834193521
"2119",2022-03-18 00:09:50,2,303,200,52.3758083115386,5.93041080576594
"2120",2022-03-18 00:09:55,2,303,200,52.5086188943253,6.02193598786595
"2121",2022-03-18 00:10:00,2,303,200,51.4677880341862,6.1792601883244
"2122",2022-03-18 00:10:05,2,303,200,52.7859161468656,6.24592436610633
"2123",2022-03-18 00:10:10,2,303,200,52.3457755580672,6.43829447428345
"2124",2022-03-18 00:10:15,2,303,200,52.1122412752874,6.10910939453791
"2125",2022-03-18 00:10:20,2,303,200,51.3966697619006,6.25826527105639
"2126",2022-03-18 00:10:25,2,303,200,52.0941508951532,6.38799140268312
"2127",2022-03-18 00:10:30,2,303,200,50.4435984352936,6.25645410382261
"2128",2022-03-18 00:10:35,2,303,200,48.600636616471,6.27478369022608
"2129",2022-03-18 00:10:40,2,303,200,51.5432158951909,5.51569118639179
"2130",2022-03-18 00:10:45,2,303,200,52.0327314939632,5.99087112963468
"2131",2022-03-18 00:10:50,2,303,200,51.3643166273134,5.84797767340163
"2132",2022-03-18 00:10:55,2,303,200,52.5542483729016,6.39865830542771
"2133",2022-03-18 00:11:00,2,303,200,51.2922345697086,6.27396804909537
"2134",2022-03-18 00:11:05,2,303,200,51.9647572762764,6.02508304398102
"2135",2022-03-18 00:11:10,2,303,200,54.3486025560416,5.95469609026569
"2136",2022-03-18 00:11:15,2,303,200,51.2246533263461,5.60315339223306
"2137",2022-03-18 00:11:20,2,303,200,50.3353129375662,5.97680308161254
"2138",2022-03-18 00:11:25,2,303,200,47.4956585865072,6.17047267295293
"2139",2022-03-18 00:11:30,2,303,200,49.2418982247413,5.84182147143844
"2140",2022-03-18 00:11:35,2,303,200,48.200139240925,5.42340297390814
"2141",2022-03-18 00:11:40,2,303,200,52.2180900107605,6.20487092822634
"2142",2022-03-18 00:11:45,2,303,200,51.5440902345494,6.04979570684706
"2143",2022-03-18 00:11:50,2,303,200,51.5322957475668,6.12771652774313
"2144",2022-03-18 00:11:55,2,303,200,53.2691778416102,5.65571266848482
"2145",2022-03-18 00:12:00,2,303,200,53.5602161845213,6.20252027245407
"2146",2022-03-18 00:12:05,2,303,200,48.6728331876446,6.13775856626931
"2147",2022-03-18 00:12:10,2,303,200,51.4404121834412,6.11018176141457
"2148",2022-03-18 00:12:15,2,303,200,53.1298376989021,5.98763240955408
"2149",2022-03-18 00:12:20,2,303,200,51.7544470183425,6.13002352388501
"2150",2022-03-18 00:12:25,2,303,200,52.2824241560752,5.99046824271545
"2151",2022-03-18 00:12:30,2,303,200,49.0982265863426,6.55348914377861
"2152",2022-03-18 00:12:35,2,303,200,47.9084948973463,5.80999230027062
"2153",2022-03-18 00:12:40,2,303,200,50.9127605207082,5.88710293699831
"2154",2022-03-18 00:12:45,2,303,200,53.1011980736405,6.71444910422986
"2155",2022-03-18 00:12:50,2,303,200,50.7833798142464,6.50438385158664
"2156",2022-03-18 00:12:55,2,303,200,52.5865120806433,6.17288051174838
"2157",2022-03-18 00:13:00,2,303,200,48.6993594050451,5.76145090631367
"2158",2022-03-18 00:13:05,2,303,200,49.9530075160061,6.31989249934027
"2159",2022-03-18 00:13:10,2,303,200,51.9851517044829,6.05788696842627
"2160",2022-03-18 00:13:15,2,303,200,49.8386996688588,5.57926152636
"2161",2022-03-18 00:13:20,2,303,200,53.3229895733506,6.26618476613362
"2162",2022-03-18 00:13:25,2,303,200,53.0375385628767,6.09531109597164
"2163",2022-03-18 00:13:30,2,303,200,50.464886378359,6.64748542260766
"2164",2022-03-18 00:13:35,2,303,200,49.0466207894592,6.20337101222521
"2165",2022-03-18 00:13:40,2,303,200,51.052896852076,5.74808468703736
"2166",2022-03-18 00:13:45,2,303,200,49.7081558197049,6.09312883504395
"2167",2022-03-18 00:13:50,2,303,200,53.6682343498656,5.86515456496855
"2168",2022-03-18 00:13:55,2,303,200,52.228777500035,5.9989717090781
"2169",2022-03-18 00:14:00,2,303,200,49.6485957205747,6.07748718811752
"2170",2022-03-18 00:14:05,2,303,200,51.1737650666211,5.93905540608215
"2171",2022-03-18 00:14:10,2,303,200,53.8869959092876,5.95831022314346
"2172",2022-03-18 00:14:15,2,303,200,49.980569777721,6.61698212524245
"2173",2022-03-18 00:14:20,2,303,200,50.3154883550459,6.08669136417126
"2174",2022-03-18 00:14:25,2,303,200,50.0724362870243,5.71189378104978
"2175",2022-03-18 00:14:30,2,303,200,50.4549013509728,6.66518752630228
"2176",2022-03-18 00:14:35,2,303,200,51.1056793152205,5.61333771121936
"2177",2022-03-18 00:14:40,2,303,200,50.3287354393448,6.33932205180335
"2178",2022-03-18 00:14:45,2,303,200,54.4043129646789,6.47363945391575
"2179",2022-03-18 00:14:50,2,303,200,53.0546847268463,6.51965589012185
"2180",2022-03-18 00:14:55,2,303,200,52.5780472695133,6.55227740954009
"2181",2022-03-18 00:15:00,2,303,200,50.0105119398722,6.39082565060571
"2182",2022-03-18 00:15:05,2,303,200,50.2575556347689,5.79568205660156
"2183",2022-03-18 00:15:10,2,303,200,48.7487829476946,5.80693672209476
"2184",2022-03-18 00:15:15,2,303,200,49.2166116919523,5.81245723882793
"2185",2022-03-18 00:15:20,2,303,200,50.3454537373726,6.44398106411555
"2186",2022-03-18 00:15:25,2,303,200,51.4698010368716,6.57977466421644
"2187",2022-03-18 00:15:30,2,303,200,50.0088295801049,6.16836816688263
"2188",2022-03-18 00:15:35,2,303,200,51.2087276597389,6.59201095680541
"2189",2022-03-18 00:15:40,2,303,200,52.6994063760047,5.85134547656017
"2190",2022-03-18 00:15:45,2,303,200,52.4151146466758,6.13809969218427
"2191",2022-03-18 00:15:50,2,303,200,51.918531716648,5.47177392474647
"2192",2022-03-18 00:15:55,2,303,200,50.263371876312,5.63294985953866
"2193",2022-03-18 00:16:00,2,303,200,48.6441990019615,6.10179688619555
"2194",2022-03-18 00:16:05,2,303,200,52.2794678244784,6.45992343670237
"2195",2022-03-18 00:16:10,2,303,200,50.0953726237694,6.26286911450032
"2196",2022-03-18 00:16:15,2,303,200,51.8005904465884,6.1414470223128
"2197",2022-03-18 00:16:20,2,303,200,51.3822300452804,5.75088545198907
"2198",2022-03-18 00:16:25,2,303,200,51.2964448323651,6.02330300992139
"2199",2022-03-18 00:16:30,2,303,200,52.164792107833,6.38126605210267
"2200",2022-03-18 00:16:35,2,303,200,51.6678404107738,6.23165836409026
"2201",2022-03-19 00:00:00,2,303,300,50.0288922513424,6.13331590362916
"2202",2022-03-19 00:00:05,2,303,300,50.1179226830571,6.2047551793066
"2203",2022-03-19 00:00:10,2,303,300,51.9588889891496,6.4201085163951
"2204",2022-03-19 00:00:15,2,303,300,51.1358635229491,5.56907121645371
"2205",2022-03-19 00:00:20,2,303,300,51.0312209623486,6.59662524143952
"2206",2022-03-19 00:00:25,2,303,300,50.8419175866241,5.9196752107155
"2207",2022-03-19 00:00:30,2,303,300,49.7906438217415,5.99220017064879
"2208",2022-03-19 00:00:35,2,303,300,52.2967408255715,6.14376618722506
"2209",2022-03-19 00:00:40,2,303,300,49.221753715691,6.37245447425422
"2210",2022-03-19 00:00:45,2,303,300,52.5712793430508,6.16625590419857
"2211",2022-03-19 00:00:50,2,303,300,49.6099700024637,6.21817983897027
"2212",2022-03-19 00:00:55,2,303,300,51.5775713912816,6.35651658043922
"2213",2022-03-19 00:01:00,2,303,300,50.6724807312996,6.16033677654044
"2214",2022-03-19 00:01:05,2,303,300,51.9702872224123,6.1531175134621
"2215",2022-03-19 00:01:10,2,303,300,52.9554363917558,6.52033485658849
"2216",2022-03-19 00:01:15,2,303,300,53.1143873734014,6.16039882993327
"2217",2022-03-19 00:01:20,2,303,300,48.5117498536462,6.43970581079156
"2218",2022-03-19 00:01:25,2,303,300,51.2740554359154,5.71076241263066
"2219",2022-03-19 00:01:30,2,303,300,51.7539978498329,6.03552826484245
"2220",2022-03-19 00:01:35,2,303,300,53.0729928478036,6.25230663397739
"2221",2022-03-19 00:01:40,2,303,300,51.1211301303178,6.11591164249643
"2222",2022-03-19 00:01:45,2,303,300,50.4248799824028,5.86704963343688
"2223",2022-03-19 00:01:50,2,303,300,51.1302134732922,6.21813371827919
"2224",2022-03-19 00:01:55,2,303,300,52.2299023256092,5.90584426356503
"2225",2022-03-19 00:02:00,2,303,300,51.5588377804928,6.0489401391518
"2226",2022-03-19 00:02:05,2,303,300,52.9662465397618,5.83130311619158
"2227",2022-03-19 00:02:10,2,303,300,53.7970261680134,6.25127284290421
"2228",2022-03-19 00:02:15,2,303,300,49.7091658373068,5.9054458020181
"2229",2022-03-19 00:02:20,2,303,300,53.0757779845296,5.74592218363821
"2230",2022-03-19 00:02:25,2,303,300,50.6325538845551,6.37414716565791
"2231",2022-03-19 00:02:30,2,303,300,52.2613507028677,5.96143457216908
"2232",2022-03-19 00:02:35,2,303,300,52.675837419026,6.24371576844239
"2233",2022-03-19 00:02:40,2,303,300,52.9528730551149,6.67613423962228
"2234",2022-03-19 00:02:45,2,303,300,52.7859874404704,5.71062304118935
"2235",2022-03-19 00:02:50,2,303,300,50.6905819195249,6.74149191860343
"2236",2022-03-19 00:02:55,2,303,300,49.1831550994284,6.18634103956578
"2237",2022-03-19 00:03:00,2,303,300,50.8928826011349,6.27773276354871
"2238",2022-03-19 00:03:05,2,303,300,49.4355917512777,5.79206624608075
"2239",2022-03-19 00:03:10,2,303,300,51.5538932043095,6.62168840915872
"2240",2022-03-19 00:03:15,2,303,300,49.8036196381163,5.59799811977238
"2241",2022-03-19 00:03:20,2,303,300,52.9097365846508,6.10965183115571
"2242",2022-03-19 00:03:25,2,303,300,53.2645776720056,5.80155639773089
"2243",2022-03-19 00:03:30,2,303,300,48.8030883527962,6.36212922749159
"2244",2022-03-19 00:03:35,2,303,300,51.5932063617539,5.94025326074456
"2245",2022-03-19 00:03:40,2,303,300,49.4256836559472,6.39947273516367
"2246",2022-03-19 00:03:45,2,303,300,49.3832226187269,6.53054783600475
"2247",2022-03-19 00:03:50,2,303,300,52.851820417409,6.2704076908235
"2248",2022-03-19 00:03:55,2,303,300,48.884028789205,6.07660484644033
"2249",2022-03-19 00:04:00,2,303,300,50.2519617805047,6.53465230928964
"2250",2022-03-19 00:04:05,2,303,300,50.5920737244543,6.27187456232177
"2251",2022-03-19 00:04:10,2,303,300,52.6866707702207,6.10828093251127
"2252",2022-03-19 00:04:15,2,303,300,51.7422223448149,6.60761563186587
"2253",2022-03-19 00:04:20,2,303,300,51.0591632521387,6.36725914181116
"2254",2022-03-19 00:04:25,2,303,300,47.8983801407646,5.80889779546857
"2255",2022-03-19 00:04:30,2,303,300,49.6153091404597,5.98029804568613
"2256",2022-03-19 00:04:35,2,303,300,50.3213207741459,6.29183964282498
"2257",2022-03-19 00:04:40,2,303,300,51.3634387971573,6.2271076059865
"2258",2022-03-19 00:04:45,2,303,300,51.7092483748961,6.1333416044686
"2259",2022-03-19 00:04:50,2,303,300,50.4122329861277,6.14980152427353
"2260",2022-03-19 00:04:55,2,303,300,48.5007968517917,5.85715953652859
"2261",2022-03-19 00:05:00,2,303,300,51.4795481554303,6.1643779356445
"2262",2022-03-19 00:05:05,2,303,300,48.8950464338824,6.45421553359611
"2263",2022-03-19 00:05:10,2,303,300,53.2977676413202,5.89238689116204
"2264",2022-03-19 00:05:15,2,303,300,49.9351699991882,6.5068767597889
"2265",2022-03-19 00:05:20,2,303,300,51.5726881119328,5.96519294350686
"2266",2022-03-19 00:05:25,2,303,300,52.2419400963851,5.88311897535285
"2267",2022-03-19 00:05:30,2,303,300,49.8212007458498,5.68248726446534
"2268",2022-03-19 00:05:35,2,303,300,51.0382343768908,6.44430923210192
"2269",2022-03-19 00:05:40,2,303,300,47.5122629267245,6.12125898699208
"2270",2022-03-19 00:05:45,2,303,300,52.9190371048315,6.10652718741653
"2271",2022-03-19 00:05:50,2,303,300,51.2123252492926,6.40195277637582
"2272",2022-03-19 00:05:55,2,303,300,52.051125318044,5.40583806647922
"2273",2022-03-19 00:06:00,2,303,300,52.5657757542218,5.8898698490274
"2274",2022-03-19 00:06:05,2,303,300,51.6472561331697,6.31952933050969
"2275",2022-03-19 00:06:10,2,303,300,50.3894594849126,6.35678291304162
"2276",2022-03-19 00:06:15,2,303,300,50.8997858806863,6.01924207090095
"2277",2022-03-19 00:06:20,2,303,300,51.7079054522303,6.50654714482898
"2278",2022-03-19 00:06:25,2,303,300,50.912870831604,6.02315627502518
"2279",2022-03-19 00:06:30,2,303,300,53.2383195202459,6.1817202032889
"2280",2022-03-19 00:06:35,2,303,300,52.27439769154,6.07927267891263
"2281",2022-03-19 00:06:40,2,303,300,49.9397001911299,5.69880232799747
"2282",2022-03-19 00:06:45,2,303,300,52.4250801984187,5.6999013135838
"2283",2022-03-19 00:06:50,2,303,300,52.1770654316255,6.30760185605369
"2284",2022-03-19 00:06:55,2,303,300,50.2742721656448,6.53345430918353
"2285",2022-03-19 00:07:00,2,303,300,50.8635968460308,5.84342607382948
"2286",2022-03-19 00:07:05,2,303,300,50.1387734466347,5.69092583448825
"2287",2022-03-19 00:07:10,2,303,300,52.1660830422884,5.97525211844654
"2288",2022-03-19 00:07:15,2,303,300,52.1715902886936,5.92331238615551
"2289",2022-03-19 00:07:20,2,303,300,51.4539441514001,5.68589496587641
"2290",2022-03-19 00:07:25,2,303,300,51.1598371311652,6.28494983935203
"2291",2022-03-19 00:07:30,2,303,300,50.7662673251441,6.17876437349646
"2292",2022-03-19 00:07:35,2,303,300,49.8111474548131,6.69928533493411
"2293",2022-03-19 00:07:40,2,303,300,51.2372395421217,6.01460555923168
"2294",2022-03-19 00:07:45,2,303,300,50.1359149881413,6.07977968806451
"2295",2022-03-19 00:07:50,2,303,300,50.1270190733695,6.22859840187613
"2296",2022-03-19 00:07:55,2,303,300,51.4732767669577,5.89706258663775
"2297",2022-03-19 00:08:00,2,303,300,52.5843009407977,6.23402329176903
"2298",2022-03-19 00:08:05,2,303,300,53.456939040629,5.81952665139683
"2299",2022-03-19 00:08:10,2,303,300,48.8076090551358,5.72873337222358
"2300",2022-03-19 00:08:15,2,303,300,51.4163275288229,6.29884186338714
"2301",2022-03-19 00:08:20,2,303,300,51.2034263545205,5.8786826392655
"2302",2022-03-19 00:08:25,2,303,300,50.6437310615216,6.60255380825715
"2303",2022-03-19 00:08:30,2,303,300,50.1120483160431,6.18463065944672
"2304",2022-03-19 00:08:35,2,303,300,51.4314567460837,5.95435761898466
"2305",2022-03-19 00:08:40,2,303,300,53.337248061554,6.11506227732837
"2306",2022-03-19 00:08:45,2,303,300,51.8915853891577,6.10089451515447
"2307",2022-03-19 00:08:50,2,303,300,52.9050648039566,5.70535420733667
"2308",2022-03-19 00:08:55,2,303,300,50.408069809417,5.76396396596797
"2309",2022-03-19 00:09:00,2,303,300,50.6846931240835,6.32795052690878
"2310",2022-03-19 00:09:05,2,303,300,51.9638035879448,6.29566551280109
"2311",2022-03-19 00:09:10,2,303,300,51.827752669012,6.41872528220519
"2312",2022-03-19 00:09:15,2,303,300,51.9845030891008,6.17453270041689
"2313",2022-03-19 00:09:20,2,303,300,50.1779032226525,6.41500233333592
"2314",2022-03-19 00:09:25,2,303,300,48.3651331046139,6.35837136346218
"2315",2022-03-19 00:09:30,2,303,300,51.9080000268509,6.26579755307645
"2316",2022-03-19 00:09:35,2,303,300,51.4462203426431,6.32003585448188
"2317",2022-03-19 00:09:40,2,303,300,52.1323084090072,6.44545263643478
"2318",2022-03-19 00:09:45,2,303,300,51.7263906581528,5.71036915355681
"2319",2022-03-19 00:09:50,2,303,300,50.5198149005365,6.84750431699891
"2320",2022-03-19 00:09:55,2,303,300,50.887673311768,6.18699413536817
"2321",2022-03-19 00:10:00,2,303,300,50.8223134408931,6.09097048836594
"2322",2022-03-19 00:10:05,2,303,300,50.5286121301686,6.09647113708814
"2323",2022-03-19 00:10:10,2,303,300,51.3345303222731,6.43713086677182
"2324",2022-03-19 00:10:15,2,303,300,50.9299191190577,6.54183252902268
"2325",2022-03-19 00:10:20,2,303,300,49.9708004345496,6.33490113257731
"2326",2022-03-19 00:10:25,2,303,300,51.2840571527342,5.75607388403434
"2327",2022-03-19 00:10:30,2,303,300,51.1215530015149,6.0763192950288
"2328",2022-03-19 00:10:35,2,303,300,50.9285992412742,5.43349186898238
"2329",2022-03-19 00:10:40,2,303,300,54.9006310741967,6.36709856117861
"2330",2022-03-19 00:10:45,2,303,300,48.8178506265719,6.24554005615792
"2331",2022-03-19 00:10:50,2,303,300,52.228768742365,6.18076779801968
"2332",2022-03-19 00:10:55,2,303,300,51.5094836247026,5.94233322536078
"2333",2022-03-19 00:11:00,2,303,300,52.5672029599767,5.5452063117521
"2334",2022-03-19 00:11:05,2,303,300,52.7459766659337,6.37072960511239
"2335",2022-03-19 00:11:10,2,303,300,51.524875610914,6.59571278575822
"2336",2022-03-19 00:11:15,2,303,300,52.0139532983117,5.73352212295073
"2337",2022-03-19 00:11:20,2,303,300,50.4546279955497,5.6441671112357
"2338",2022-03-19 00:11:25,2,303,300,52.4849034994991,6.38485940181565
"2339",2022-03-19 00:11:30,2,303,300,51.518883472501,5.94829820971489
"2340",2022-03-19 00:11:35,2,303,300,53.2716515806774,6.26720341643721
"2341",2022-03-19 00:11:40,2,303,300,48.0813006731491,6.52104987407141
"2342",2022-03-19 00:11:45,2,303,300,51.7678257103643,5.83020842682205
"2343",2022-03-19 00:11:50,2,303,300,52.6788092874472,5.69224544978093
"2344",2022-03-19 00:11:55,2,303,300,54.264651641695,5.93866861025615
"2345",2022-03-19 00:12:00,2,303,300,51.0234736646298,5.90351276577554
"2346",2022-03-19 00:12:05,2,303,300,52.0765078754219,5.76050421887603
"2347",2022-03-19 00:12:10,2,303,300,49.9591456553225,6.11301502576088
"2348",2022-03-19 00:12:15,2,303,300,51.0554217282885,5.9526350996998
"2349",2022-03-19 00:12:20,2,303,300,49.7667766198368,5.95516617167207
"2350",2022-03-19 00:12:25,2,303,300,50.2721279087506,6.3827473774224
"2351",2022-03-19 00:12:30,2,303,300,52.7666491591324,5.68926152785519
"2352",2022-03-19 00:12:35,2,303,300,51.143841908244,5.93844304790209
"2353",2022-03-19 00:12:40,2,303,300,51.1498241002745,6.21828090267605
"2354",2022-03-19 00:12:45,2,303,300,49.7268102724001,6.22167098145651
"2355",2022-03-19 00:12:50,2,303,300,51.2032530951864,6.91032066093523
"2356",2022-03-19 00:12:55,2,303,300,52.2186271177087,6.36919466811443
"2357",2022-03-19 00:13:00,2,303,300,53.1727220819563,5.97780809592702
"2358",2022-03-19 00:13:05,2,303,300,51.161052729781,6.47729980001658
"2359",2022-03-19 00:13:10,2,303,300,51.7950772793296,6.44577478269764
"2360",2022-03-19 00:13:15,2,303,300,53.7566478327968,5.93311973232538
"2361",2022-03-19 00:13:20,2,303,300,48.7577565322512,6.01573128734283
"2362",2022-03-19 00:13:25,2,303,300,50.068891045359,5.7462862404621
"2363",2022-03-19 00:13:30,2,303,300,48.0511711219718,5.7414127004549
"2364",2022-03-19 00:13:35,2,303,300,52.3278660020536,5.83404317066537
"2365",2022-03-19 00:13:40,2,303,300,49.0832563187952,6.66777461141023
"2366",2022-03-19 00:13:45,2,303,300,52.1131371586757,6.40723179586684
"2367",2022-03-19 00:13:50,2,303,300,51.2270438759323,6.14661100723105
"2368",2022-03-19 00:13:55,2,303,300,50.0119279728341,6.46121445505011
"2369",2022-03-19 00:14:00,2,303,300,47.8505052337155,6.73390283450063
"2370",2022-03-19 00:14:05,2,303,300,49.9474631697239,5.72011854991158
"2371",2022-03-19 00:14:10,2,303,300,52.6621334232402,5.47416744201477
"2372",2022-03-19 00:14:15,2,303,300,49.4298150514349,6.80625364968794
"2373",2022-03-19 00:14:20,2,303,300,53.8437114173565,5.65566759482486
"2374",2022-03-19 00:14:25,2,303,300,52.2854483889237,5.72942516838466
"2375",2022-03-19 00:14:30,2,303,300,50.221385199716,6.01564825210521
"2376",2022-03-19 00:14:35,2,303,300,49.1212649438646,5.70385928016439
"2377",2022-03-19 00:14:40,2,303,300,51.4259235190545,6.40335073357341
"2378",2022-03-19 00:14:45,2,303,300,49.1515899782471,6.27059167024486
"2379",2022-03-19 00:14:50,2,303,300,50.3130210177815,6.46664244553573
"2380",2022-03-19 00:14:55,2,303,300,50.8271956902145,5.95368774984656
"2381",2022-03-19 00:15:00,2,303,300,51.3422076149373,5.77455362237102
"2382",2022-03-19 00:15:05,2,303,300,49.8010716728649,6.49390218418207
"2383",2022-03-19 00:15:10,2,303,300,51.7276980451385,5.44860293926416
"2384",2022-03-19 00:15:15,2,303,300,51.8292878611077,5.77650107380153
"2385",2022-03-19 00:15:20,2,303,300,53.1703008873264,6.44057579987805
"2386",2022-03-19 00:15:25,2,303,300,53.4742369479497,6.01757784475622
"2387",2022-03-19 00:15:30,2,303,300,49.4670012705654,6.20248991337179
"2388",2022-03-19 00:15:35,2,303,300,51.3700711874419,6.07691603272932
"2389",2022-03-19 00:15:40,2,303,300,51.1606172612196,6.45672680202055
"2390",2022-03-19 00:15:45,2,303,300,52.4459531671788,5.89809909297604
"2391",2022-03-19 00:15:50,2,303,300,52.9462161285481,5.6402140915729
"2392",2022-03-19 00:15:55,2,303,300,49.9919568725697,5.97742646886469
"2393",2022-03-19 00:16:00,2,303,300,51.0905796766059,5.96696043592887
"2394",2022-03-19 00:16:05,2,303,300,52.3569799612019,5.94209115157946
"2395",2022-03-19 00:16:10,2,303,300,50.8348697493275,6.08224245404681
"2396",2022-03-19 00:16:15,2,303,300,51.2955440031464,5.79514505014165
"2397",2022-03-19 00:16:20,2,303,300,51.6525140242563,6.89476363169773
"2398",2022-03-19 00:16:25,2,303,300,50.681571933286,6.20104114886212
"2399",2022-03-19 00:16:30,2,303,300,48.047336716801,6.68982911700495
"2400",2022-03-19 00:16:35,2,303,300,51.0483484555241,6.12620398090275
"2401",2022-03-20 00:00:00,2,338,100,52.1878661820078,4.19297225014291
"2402",2022-03-20 00:00:05,2,338,100,51.8281580322761,4.35273617980273
"2403",2022-03-20 00:00:10,2,338,100,51.7949754144655,4.25124815277194
"2404",2022-03-20 00:00:15,2,338,100,48.2993255823088,4.4349932590278
"2405",2022-03-20 00:00:20,2,338,100,49.2294831566624,4.54699242574681
"2406",2022-03-20 00:00:25,2,338,100,50.7958451194051,4.21301726422738
"2407",2022-03-20 00:00:30,2,338,100,50.8272681985436,4.24945503861353
"2408",2022-03-20 00:00:35,2,338,100,49.9445656979961,4.79511764192747
"2409",2022-03-20 00:00:40,2,338,100,52.1047970613175,3.91256809608108
"2410",2022-03-20 00:00:45,2,338,100,53.7410099382728,3.89291262318712
"2411",2022-03-20 00:00:50,2,338,100,51.4057263310728,4.35134942889646
"2412",2022-03-20 00:00:55,2,338,100,52.9269336984904,4.68581050123239
"2413",2022-03-20 00:01:00,2,338,100,49.7434169215311,4.38044086007906
"2414",2022-03-20 00:01:05,2,338,100,47.5768863339141,3.96875111359854
"2415",2022-03-20 00:01:10,2,338,100,53.4915360085689,4.29926905612047
"2416",2022-03-20 00:01:15,2,338,100,48.3524629385529,4.2653581026404
"2417",2022-03-20 00:01:20,2,338,100,52.0856459981063,4.36931697275642
"2418",2022-03-20 00:01:25,2,338,100,51.1882466268894,3.81221416542096
"2419",2022-03-20 00:01:30,2,338,100,51.3929044279063,4.45991775706385
"2420",2022-03-20 00:01:35,2,338,100,50.1868071247747,4.11124698869939
"2421",2022-03-20 00:01:40,2,338,100,48.3205467067596,4.0781428929904
"2422",2022-03-20 00:01:45,2,338,100,50.9844681140612,3.91073534466301
"2423",2022-03-20 00:01:50,2,338,100,53.6923741232361,4.40426608877239
"2424",2022-03-20 00:01:55,2,338,100,50.9084956031528,4.00125511703823
"2425",2022-03-20 00:02:00,2,338,100,53.9846246806364,3.87259883880211
"2426",2022-03-20 00:02:05,2,338,100,52.543399742053,4.2630033659029
"2427",2022-03-20 00:02:10,2,338,100,52.0010492049442,4.58954167764216
"2428",2022-03-20 00:02:15,2,338,100,50.303936409486,4.29251952860172
"2429",2022-03-20 00:02:20,2,338,100,50.0428588527751,4.25077925142176
"2430",2022-03-20 00:02:25,2,338,100,51.482524137622,4.83010315785506
"2431",2022-03-20 00:02:30,2,338,100,50.1900170761451,3.89941105726828
"2432",2022-03-20 00:02:35,2,338,100,51.3743121234768,4.50536563913671
"2433",2022-03-20 00:02:40,2,338,100,50.8339606664739,4.07031613220255
"2434",2022-03-20 00:02:45,2,338,100,52.5768497054448,4.40436438528203
"2435",2022-03-20 00:02:50,2,338,100,49.267247025701,4.2805173662792
"2436",2022-03-20 00:02:55,2,338,100,53.7705798042825,3.87321298423142
"2437",2022-03-20 00:03:00,2,338,100,51.0482808432971,4.03416243521415
"2438",2022-03-20 00:03:05,2,338,100,53.5636702705835,3.73825141411785
"2439",2022-03-20 00:03:10,2,338,100,51.6100921879734,3.83420099380405
"2440",2022-03-20 00:03:15,2,338,100,53.3130962287911,4.39154997345609
"2441",2022-03-20 00:03:20,2,338,100,51.3963088358945,4.37351342602991
"2442",2022-03-20 00:03:25,2,338,100,51.3803543257285,4.6105979043513
"2443",2022-03-20 00:03:30,2,338,100,53.7911727104039,4.70374252210769
"2444",2022-03-20 00:03:35,2,338,100,50.565622185551,4.07973595760711
"2445",2022-03-20 00:03:40,2,338,100,51.184285027767,4.93932164641215
"2446",2022-03-20 00:03:45,2,338,100,52.9719395943154,4.12893964792743
"2447",2022-03-20 00:03:50,2,338,100,49.169151258109,4.42287858131302
"2448",2022-03-20 00:03:55,2,338,100,50.3630006974216,3.44696993833324
"2449",2022-03-20 00:04:00,2,338,100,51.434203017324,4.14836744330801
"2450",2022-03-20 00:04:05,2,338,100,52.0376746849299,4.12591159039232
"2451",2022-03-20 00:04:10,2,338,100,47.1625442133592,4.57077449535759
"2452",2022-03-20 00:04:15,2,338,100,50.9425861985125,4.41944336267011
"2453",2022-03-20 00:04:20,2,338,100,50.9100854047792,4.72785074736147
"2454",2022-03-20 00:04:25,2,338,100,51.2736172851315,4.03832850203445
"2455",2022-03-20 00:04:30,2,338,100,49.5780854095092,4.12982348412119
"2456",2022-03-20 00:04:35,2,338,100,49.6285334015228,3.7552255930744
"2457",2022-03-20 00:04:40,2,338,100,49.8150528401821,4.40521831418694
"2458",2022-03-20 00:04:45,2,338,100,54.1990984550944,4.58312440881504
"2459",2022-03-20 00:04:50,2,338,100,51.4774624755529,4.42664347886954
"2460",2022-03-20 00:04:55,2,338,100,52.1550364870306,3.8279263430183
"2461",2022-03-20 00:05:00,2,338,100,52.1978715690639,3.96634258217655
"2462",2022-03-20 00:05:05,2,338,100,51.8902523618956,4.67510571421251
"2463",2022-03-20 00:05:10,2,338,100,51.5191924669865,4.27073002889921
"2464",2022-03-20 00:05:15,2,338,100,52.8488769161885,3.63165006710432
"2465",2022-03-20 00:05:20,2,338,100,49.6575452113938,3.72614594269266
"2466",2022-03-20 00:05:25,2,338,100,50.606421098258,4.317843245186
"2467",2022-03-20 00:05:30,2,338,100,51.1298645854072,3.8412012290575
"2468",2022-03-20 00:05:35,2,338,100,51.3158411306477,4.35988388928844
"2469",2022-03-20 00:05:40,2,338,100,51.4750777594722,4.14096153195085
"2470",2022-03-20 00:05:45,2,338,100,49.4232502453398,4.71876523010287
"2471",2022-03-20 00:05:50,2,338,100,51.7559484709997,4.53796839631204
"2472",2022-03-20 00:05:55,2,338,100,50.6009750213992,4.44612575593417
"2473",2022-03-20 00:06:00,2,338,100,48.3900175080113,4.71380858525809
"2474",2022-03-20 00:06:05,2,338,100,53.3479217162557,4.35745498232152
"2475",2022-03-20 00:06:10,2,338,100,52.6988899783994,4.38818837352386
"2476",2022-03-20 00:06:15,2,338,100,52.6928005719388,4.52484095425849
"2477",2022-03-20 00:06:20,2,338,100,53.1627397888081,4.26678611227955
"2478",2022-03-20 00:06:25,2,338,100,50.4063488354931,4.28006538035895
"2479",2022-03-20 00:06:30,2,338,100,52.4962957043794,4.64900959562519
"2480",2022-03-20 00:06:35,2,338,100,52.0474564209365,4.6504454466024
"2481",2022-03-20 00:06:40,2,338,100,51.9104753378595,4.27367213065454
"2482",2022-03-20 00:06:45,2,338,100,49.4231273125191,4.17039278273785
"2483",2022-03-20 00:06:50,2,338,100,52.6711340551763,3.66082274965542
"2484",2022-03-20 00:06:55,2,338,100,53.1590041019473,3.77072573725648
"2485",2022-03-20 00:07:00,2,338,100,52.9212970205245,4.62362734857359
"2486",2022-03-20 00:07:05,2,338,100,50.9004624233415,3.96791876504727
"2487",2022-03-20 00:07:10,2,338,100,52.0213960459842,3.8336774127246
"2488",2022-03-20 00:07:15,2,338,100,50.1555461982792,4.73493713140806
"2489",2022-03-20 00:07:20,2,338,100,50.0036535108511,4.50885636811898
"2490",2022-03-20 00:07:25,2,338,100,49.414044019536,4.37681126123188
"2491",2022-03-20 00:07:30,2,338,100,51.444529693329,4.00469929647503
"2492",2022-03-20 00:07:35,2,338,100,50.5203660509346,3.93716977395092
"2493",2022-03-20 00:07:40,2,338,100,51.6305152648981,4.09036655976208
"2494",2022-03-20 00:07:45,2,338,100,52.1319162146748,3.91128897340702
"2495",2022-03-20 00:07:50,2,338,100,51.819109023774,4.03125490214781
"2496",2022-03-20 00:07:55,2,338,100,51.5082132334495,3.96936504697783
"2497",2022-03-20 00:08:00,2,338,100,52.9192914135663,3.87472777546553
"2498",2022-03-20 00:08:05,2,338,100,49.1158070487921,4.52537237996912
"2499",2022-03-20 00:08:10,2,338,100,53.6814611146959,4.55853094536199
"2500",2022-03-20 00:08:15,2,338,100,53.7250045830537,3.82018480206595
"2501",2022-03-20 00:08:20,2,338,100,51.3697647534321,4.00768175132076
"2502",2022-03-20 00:08:25,2,338,100,47.9289965232846,4.48021707661625
"2503",2022-03-20 00:08:30,2,338,100,50.8081287824989,3.71009537939816
"2504",2022-03-20 00:08:35,2,338,100,49.788533977117,4.25220038640202
"2505",2022-03-20 00:08:40,2,338,100,50.7334603582253,4.15768361735336
"2506",2022-03-20 00:08:45,2,338,100,53.0827071497708,4.11165835146376
"2507",2022-03-20 00:08:50,2,338,100,52.2552296155464,4.14754050055153
"2508",2022-03-20 00:08:55,2,338,100,52.5199491254583,4.22318657729687
"2509",2022-03-20 00:09:00,2,338,100,50.4516794299378,4.30373714189519
"2510",2022-03-20 00:09:05,2,338,100,50.5334269862159,4.41354642190119
"2511",2022-03-20 00:09:10,2,338,100,48.9743998337347,4.39654019034395
"2512",2022-03-20 00:09:15,2,338,100,53.5315373040632,4.63795115020477
"2513",2022-03-20 00:09:20,2,338,100,51.6066213302323,4.27142299758081
"2514",2022-03-20 00:09:25,2,338,100,50.931330610267,3.21241687571247
"2515",2022-03-20 00:09:30,2,338,100,53.266393213156,3.96991825481792
"2516",2022-03-20 00:09:35,2,338,100,49.8071015519608,4.83353095628017
"2517",2022-03-20 00:09:40,2,338,100,51.453279391908,4.58682178340676
"2518",2022-03-20 00:09:45,2,338,100,53.7982103983918,4.35195465333781
"2519",2022-03-20 00:09:50,2,338,100,52.3917811515381,4.07254770940739
"2520",2022-03-20 00:09:55,2,338,100,50.0687984596726,4.18306475883335
"2521",2022-03-20 00:10:00,2,338,100,52.0042427155927,4.74437687627045
"2522",2022-03-20 00:10:05,2,338,100,55.6667323121251,4.14245477274174
"2523",2022-03-20 00:10:10,2,338,100,53.9409649488843,4.07221386014587
"2524",2022-03-20 00:10:15,2,338,100,52.8712889395697,3.65695139725842
"2525",2022-03-20 00:10:20,2,338,100,49.8755320567626,4.16300769301802
"2526",2022-03-20 00:10:25,2,338,100,49.7804554061155,4.14193167994334
"2527",2022-03-20 00:10:30,2,338,100,49.2674613502498,4.01960630273867
"2528",2022-03-20 00:10:35,2,338,100,49.8532079970818,4.23359715092844
"2529",2022-03-20 00:10:40,2,338,100,50.6457696912766,3.94618316438676
"2530",2022-03-20 00:10:45,2,338,100,52.2447305634059,4.94367089307905
"2531",2022-03-20 00:10:50,2,338,100,50.7958870674687,4.0199022447575
"2532",2022-03-20 00:10:55,2,338,100,48.4394135989314,4.88454275837721
"2533",2022-03-20 00:11:00,2,338,100,51.3593900336644,4.08117178885374
"2534",2022-03-20 00:11:05,2,338,100,51.0588815009273,3.77715997069206
"2535",2022-03-20 00:11:10,2,338,100,51.5472748470271,4.8735326611765
"2536",2022-03-20 00:11:15,2,338,100,48.810446920508,4.38985521507199
"2537",2022-03-20 00:11:20,2,338,100,51.8511404996169,4.34232264363707
"2538",2022-03-20 00:11:25,2,338,100,50.8396692398646,4.19295557854017
"2539",2022-03-20 00:11:30,2,338,100,52.3932469003186,4.44029592328589
"2540",2022-03-20 00:11:35,2,338,100,54.4143890892442,4.41110111336909
"2541",2022-03-20 00:11:40,2,338,100,50.9436466477576,4.10129133768368
"2542",2022-03-20 00:11:45,2,338,100,51.1005161501223,4.0117041284309
"2543",2022-03-20 00:11:50,2,338,100,48.9550421926744,3.92046993331487
"2544",2022-03-20 00:11:55,2,338,100,48.6636739789557,3.91223538725224
"2545",2022-03-20 00:12:00,2,338,100,51.3478801055277,3.97160182188793
"2546",2022-03-20 00:12:05,2,338,100,50.2128840950767,4.51273446192824
"2547",2022-03-20 00:12:10,2,338,100,50.809248438053,3.77496258760466
"2548",2022-03-20 00:12:15,2,338,100,53.1251606686558,4.01074114474457
"2549",2022-03-20 00:12:20,2,338,100,49.7554693607498,3.45385515857453
"2550",2022-03-20 00:12:25,2,338,100,51.621349913875,3.67412396708193
"2551",2022-03-20 00:12:30,2,338,100,52.2862892503014,3.94585411009772
"2552",2022-03-20 00:12:35,2,338,100,53.410024586369,3.69974138902986
"2553",2022-03-20 00:12:40,2,338,100,52.1886390143576,3.93784651175097
"2554",2022-03-20 00:12:45,2,338,100,50.610723996965,4.48628257277163
"2555",2022-03-20 00:12:50,2,338,100,53.0725579939128,3.97135383933623
"2556",2022-03-20 00:12:55,2,338,100,51.5381583222786,4.36938006684525
"2557",2022-03-20 00:13:00,2,338,100,50.2363565455324,4.42532146116638
"2558",2022-03-20 00:13:05,2,338,100,54.2067706584167,4.18400442368097
"2559",2022-03-20 00:13:10,2,338,100,54.487315241197,5.03129470595514
"2560",2022-03-20 00:13:15,2,338,100,50.4462421926863,3.96612327764601
"2561",2022-03-20 00:13:20,2,338,100,53.273066677201,4.20563438598434
"2562",2022-03-20 00:13:25,2,338,100,49.3375356528106,4.22742435170267
"2563",2022-03-20 00:13:30,2,338,100,51.8483526150437,3.8214708197316
"2564",2022-03-20 00:13:35,2,338,100,53.588303539106,3.72690262267858
"2565",2022-03-20 00:13:40,2,338,100,50.597937392416,4.32232042151483
"2566",2022-03-20 00:13:45,2,338,100,51.2026828850129,4.76278762627249
"2567",2022-03-20 00:13:50,2,338,100,50.6363955007895,4.01131958104594
"2568",2022-03-20 00:13:55,2,338,100,51.9230454991706,3.94596939025461
"2569",2022-03-20 00:14:00,2,338,100,52.7958262688887,3.51000202343544
"2570",2022-03-20 00:14:05,2,338,100,51.4986412418501,4.37888896690778
"2571",2022-03-20 00:14:10,2,338,100,53.6026168133597,4.51841514782357
"2572",2022-03-20 00:14:15,2,338,100,52.9772921714213,4.21754539108626
"2573",2022-03-20 00:14:20,2,338,100,49.6800079835525,4.22118833148811
"2574",2022-03-20 00:14:25,2,338,100,50.8992834415046,4.49668011989065
"2575",2022-03-20 00:14:30,2,338,100,50.2872014465279,4.15019782322434
"2576",2022-03-20 00:14:35,2,338,100,49.6436391808897,3.70102950545349
"2577",2022-03-20 00:14:40,2,338,100,49.9990773653796,4.0801612717929
"2578",2022-03-20 00:14:45,2,338,100,52.0491725320504,3.62345406370068
"2579",2022-03-20 00:14:50,2,338,100,50.0533451390667,4.09342750331653
"2580",2022-03-20 00:14:55,2,338,100,50.7657129799779,4.59314674517558
"2581",2022-03-20 00:15:00,2,338,100,51.3738927304658,3.93239566345276
"2582",2022-03-20 00:15:05,2,338,100,49.8891134934811,3.85964088788471
"2583",2022-03-20 00:15:10,2,338,100,50.445259594587,3.37165390271533
"2584",2022-03-20 00:15:15,2,338,100,50.4191420045658,3.98912669716116
"2585",2022-03-20 00:15:20,2,338,100,49.8122443404901,4.40922239743555
"2586",2022-03-20 00:15:25,2,338,100,51.0356578691415,3.99498527997645
"2587",2022-03-20 00:15:30,2,338,100,51.0436753735084,4.17056590348645
"2588",2022-03-20 00:15:35,2,338,100,49.47687538464,4.13472398377886
"2589",2022-03-20 00:15:40,2,338,100,50.8223406124187,4.44162528483481
"2590",2022-03-20 00:15:45,2,338,100,53.8287198419026,4.76297701183719
"2591",2022-03-20 00:15:50,2,338,100,51.1524394548974,4.28412245013577
"2592",2022-03-20 00:15:55,2,338,100,51.457317777111,4.3354792476841
"2593",2022-03-20 00:16:00,2,338,100,48.1834127151863,3.82146576887395
"2594",2022-03-20 00:16:05,2,338,100,51.9935268139724,4.08109248578827
"2595",2022-03-20 00:16:10,2,338,100,48.1504894900656,4.28160145995461
"2596",2022-03-20 00:16:15,2,338,100,50.5276866776576,4.57779359167379
"2597",2022-03-20 00:16:20,2,338,100,51.4398634457826,5.09595957551639
"2598",2022-03-20 00:16:25,2,338,100,51.1901803884375,4.4359090536367
"2599",2022-03-20 00:16:30,2,338,100,52.8527753721538,4.36819346761888
"2600",2022-03-20 00:16:35,2,338,100,53.4021867473922,4.37195891117703
"2601",2022-03-21 00:00:00,2,338,200,51.6928063507501,3.60273321834105
"2602",2022-03-21 00:00:05,2,338,200,51.28427102715,4.0182721945374
"2603",2022-03-21 00:00:10,2,338,200,50.0155375225037,4.03735373030357
"2604",2022-03-21 00:00:15,2,338,200,51.6768638866605,4.01279515581411
"2605",2022-03-21 00:00:20,2,338,200,49.3535623470489,4.3498694681952
"2606",2022-03-21 00:00:25,2,338,200,50.5826967322899,4.36878967405437
"2607",2022-03-21 00:00:30,2,338,200,51.5670642144455,4.27396349421073
"2608",2022-03-21 00:00:35,2,338,200,52.5716705786061,3.93755851263033
"2609",2022-03-21 00:00:40,2,338,200,49.8934414680604,4.86314588096223
"2610",2022-03-21 00:00:45,2,338,200,53.1608113489692,4.04448672940241
"2611",2022-03-21 00:00:50,2,338,200,51.4483678593469,4.2642769095687
"2612",2022-03-21 00:00:55,2,338,200,51.4799929998498,4.42499580035458
"2613",2022-03-21 00:01:00,2,338,200,52.605600251572,3.86901319917256
"2614",2022-03-21 00:01:05,2,338,200,51.3588321554815,4.23083629561535
"2615",2022-03-21 00:01:10,2,338,200,51.2420661674317,4.70852177090988
"2616",2022-03-21 00:01:15,2,338,200,53.5211917431505,4.32953507137626
"2617",2022-03-21 00:01:20,2,338,200,50.6583277001867,4.72154491335097
"2618",2022-03-21 00:01:25,2,338,200,51.9311347394502,3.7631466510638
"2619",2022-03-21 00:01:30,2,338,200,51.1298466927762,3.9906568008557
"2620",2022-03-21 00:01:35,2,338,200,53.491738318802,3.94388346887949
"2621",2022-03-21 00:01:40,2,338,200,52.7260927716411,4.35739536871477
"2622",2022-03-21 00:01:45,2,338,200,51.9252581679581,4.30882774686099
"2623",2022-03-21 00:01:50,2,338,200,50.4407173643716,4.26985120207297
"2624",2022-03-21 00:01:55,2,338,200,49.9680844457758,4.01519752019235
"2625",2022-03-21 00:02:00,2,338,200,52.5665915639887,3.39940390050663
"2626",2022-03-21 00:02:05,2,338,200,53.8928014312036,3.9934491699332
"2627",2022-03-21 00:02:10,2,338,200,53.3126945745869,4.12282508028068
"2628",2022-03-21 00:02:15,2,338,200,50.740062482496,4.17906750089034
"2629",2022-03-21 00:02:20,2,338,200,48.1408337374687,4.09296902527366
"2630",2022-03-21 00:02:25,2,338,200,51.759484773895,3.98151163867018
"2631",2022-03-21 00:02:30,2,338,200,51.2363893181904,3.67595163013704
"2632",2022-03-21 00:02:35,2,338,200,53.3186283281203,4.27796875967068
"2633",2022-03-21 00:02:40,2,338,200,50.3888894803748,4.25477406531132
"2634",2022-03-21 00:02:45,2,338,200,49.977970198888,3.99319755835459
"2635",2022-03-21 00:02:50,2,338,200,50.5708903781027,4.7181598339575
"2636",2022-03-21 00:02:55,2,338,200,52.2190817191385,4.06818231075412
"2637",2022-03-21 00:03:00,2,338,200,51.9573858529383,4.47045586238598
"2638",2022-03-21 00:03:05,2,338,200,51.0130963584173,4.66562032540282
"2639",2022-03-21 00:03:10,2,338,200,52.6999604685709,4.52097576345834
"2640",2022-03-21 00:03:15,2,338,200,51.2809138882576,3.81827633615723
"2641",2022-03-21 00:03:20,2,338,200,50.5036500356411,4.30888270924195
"2642",2022-03-21 00:03:25,2,338,200,50.5225667641747,4.31894615491946
"2643",2022-03-21 00:03:30,2,338,200,51.0858528456695,3.84838048665215
"2644",2022-03-21 00:03:35,2,338,200,50.8718114964691,4.06737024395161
"2645",2022-03-21 00:03:40,2,338,200,52.4143124802236,4.36400043657446
"2646",2022-03-21 00:03:45,2,338,200,52.6247539784633,4.43507156214224
"2647",2022-03-21 00:03:50,2,338,200,53.1095938823622,4.58037497413463
"2648",2022-03-21 00:03:55,2,338,200,54.1322695584089,4.44166951669781
"2649",2022-03-21 00:04:00,2,338,200,48.5921110515035,4.06590067286173
"2650",2022-03-21 00:04:05,2,338,200,51.6655956230679,3.60547152663622
"2651",2022-03-21 00:04:10,2,338,200,50.6667249908672,4.09164537173546
"2652",2022-03-21 00:04:15,2,338,200,51.3046534903194,3.79193019791923
"2653",2022-03-21 00:04:20,2,338,200,52.2581010866453,4.27910246306741
"2654",2022-03-21 00:04:25,2,338,200,53.2010372585166,4.06342653414749
"2655",2022-03-21 00:04:30,2,338,200,48.5359150498377,4.10320110230728
"2656",2022-03-21 00:04:35,2,338,200,50.8348250694353,4.13807795165621
"2657",2022-03-21 00:04:40,2,338,200,54.3114391327518,4.30065529763339
"2658",2022-03-21 00:04:45,2,338,200,50.42995296316,4.15013634850083
"2659",2022-03-21 00:04:50,2,338,200,54.2121578775025,4.26244217969911
"2660",2022-03-21 00:04:55,2,338,200,49.2041757130954,4.28246446620604
"2661",2022-03-21 00:05:00,2,338,200,49.78777832092,3.79083113467349
"2662",2022-03-21 00:05:05,2,338,200,52.4854894149025,3.95462799317155
"2663",2022-03-21 00:05:10,2,338,200,49.9038156983271,4.10089643363364
"2664",2022-03-21 00:05:15,2,338,200,51.3601402561194,4.31606818116571
"2665",2022-03-21 00:05:20,2,338,200,51.533980469986,4.01555265534392
"2666",2022-03-21 00:05:25,2,338,200,50.6764689612405,3.68056007622016
"2667",2022-03-21 00:05:30,2,338,200,51.3125913492682,4.60477130251314
"2668",2022-03-21 00:05:35,2,338,200,51.9790032690253,4.4569183369531
"2669",2022-03-21 00:05:40,2,338,200,52.1599095095242,4.60671496345653
"2670",2022-03-21 00:05:45,2,338,200,49.9406030234308,4.6867901091229
"2671",2022-03-21 00:05:50,2,338,200,50.7950347961929,4.47621321576795
"2672",2022-03-21 00:05:55,2,338,200,49.4391190566176,4.40228939975646
"2673",2022-03-21 00:06:00,2,338,200,50.0682906142592,4.12835322957682
"2674",2022-03-21 00:06:05,2,338,200,48.8076502730178,3.81781791675745
"2675",2022-03-21 00:06:10,2,338,200,51.7558959325909,3.83743362409119
"2676",2022-03-21 00:06:15,2,338,200,52.5341568171567,4.67564366706257
"2677",2022-03-21 00:06:20,2,338,200,51.7853983799258,4.10695989292024
"2678",2022-03-21 00:06:25,2,338,200,53.1105271224409,3.96210581706583
"2679",2022-03-21 00:06:30,2,338,200,49.963769577322,4.33882777279958
"2680",2022-03-21 00:06:35,2,338,200,51.6558067487309,3.90012290512398
"2681",2022-03-21 00:06:40,2,338,200,52.5342976337158,3.83332136071459
"2682",2022-03-21 00:06:45,2,338,200,52.4872793795793,4.41457518469862
"2683",2022-03-21 00:06:50,2,338,200,52.0617510226567,3.58342825832137
"2684",2022-03-21 00:06:55,2,338,200,53.3748868328939,3.75281553834078
"2685",2022-03-21 00:07:00,2,338,200,51.5377690911955,4.5795421683231
"2686",2022-03-21 00:07:05,2,338,200,52.8689256361973,4.64247283909149
"2687",2022-03-21 00:07:10,2,338,200,51.9915086934318,4.05843901915123
"2688",2022-03-21 00:07:15,2,338,200,50.4835026646782,4.37334288099519
"2689",2022-03-21 00:07:20,2,338,200,52.2397524287542,4.53216438123874
"2690",2022-03-21 00:07:25,2,338,200,51.9051423775353,4.06599539694237
"2691",2022-03-21 00:07:30,2,338,200,51.3267183256307,4.32276110647061
"2692",2022-03-21 00:07:35,2,338,200,49.7045095544241,3.97686234215112
"2693",2022-03-21 00:07:40,2,338,200,52.5500483675197,4.70396468677134
"2694",2022-03-21 00:07:45,2,338,200,52.8562149592175,4.43510414846285
"2695",2022-03-21 00:07:50,2,338,200,51.899523703806,4.25851903420767
"2696",2022-03-21 00:07:55,2,338,200,49.0193535095945,4.21841574821604
"2697",2022-03-21 00:08:00,2,338,200,49.1866277485077,4.76876557317206
"2698",2022-03-21 00:08:05,2,338,200,51.016632755845,4.19061983534488
"2699",2022-03-21 00:08:10,2,338,200,50.0538405611291,4.10139568630985
"2700",2022-03-21 00:08:15,2,338,200,52.6666687800332,4.47594936033122
"2701",2022-03-21 00:08:20,2,338,200,52.7160463463015,4.5259431711978
"2702",2022-03-21 00:08:25,2,338,200,51.3345652841252,3.99463913293231
"2703",2022-03-21 00:08:30,2,338,200,50.8601635265162,4.25842117289962
"2704",2022-03-21 00:08:35,2,338,200,52.9991502733372,4.39406449061132
"2705",2022-03-21 00:08:40,2,338,200,51.3303452519913,4.33555338381479
"2706",2022-03-21 00:08:45,2,338,200,49.817075222832,4.18082656972628
"2707",2022-03-21 00:08:50,2,338,200,49.3311877911623,4.36240450721459
"2708",2022-03-21 00:08:55,2,338,200,50.8633731000229,4.2265713192145
"2709",2022-03-21 00:09:00,2,338,200,47.9485215547063,4.3222265633229
"2710",2022-03-21 00:09:05,2,338,200,52.5549238598458,4.24669046857443
"2711",2022-03-21 00:09:10,2,338,200,52.4605085546674,3.21117012900622
"2712",2022-03-21 00:09:15,2,338,200,51.6903037443182,3.98641605091732
"2713",2022-03-21 00:09:20,2,338,200,53.8599328168847,3.70955901633128
"2714",2022-03-21 00:09:25,2,338,200,51.6403326414212,3.99181307707035
"2715",2022-03-21 00:09:30,2,338,200,51.7294473129423,4.07558197562389
"2716",2022-03-21 00:09:35,2,338,200,54.5188618515237,3.60505155195305
"2717",2022-03-21 00:09:40,2,338,200,52.7987107625331,4.29242964214555
"2718",2022-03-21 00:09:45,2,338,200,52.6952311680144,3.84244047936522
"2719",2022-03-21 00:09:50,2,338,200,49.2865965096002,4.23552031644342
"2720",2022-03-21 00:09:55,2,338,200,50.1824851575298,4.0315037624347
"2721",2022-03-21 00:10:00,2,338,200,50.8140130475266,3.8681705534005
"2722",2022-03-21 00:10:05,2,338,200,49.4433192897475,3.64142763680999
"2723",2022-03-21 00:10:10,2,338,200,52.2567404497089,3.8957759090061
"2724",2022-03-21 00:10:15,2,338,200,50.711091099922,3.73066790739658
"2725",2022-03-21 00:10:20,2,338,200,52.0411719761274,3.4632606098164
"2726",2022-03-21 00:10:25,2,338,200,51.9230420552763,4.36186684047978
"2727",2022-03-21 00:10:30,2,338,200,50.6774125701926,3.91938222112451
"2728",2022-03-21 00:10:35,2,338,200,51.4251020851244,3.67560865764145
"2729",2022-03-21 00:10:40,2,338,200,49.5617691749555,4.35982496145395
"2730",2022-03-21 00:10:45,2,338,200,48.291680053867,4.33441871571505
"2731",2022-03-21 00:10:50,2,338,200,51.5070816763753,4.14122206355457
"2732",2022-03-21 00:10:55,2,338,200,50.5795560194847,5.14679147529086
"2733",2022-03-21 00:11:00,2,338,200,52.0840552200549,4.3621528396759
"2734",2022-03-21 00:11:05,2,338,200,52.5214606126754,4.14367949615679
"2735",2022-03-21 00:11:10,2,338,200,54.4979836337603,3.94630599718967
"2736",2022-03-21 00:11:15,2,338,200,47.9654981398363,4.64506350486906
"2737",2022-03-21 00:11:20,2,338,200,51.7549898079563,3.78770980930185
"2738",2022-03-21 00:11:25,2,338,200,52.061861919065,4.4051153162412
"2739",2022-03-21 00:11:30,2,338,200,50.5503714677079,4.11904823549302
"2740",2022-03-21 00:11:35,2,338,200,50.7498237095303,4.32299074760696
"2741",2022-03-21 00:11:40,2,338,200,52.1788716364728,3.89562032329441
"2742",2022-03-21 00:11:45,2,338,200,52.8276827813207,3.97347464236708
"2743",2022-03-21 00:11:50,2,338,200,53.1652532728712,4.42234351446441
"2744",2022-03-21 00:11:55,2,338,200,50.5241855154965,4.10421452017368
"2745",2022-03-21 00:12:00,2,338,200,51.9665821212492,4.24514043339063
"2746",2022-03-21 00:12:05,2,338,200,51.4912346266742,4.31842551284773
"2747",2022-03-21 00:12:10,2,338,200,51.4278982436811,3.94139544976949
"2748",2022-03-21 00:12:15,2,338,200,51.2073348695207,3.46991211081837
"2749",2022-03-21 00:12:20,2,338,200,51.4568812228128,4.5590033383766
"2750",2022-03-21 00:12:25,2,338,200,51.138180624408,4.43148538669247
"2751",2022-03-21 00:12:30,2,338,200,50.6222876965796,4.07068847271126
"2752",2022-03-21 00:12:35,2,338,200,51.3257741800521,4.16608362497032
"2753",2022-03-21 00:12:40,2,338,200,48.7588279643553,4.58695723501596
"2754",2022-03-21 00:12:45,2,338,200,49.9237849618487,4.82089193258293
"2755",2022-03-21 00:12:50,2,338,200,52.7872534332199,4.48467565591
"2756",2022-03-21 00:12:55,2,338,200,51.8656931073039,4.06369589787083
"2757",2022-03-21 00:13:00,2,338,200,49.1744126815259,4.28196999355226
"2758",2022-03-21 00:13:05,2,338,200,49.1921637829788,4.02849916968886
"2759",2022-03-21 00:13:10,2,338,200,51.6013250232313,4.03522930873876
"2760",2022-03-21 00:13:15,2,338,200,52.181397711393,4.42717954896248
"2761",2022-03-21 00:13:20,2,338,200,52.6871418524244,3.95691860349631
"2762",2022-03-21 00:13:25,2,338,200,50.5885616502335,4.30334232391205
"2763",2022-03-21 00:13:30,2,338,200,51.2725257499093,3.85543544042058
"2764",2022-03-21 00:13:35,2,338,200,51.9095416851017,4.05732905735621
"2765",2022-03-21 00:13:40,2,338,200,49.8205363093384,4.11372546755817
"2766",2022-03-21 00:13:45,2,338,200,48.1196482772338,4.21482233263161
"2767",2022-03-21 00:13:50,2,338,200,51.2322613242901,3.85606214697292
"2768",2022-03-21 00:13:55,2,338,200,52.3719429094131,4.68903663649925
"2769",2022-03-21 00:14:00,2,338,200,52.0566744713893,4.04301093098068
"2770",2022-03-21 00:14:05,2,338,200,49.9165025062279,4.19355556608553
"2771",2022-03-21 00:14:10,2,338,200,52.0997561613417,4.36113330817785
"2772",2022-03-21 00:14:15,2,338,200,49.0860397819771,4.12453983160777
"2773",2022-03-21 00:14:20,2,338,200,51.2731768714439,4.09277651424156
"2774",2022-03-21 00:14:25,2,338,200,51.414578133933,4.27146083391494
"2775",2022-03-21 00:14:30,2,338,200,51.8891358829071,4.04927870037742
"2776",2022-03-21 00:14:35,2,338,200,51.4305548028894,3.96638738859232
"2777",2022-03-21 00:14:40,2,338,200,53.6089723606198,3.94043547480363
"2778",2022-03-21 00:14:45,2,338,200,54.4766455881208,4.13095650003596
"2779",2022-03-21 00:14:50,2,338,200,50.0145559227995,3.59163237859264
"2780",2022-03-21 00:14:55,2,338,200,53.4830314227005,4.07130008539135
"2781",2022-03-21 00:15:00,2,338,200,52.3076354246436,3.69076526467525
"2782",2022-03-21 00:15:05,2,338,200,49.7939859673206,4.14658031569463
"2783",2022-03-21 00:15:10,2,338,200,49.089620002348,3.63031923306776
"2784",2022-03-21 00:15:15,2,338,200,51.6609686152614,4.36889970145938
"2785",2022-03-21 00:15:20,2,338,200,52.9760265103434,4.01347702529235
"2786",2022-03-21 00:15:25,2,338,200,53.0163356322433,4.16552423961806
"2787",2022-03-21 00:15:30,2,338,200,49.6308080374117,4.37701504942873
"2788",2022-03-21 00:15:35,2,338,200,50.0901969234471,4.21399086009712
"2789",2022-03-21 00:15:40,2,338,200,52.6498649810318,4.18173852623902
"2790",2022-03-21 00:15:45,2,338,200,49.2996415058973,4.59326357875585
"2791",2022-03-21 00:15:50,2,338,200,49.8817441903928,4.02762696324834
"2792",2022-03-21 00:15:55,2,338,200,52.3768339633677,4.14678635388336
"2793",2022-03-21 00:16:00,2,338,200,50.4793668432651,4.33996274347235
"2794",2022-03-21 00:16:05,2,338,200,49.1387064029377,4.57339919171827
"2795",2022-03-21 00:16:10,2,338,200,52.1747614145791,3.69336610274915
"2796",2022-03-21 00:16:15,2,338,200,52.3917174647727,4.38569311043185
"2797",2022-03-21 00:16:20,2,338,200,50.8780495290227,4.53616303415496
"2798",2022-03-21 00:16:25,2,338,200,50.7360811824138,3.6569512721805
"2799",2022-03-21 00:16:30,2,338,200,48.560636483116,4.6396435095456
"2800",2022-03-21 00:16:35,2,338,200,51.5187160669372,3.42256211520054
"2801",2022-03-22 00:00:00,2,338,300,48.9637847227179,4.1142448406209
"2802",2022-03-22 00:00:05,2,338,300,49.8931307354032,3.56499391160691
"2803",2022-03-22 00:00:10,2,338,300,49.4942951320551,4.07754377380956
"2804",2022-03-22 00:00:15,2,338,300,51.394107285296,4.61206733914841
"2805",2022-03-22 00:00:20,2,338,300,52.5193184445999,4.35177282669565
"2806",2022-03-22 00:00:25,2,338,300,50.9053256760512,4.20847229955403
"2807",2022-03-22 00:00:30,2,338,300,52.5850828806761,3.9877694457572
"2808",2022-03-22 00:00:35,2,338,300,53.9351052059038,4.31088683970711
"2809",2022-03-22 00:00:40,2,338,300,50.6314638884794,4.17524088407332
"2810",2022-03-22 00:00:45,2,338,300,50.4349334580752,4.56829140586809
"2811",2022-03-22 00:00:50,2,338,300,53.1482980570933,4.46733574042709
"2812",2022-03-22 00:00:55,2,338,300,49.4997060605512,4.78733206539924
"2813",2022-03-22 00:01:00,2,338,300,51.3839421574938,4.06961827953663
"2814",2022-03-22 00:01:05,2,338,300,49.1219283656785,4.6763679873217
"2815",2022-03-22 00:01:10,2,338,300,50.4473755521473,4.02445065714251
"2816",2022-03-22 00:01:15,2,338,300,50.5368215757469,4.59393864089698
"2817",2022-03-22 00:01:20,2,338,300,50.4601215453959,4.19439913614743
"2818",2022-03-22 00:01:25,2,338,300,51.2280149835872,4.63309715713767
"2819",2022-03-22 00:01:30,2,338,300,49.0663432874392,4.51041836633082
"2820",2022-03-22 00:01:35,2,338,300,51.7658785575934,4.11815807348384
"2821",2022-03-22 00:01:40,2,338,300,52.3644337463036,4.23892443977506
"2822",2022-03-22 00:01:45,2,338,300,54.3142878708593,3.82070288619955
"2823",2022-03-22 00:01:50,2,338,300,52.0851785600126,3.88562792652533
"2824",2022-03-22 00:01:55,2,338,300,50.3471487439144,4.81745899556339
"2825",2022-03-22 00:02:00,2,338,300,53.051085551018,4.41424306327363
"2826",2022-03-22 00:02:05,2,338,300,50.0673297247774,3.95837475402303
"2827",2022-03-22 00:02:10,2,338,300,52.1644953531585,4.24108404995708
"2828",2022-03-22 00:02:15,2,338,300,51.2855455181096,4.46650178914295
"2829",2022-03-22 00:02:20,2,338,300,49.7898532678403,4.40348314326097
"2830",2022-03-22 00:02:25,2,338,300,47.6521217327217,4.20884738586879
"2831",2022-03-22 00:02:30,2,338,300,49.6650754061959,4.72489263283926
"2832",2022-03-22 00:02:35,2,338,300,47.897132935673,3.89342848813117
"2833",2022-03-22 00:02:40,2,338,300,49.7108123883253,3.77692320931159
"2834",2022-03-22 00:02:45,2,338,300,49.3240041413024,4.21570185159197
"2835",2022-03-22 00:02:50,2,338,300,50.0945636851789,4.26336936780554
"2836",2022-03-22 00:02:55,2,338,300,51.1461366182146,4.26668496936826
"2837",2022-03-22 00:03:00,2,338,300,50.9784653970942,4.04933346181499
"2838",2022-03-22 00:03:05,2,338,300,52.4976455377505,4.10744619602819
"2839",2022-03-22 00:03:10,2,338,300,51.7261234441803,3.95344992077101
"2840",2022-03-22 00:03:15,2,338,300,52.720847458525,4.30858261041208
"2841",2022-03-22 00:03:20,2,338,300,51.1343801710134,4.21059890042291
"2842",2022-03-22 00:03:25,2,338,300,50.6782289639557,3.85643007808555
"2843",2022-03-22 00:03:30,2,338,300,51.2100583743891,4.69302490587878
"2844",2022-03-22 00:03:35,2,338,300,48.2910868780532,5.02457858441982
"2845",2022-03-22 00:03:40,2,338,300,50.783354359821,4.06322458389958
"2846",2022-03-22 00:03:45,2,338,300,49.2855627892273,3.95394208780284
"2847",2022-03-22 00:03:50,2,338,300,52.5681633540087,3.90357172095898
"2848",2022-03-22 00:03:55,2,338,300,49.353538404609,4.30781757594089
"2849",2022-03-22 00:04:00,2,338,300,52.7986000231838,4.44089982644256
"2850",2022-03-22 00:04:05,2,338,300,50.8992945830177,4.56815132807343
"2851",2022-03-22 00:04:10,2,338,300,51.399613199553,4.63375656781
"2852",2022-03-22 00:04:15,2,338,300,50.5807401872684,4.17428784198645
"2853",2022-03-22 00:04:20,2,338,300,51.7267080769082,4.94891517473009
"2854",2022-03-22 00:04:25,2,338,300,53.3681987656588,4.41723674429087
"2855",2022-03-22 00:04:30,2,338,300,50.4720948124697,4.0546915792842
"2856",2022-03-22 00:04:35,2,338,300,50.9999053094105,4.2366729136357
"2857",2022-03-22 00:04:40,2,338,300,50.365160607594,4.19090793664443
"2858",2022-03-22 00:04:45,2,338,300,50.2674416793658,4.12825622280838
"2859",2022-03-22 00:04:50,2,338,300,48.7773509038393,4.43507519426462
"2860",2022-03-22 00:04:55,2,338,300,50.516026016732,4.47466494866046
"2861",2022-03-22 00:05:00,2,338,300,51.7091834148227,4.05704594188686
"2862",2022-03-22 00:05:05,2,338,300,50.4985420832021,3.9567897014268
"2863",2022-03-22 00:05:10,2,338,300,52.9537283046088,3.67540253347629
"2864",2022-03-22 00:05:15,2,338,300,50.298107737475,4.32026254772098
"2865",2022-03-22 00:05:20,2,338,300,51.3831314243433,4.20511629514087
"2866",2022-03-22 00:05:25,2,338,300,49.6459052587072,4.93558829078399
"2867",2022-03-22 00:05:30,2,338,300,52.2559727938996,3.92400247653147
"2868",2022-03-22 00:05:35,2,338,300,54.8371536684469,4.15196854289778
"2869",2022-03-22 00:05:40,2,338,300,52.0111967518487,3.89244581137214
"2870",2022-03-22 00:05:45,2,338,300,52.1544911124737,4.22993814980061
"2871",2022-03-22 00:05:50,2,338,300,49.3929879397974,4.67402326269162
"2872",2022-03-22 00:05:55,2,338,300,49.4485788575267,4.34786940670294
"2873",2022-03-22 00:06:00,2,338,300,51.6869746558115,4.31321351085139
"2874",2022-03-22 00:06:05,2,338,300,51.096982624437,3.9742976394336
"2875",2022-03-22 00:06:10,2,338,300,53.2250889468135,4.01431580198784
"2876",2022-03-22 00:06:15,2,338,300,51.6316613511452,4.37531619069218
"2877",2022-03-22 00:06:20,2,338,300,53.1829856727647,4.36702846904506
"2878",2022-03-22 00:06:25,2,338,300,49.575469000013,4.03723989663904
"2879",2022-03-22 00:06:30,2,338,300,50.4396289377498,4.45235761302777
"2880",2022-03-22 00:06:35,2,338,300,50.2181429617738,4.17884984423086
"2881",2022-03-22 00:06:40,2,338,300,53.7213251971964,4.56886923404154
"2882",2022-03-22 00:06:45,2,338,300,50.1866861258637,4.15981150186537
"2883",2022-03-22 00:06:50,2,338,300,51.7877098366528,3.93333589132342
"2884",2022-03-22 00:06:55,2,338,300,51.2505234904388,4.1914989085549
"2885",2022-03-22 00:07:00,2,338,300,52.8169600172156,4.40017899192293
"2886",2022-03-22 00:07:05,2,338,300,52.353992610832,4.33659910121431
"2887",2022-03-22 00:07:10,2,338,300,50.2984362444994,4.12507978103312
"2888",2022-03-22 00:07:15,2,338,300,50.1614473779403,4.18460700597163
"2889",2022-03-22 00:07:20,2,338,300,51.8892747310412,3.84709205389773
"2890",2022-03-22 00:07:25,2,338,300,51.0968569409174,4.40794141613383
"2891",2022-03-22 00:07:30,2,338,300,52.7136090928515,3.72993810622865
"2892",2022-03-22 00:07:35,2,338,300,52.600328931815,4.55195510129014
"2893",2022-03-22 00:07:40,2,338,300,52.292040880965,4.18001427129653
"2894",2022-03-22 00:07:45,2,338,300,54.8115989733214,4.08436690294935
"2895",2022-03-22 00:07:50,2,338,300,50.6030534100223,4.66401912567367
"2896",2022-03-22 00:07:55,2,338,300,50.8640214279297,4.57576112027394
"2897",2022-03-22 00:08:00,2,338,300,50.4097519993747,4.42066350680934
"2898",2022-03-22 00:08:05,2,338,300,50.6551359059693,4.3959637324927
"2899",2022-03-22 00:08:10,2,338,300,51.8189347723118,4.03100259577422
"2900",2022-03-22 00:08:15,2,338,300,51.014513738439,4.42096462157
"2901",2022-03-22 00:08:20,2,338,300,50.6773499973559,4.49929798925765
"2902",2022-03-22 00:08:25,2,338,300,52.4236191733478,4.17824679758296
"2903",2022-03-22 00:08:30,2,338,300,51.2978390982799,4.42275018374849
"2904",2022-03-22 00:08:35,2,338,300,50.2537163429338,4.10799347935769
"2905",2022-03-22 00:08:40,2,338,300,52.3511081805638,4.00165578248535
"2906",2022-03-22 00:08:45,2,338,300,51.3846799135793,4.2560784972065
"2907",2022-03-22 00:08:50,2,338,300,52.4811324231087,4.13038371212413
"2908",2022-03-22 00:08:55,2,338,300,54.9109288372473,4.58554203412772
"2909",2022-03-22 00:09:00,2,338,300,51.32034057929,3.96077542384255
"2910",2022-03-22 00:09:05,2,338,300,54.3892669210436,4.25920324688864
"2911",2022-03-22 00:09:10,2,338,300,49.7202098279928,4.58718823940334
"2912",2022-03-22 00:09:15,2,338,300,52.3848727083925,3.86970967573003
"2913",2022-03-22 00:09:20,2,338,300,48.7965873972254,4.13658771091252
"2914",2022-03-22 00:09:25,2,338,300,50.3794977714302,3.82651821776222
"2915",2022-03-22 00:09:30,2,338,300,49.9737993313275,4.27231974379546
"2916",2022-03-22 00:09:35,2,338,300,51.1356774607797,4.20483878315986
"2917",2022-03-22 00:09:40,2,338,300,52.0426493505377,4.56029522655655
"2918",2022-03-22 00:09:45,2,338,300,50.2017331915061,4.57476231709496
"2919",2022-03-22 00:09:50,2,338,300,50.2579469389386,4.5994296003737
"2920",2022-03-22 00:09:55,2,338,300,52.3637863366771,3.88053199781252
"2921",2022-03-22 00:10:00,2,338,300,54.284743583611,4.05270991402889
"2922",2022-03-22 00:10:05,2,338,300,49.1429027504315,3.96343054774264
"2923",2022-03-22 00:10:10,2,338,300,50.0485923284572,4.5818813713086
"2924",2022-03-22 00:10:15,2,338,300,50.5068546740327,4.18569301517681
"2925",2022-03-22 00:10:20,2,338,300,52.5438563191192,3.78079638034592
"2926",2022-03-22 00:10:25,2,338,300,51.4525159909603,3.86918078720545
"2927",2022-03-22 00:10:30,2,338,300,52.9726069511325,4.14569786769505
"2928",2022-03-22 00:10:35,2,338,300,48.8245804929369,3.99146789385763
"2929",2022-03-22 00:10:40,2,338,300,52.7645766443791,4.42221320799773
"2930",2022-03-22 00:10:45,2,338,300,51.9989529792567,3.67709839361411
"2931",2022-03-22 00:10:50,2,338,300,50.6662240118171,4.56620041533541
"2932",2022-03-22 00:10:55,2,338,300,50.1144522386682,4.0881964316312
"2933",2022-03-22 00:11:00,2,338,300,51.9452284906104,4.31051906074164
"2934",2022-03-22 00:11:05,2,338,300,50.2627031412562,4.3201454105484
"2935",2022-03-22 00:11:10,2,338,300,52.0291073016271,3.74909547027171
"2936",2022-03-22 00:11:15,2,338,300,52.1885688880251,4.11812853150361
"2937",2022-03-22 00:11:20,2,338,300,50.583276132591,4.49944219902355
"2938",2022-03-22 00:11:25,2,338,300,51.1557216580338,3.70406558436702
"2939",2022-03-22 00:11:30,2,338,300,49.5849731867657,4.15866974841991
"2940",2022-03-22 00:11:35,2,338,300,52.6575760530591,4.5578910541194
"2941",2022-03-22 00:11:40,2,338,300,50.3221942994742,3.74688728722138
"2942",2022-03-22 00:11:45,2,338,300,52.1387563003255,4.18084227451966
"2943",2022-03-22 00:11:50,2,338,300,52.3602602920189,3.74205481614454
"2944",2022-03-22 00:11:55,2,338,300,52.8376611069851,4.1441131714239
"2945",2022-03-22 00:12:00,2,338,300,51.1548466228736,4.73931241839529
"2946",2022-03-22 00:12:05,2,338,300,51.694389153195,4.66936098347572
"2947",2022-03-22 00:12:10,2,338,300,52.6904726461066,4.21421972858624
"2948",2022-03-22 00:12:15,2,338,300,50.8750540596648,4.37396144881548
"2949",2022-03-22 00:12:20,2,338,300,53.5405881016049,3.76911185372899
"2950",2022-03-22 00:12:25,2,338,300,51.2334661977638,3.96162218270183
"2951",2022-03-22 00:12:30,2,338,300,51.6957570436948,4.63614111864328
"2952",2022-03-22 00:12:35,2,338,300,51.4540980158954,4.19434935659773
"2953",2022-03-22 00:12:40,2,338,300,52.7524638313422,3.91653308313004
"2954",2022-03-22 00:12:45,2,338,300,51.8190514267205,3.57129309411646
"2955",2022-03-22 00:12:50,2,338,300,52.2552747225878,4.07174480505455
"2956",2022-03-22 00:12:55,2,338,300,52.0191491284292,4.49865304729305
"2957",2022-03-22 00:13:00,2,338,300,51.0367513806882,4.21671995950067
"2958",2022-03-22 00:13:05,2,338,300,51.3288459955924,4.64008219135126
"2959",2022-03-22 00:13:10,2,338,300,53.9122851491019,4.36348205762428
"2960",2022-03-22 00:13:15,2,338,300,50.0817161387531,4.07526208624986
"2961",2022-03-22 00:13:20,2,338,300,53.133983456677,4.29535274992179
"2962",2022-03-22 00:13:25,2,338,300,51.3697374155189,4.09448835176635
"2963",2022-03-22 00:13:30,2,338,300,52.8897165828365,4.10927399447058
"2964",2022-03-22 00:13:35,2,338,300,50.7959178154629,4.3125169672783
"2965",2022-03-22 00:13:40,2,338,300,52.0197789523307,4.11209206289796
"2966",2022-03-22 00:13:45,2,338,300,50.8647068199671,3.80305754410935
"2967",2022-03-22 00:13:50,2,338,300,51.2628938626328,4.69652745615377
"2968",2022-03-22 00:13:55,2,338,300,53.2491936823353,4.09312280967415
"2969",2022-03-22 00:14:00,2,338,300,51.1527968447261,4.03729492269523
"2970",2022-03-22 00:14:05,2,338,300,53.5398298344351,4.73903884994939
"2971",2022-03-22 00:14:10,2,338,300,51.9800994126649,4.70321280423483
"2972",2022-03-22 00:14:15,2,338,300,51.7638937714673,4.08973220414394
"2973",2022-03-22 00:14:20,2,338,300,50.8767333955209,4.31903303721856
"2974",2022-03-22 00:14:25,2,338,300,52.0797087448257,4.30257036884029
"2975",2022-03-22 00:14:30,2,338,300,49.9491604510746,4.33790507154339
"2976",2022-03-22 00:14:35,2,338,300,52.1958110207848,4.19789371795857
"2977",2022-03-22 00:14:40,2,338,300,50.7420312699593,4.01019271809117
"2978",2022-03-22 00:14:45,2,338,300,49.3250504176323,3.6802855955415
"2979",2022-03-22 00:14:50,2,338,300,52.3368367949441,3.75977524613698
"2980",2022-03-22 00:14:55,2,338,300,49.5889976021499,5.07753098395271
"2981",2022-03-22 00:15:00,2,338,300,52.2273932627093,4.48671560284215
"2982",2022-03-22 00:15:05,2,338,300,49.7970342968751,4.17719627514311
"2983",2022-03-22 00:15:10,2,338,300,49.7780584167611,4.87428196282109
"2984",2022-03-22 00:15:15,2,338,300,49.9515585098383,4.64130018635764
"2985",2022-03-22 00:15:20,2,338,300,49.7352111263206,4.24347532954609
"2986",2022-03-22 00:15:25,2,338,300,50.6043059249359,4.39215616134453
"2987",2022-03-22 00:15:30,2,338,300,52.7215508160836,4.10884534487872
"2988",2022-03-22 00:15:35,2,338,300,50.3477814616166,3.68144118294225
"2989",2022-03-22 00:15:40,2,338,300,49.7933212340576,4.1605380362784
"2990",2022-03-22 00:15:45,2,338,300,51.9384458225951,4.35819320704462
"2991",2022-03-22 00:15:50,2,338,300,48.6077008848221,4.29586708061721
"2992",2022-03-22 00:15:55,2,338,300,51.5670828039442,3.93188790236525
"2993",2022-03-22 00:16:00,2,338,300,51.1565001850483,4.87703072942651
"2994",2022-03-22 00:16:05,2,338,300,53.6241549470158,4.08625066755758
"2995",2022-03-22 00:16:10,2,338,300,50.1508637898827,3.7651048946627
"2996",2022-03-22 00:16:15,2,338,300,49.6703405012018,4.1373140249154
"2997",2022-03-22 00:16:20,2,338,300,51.5646838051826,3.78684839789006
"2998",2022-03-22 00:16:25,2,338,300,54.3988770447147,3.99418468386254
"2999",2022-03-22 00:16:30,2,338,300,52.2102079148522,4.1455130143012
"3000",2022-03-22 00:16:35,2,338,300,53.9207144887076,4.5415438846287
"3001",2022-03-23 00:00:00,2,373,100,54.2835306754215,2.63894477134709
"3002",2022-03-23 00:00:05,2,373,100,51.9474644564716,2.36754817807055
"3003",2022-03-23 00:00:10,2,373,100,51.6821607768883,2.21007828367142
"3004",2022-03-23 00:00:15,2,373,100,51.4391273787968,2.67586554252435
"3005",2022-03-23 00:00:20,2,373,100,50.9132443712558,2.17446562444072
"3006",2022-03-23 00:00:25,2,373,100,53.1436754648919,2.60395854918751
"3007",2022-03-23 00:00:30,2,373,100,50.6533478568187,2.63200510352842
"3008",2022-03-23 00:00:35,2,373,100,51.0060415932388,2.39415012225969
"3009",2022-03-23 00:00:40,2,373,100,55.9072558636217,2.28212088561463
"3010",2022-03-23 00:00:45,2,373,100,49.317265413623,2.16431608822984
"3011",2022-03-23 00:00:50,2,373,100,51.0215599370616,2.57902482659366
"3012",2022-03-23 00:00:55,2,373,100,51.979789472706,2.23854020087686
"3013",2022-03-23 00:01:00,2,373,100,50.0421735174933,2.38726962639119
"3014",2022-03-23 00:01:05,2,373,100,50.5976175508075,2.57631265761446
"3015",2022-03-23 00:01:10,2,373,100,51.1888162686952,2.42851425944331
"3016",2022-03-23 00:01:15,2,373,100,52.3180079087047,2.69148363491647
"3017",2022-03-23 00:01:20,2,373,100,47.0918750628564,2.32783719621668
"3018",2022-03-23 00:01:25,2,373,100,50.9723260971745,1.60068685569603
"3019",2022-03-23 00:01:30,2,373,100,50.8861952868584,2.52686189515563
"3020",2022-03-23 00:01:35,2,373,100,52.6086807163988,2.74008425178266
"3021",2022-03-23 00:01:40,2,373,100,52.3914925213019,2.34391913687195
"3022",2022-03-23 00:01:45,2,373,100,51.7497379448952,2.24385090586478
"3023",2022-03-23 00:01:50,2,373,100,50.8538693956561,2.0421120996636
"3024",2022-03-23 00:01:55,2,373,100,51.4751011354557,3.06649653040361
"3025",2022-03-23 00:02:00,2,373,100,51.9594800508047,2.50413239241914
"3026",2022-03-23 00:02:05,2,373,100,49.1538150571944,2.95957147578386
"3027",2022-03-23 00:02:10,2,373,100,49.9808580124278,2.43585654881919
"3028",2022-03-23 00:02:15,2,373,100,52.3628292250906,1.8280960211889
"3029",2022-03-23 00:02:20,2,373,100,53.3275058680159,2.01429031577998
"3030",2022-03-23 00:02:25,2,373,100,51.2008795500388,2.36978723732959
"3031",2022-03-23 00:02:30,2,373,100,50.7351572824611,2.28293792530954
"3032",2022-03-23 00:02:35,2,373,100,51.3748157598928,2.36860284209727
"3033",2022-03-23 00:02:40,2,373,100,50.5368085027929,2.52655437994674
"3034",2022-03-23 00:02:45,2,373,100,51.9305699640324,2.59889273708987
"3035",2022-03-23 00:02:50,2,373,100,51.9889511510482,2.18797059169411
"3036",2022-03-23 00:02:55,2,373,100,50.8809184103758,2.0444897494053
"3037",2022-03-23 00:03:00,2,373,100,51.3983684956521,1.96178150836816
"3038",2022-03-23 00:03:05,2,373,100,50.5663446595308,1.73250012238294
"3039",2022-03-23 00:03:10,2,373,100,50.023405954685,1.94531191645329
"3040",2022-03-23 00:03:15,2,373,100,51.1749441364147,2.3661158047971
"3041",2022-03-23 00:03:20,2,373,100,52.3327486062259,2.54294901713923
"3042",2022-03-23 00:03:25,2,373,100,53.3518742431636,2.0953510286219
"3043",2022-03-23 00:03:30,2,373,100,51.1885711188975,2.8782083599271
"3044",2022-03-23 00:03:35,2,373,100,51.2394706224338,2.10630027993989
"3045",2022-03-23 00:03:40,2,373,100,52.210888644193,1.93513650323817
"3046",2022-03-23 00:03:45,2,373,100,52.0975654046388,2.08282582306765
"3047",2022-03-23 00:03:50,2,373,100,51.3174211318378,1.82321080763219
"3048",2022-03-23 00:03:55,2,373,100,52.6746951884414,3.49765605420657
"3049",2022-03-23 00:04:00,2,373,100,49.1689323650235,2.43400299000246
"3050",2022-03-23 00:04:05,2,373,100,49.7673212897756,2.38462766242969
"3051",2022-03-23 00:04:10,2,373,100,53.4540654189064,2.98307198416624
"3052",2022-03-23 00:04:15,2,373,100,50.6030821827562,2.86550122738598
"3053",2022-03-23 00:04:20,2,373,100,50.0905906697733,2.08394981692157
"3054",2022-03-23 00:04:25,2,373,100,53.5903753481376,2.29090379652297
"3055",2022-03-23 00:04:30,2,373,100,50.8270271112327,1.77674222446558
"3056",2022-03-23 00:04:35,2,373,100,51.9670561341106,2.35764816771138
"3057",2022-03-23 00:04:40,2,373,100,50.7736641227981,2.25600015078289
"3058",2022-03-23 00:04:45,2,373,100,50.8973277955344,2.40260846559514
"3059",2022-03-23 00:04:50,2,373,100,48.4196546193078,2.5431708460764
"3060",2022-03-23 00:04:55,2,373,100,52.6335367832375,3.01688123921133
"3061",2022-03-23 00:05:00,2,373,100,49.7659256647347,2.36856162155003
"3062",2022-03-23 00:05:05,2,373,100,52.4257682801098,2.36427873191671
"3063",2022-03-23 00:05:10,2,373,100,52.2462800959627,2.18182336974358
"3064",2022-03-23 00:05:15,2,373,100,51.0910133797939,2.07977846899152
"3065",2022-03-23 00:05:20,2,373,100,49.6718947863195,1.81646641487927
"3066",2022-03-23 00:05:25,2,373,100,55.6779646287198,1.99064334223802
"3067",2022-03-23 00:05:30,2,373,100,52.6150100470725,2.20694967947134
"3068",2022-03-23 00:05:35,2,373,100,53.0186398780641,1.84299472707
"3069",2022-03-23 00:05:40,2,373,100,51.6402434282889,2.21846970907261
"3070",2022-03-23 00:05:45,2,373,100,51.3666158820405,2.11981133111753
"3071",2022-03-23 00:05:50,2,373,100,51.0227688140133,1.90485311061879
"3072",2022-03-23 00:05:55,2,373,100,50.8235365525153,2.10606122485402
"3073",2022-03-23 00:06:00,2,373,100,49.5398390155797,2.60555329050528
"3074",2022-03-23 00:06:05,2,373,100,52.6471683046049,2.70665527260861
"3075",2022-03-23 00:06:10,2,373,100,52.1204676822708,2.25763309765027
"3076",2022-03-23 00:06:15,2,373,100,50.9847148411388,2.37469394022381
"3077",2022-03-23 00:06:20,2,373,100,51.035631116298,2.32315553433016
"3078",2022-03-23 00:06:25,2,373,100,49.9834109448387,3.05578110395358
"3079",2022-03-23 00:06:30,2,373,100,50.1173401516601,2.59633353737459
"3080",2022-03-23 00:06:35,2,373,100,52.4500902399831,2.53640700358614
"3081",2022-03-23 00:06:40,2,373,100,52.8314837958359,2.90102989568334
"3082",2022-03-23 00:06:45,2,373,100,51.6303108215146,1.97802470157163
"3083",2022-03-23 00:06:50,2,373,100,48.0156933406829,2.34317104369389
"3084",2022-03-23 00:06:55,2,373,100,51.7915164018813,2.54231117264118
"3085",2022-03-23 00:07:00,2,373,100,50.8804276736764,2.197165816814
"3086",2022-03-23 00:07:05,2,373,100,52.5858712260634,2.12571953896822
"3087",2022-03-23 00:07:10,2,373,100,51.146668950309,2.17894890747139
"3088",2022-03-23 00:07:15,2,373,100,50.2763442124484,2.28410886015727
"3089",2022-03-23 00:07:20,2,373,100,52.2345229829593,2.36959697801523
"3090",2022-03-23 00:07:25,2,373,100,50.130099412194,2.65957769196748
"3091",2022-03-23 00:07:30,2,373,100,47.2818691683033,2.5152505195542
"3092",2022-03-23 00:07:35,2,373,100,49.6740823733675,2.57132565985189
"3093",2022-03-23 00:07:40,2,373,100,53.292931488451,2.67658986246217
"3094",2022-03-23 00:07:45,2,373,100,50.3784378736048,2.53996970603618
"3095",2022-03-23 00:07:50,2,373,100,48.2950412484448,2.40582961645887
"3096",2022-03-23 00:07:55,2,373,100,50.9940231672683,2.07588727523442
"3097",2022-03-23 00:08:00,2,373,100,51.164981436304,1.98158942478298
"3098",2022-03-23 00:08:05,2,373,100,48.9040258908492,2.53161428983387
"3099",2022-03-23 00:08:10,2,373,100,53.4220878755404,1.87714711201952
"3100",2022-03-23 00:08:15,2,373,100,50.1810116971101,2.66019999946646
"3101",2022-03-23 00:08:20,2,373,100,53.6137789211967,2.3295125006639
"3102",2022-03-23 00:08:25,2,373,100,50.3885448506989,2.1154017617355
"3103",2022-03-23 00:08:30,2,373,100,51.0961784524713,2.51394092119782
"3104",2022-03-23 00:08:35,2,373,100,51.3032021848429,3.10771779935786
"3105",2022-03-23 00:08:40,2,373,100,51.4710730339949,1.82548607864891
"3106",2022-03-23 00:08:45,2,373,100,52.6169217174998,2.60868130332371
"3107",2022-03-23 00:08:50,2,373,100,51.9756947813614,2.69760316688698
"3108",2022-03-23 00:08:55,2,373,100,51.8377827576879,2.15245092429074
"3109",2022-03-23 00:09:00,2,373,100,50.3203591184423,2.1989906851208
"3110",2022-03-23 00:09:05,2,373,100,48.1963699443316,2.86434117679835
"3111",2022-03-23 00:09:10,2,373,100,51.410758571942,2.20200212226106
"3112",2022-03-23 00:09:15,2,373,100,52.3303953319285,1.99667344017976
"3113",2022-03-23 00:09:20,2,373,100,48.4506245760106,2.36640036899607
"3114",2022-03-23 00:09:25,2,373,100,53.3138924200174,2.72923324565295
"3115",2022-03-23 00:09:30,2,373,100,51.0240879013611,2.24109470198728
"3116",2022-03-23 00:09:35,2,373,100,51.8702078109682,2.41013156100181
"3117",2022-03-23 00:09:40,2,373,100,51.0134913672141,2.1634450787277
"3118",2022-03-23 00:09:45,2,373,100,53.3349008428918,1.95779176474035
"3119",2022-03-23 00:09:50,2,373,100,50.6521868797456,2.40544233235834
"3120",2022-03-23 00:09:55,2,373,100,50.5164280908668,2.37071790841261
"3121",2022-03-23 00:10:00,2,373,100,53.3838326076751,2.07227733721502
"3122",2022-03-23 00:10:05,2,373,100,52.5716832468058,2.39602153693792
"3123",2022-03-23 00:10:10,2,373,100,50.6632579704645,2.56905253354138
"3124",2022-03-23 00:10:15,2,373,100,49.3080788141673,2.23337572405496
"3125",2022-03-23 00:10:20,2,373,100,52.665435341508,1.87534957192161
"3126",2022-03-23 00:10:25,2,373,100,52.4210891849384,2.52133861371229
"3127",2022-03-23 00:10:30,2,373,100,49.5990224903658,2.78451395916558
"3128",2022-03-23 00:10:35,2,373,100,50.0614307034756,2.24742082924821
"3129",2022-03-23 00:10:40,2,373,100,50.4436598474384,2.24700196905912
"3130",2022-03-23 00:10:45,2,373,100,50.3299413466431,1.98400775606209
"3131",2022-03-23 00:10:50,2,373,100,50.9542412269203,2.1543676893135
"3132",2022-03-23 00:10:55,2,373,100,52.613398360219,2.3824789759809
"3133",2022-03-23 00:11:00,2,373,100,50.1683654930752,2.59962775294675
"3134",2022-03-23 00:11:05,2,373,100,51.6961350763082,2.46843335643359
"3135",2022-03-23 00:11:10,2,373,100,53.5243940488117,2.82747595207415
"3136",2022-03-23 00:11:15,2,373,100,50.3866926384691,2.31161927920207
"3137",2022-03-23 00:11:20,2,373,100,50.887530501856,2.06603263952313
"3138",2022-03-23 00:11:25,2,373,100,51.6533976676233,2.25311087768678
"3139",2022-03-23 00:11:30,2,373,100,52.8769322790396,1.98074289838776
"3140",2022-03-23 00:11:35,2,373,100,54.9488349043523,2.4208028694317
"3141",2022-03-23 00:11:40,2,373,100,53.417659084794,2.58839606976478
"3142",2022-03-23 00:11:45,2,373,100,52.2149853976496,2.07166469220483
"3143",2022-03-23 00:11:50,2,373,100,51.2077898933832,2.20663200570656
"3144",2022-03-23 00:11:55,2,373,100,51.4268152862075,2.81262222467236
"3145",2022-03-23 00:12:00,2,373,100,48.7889678410261,2.60792676063553
"3146",2022-03-23 00:12:05,2,373,100,51.3100485660198,1.87213428362025
"3147",2022-03-23 00:12:10,2,373,100,49.7465358178273,2.06399977139793
"3148",2022-03-23 00:12:15,2,373,100,53.4409949465287,2.26330188052225
"3149",2022-03-23 00:12:20,2,373,100,49.5634266099493,2.36359379172948
"3150",2022-03-23 00:12:25,2,373,100,50.2342359208865,1.88594563535479
"3151",2022-03-23 00:12:30,2,373,100,51.2675382704616,2.1805218254947
"3152",2022-03-23 00:12:35,2,373,100,50.1115142959787,1.54940745731878
"3153",2022-03-23 00:12:40,2,373,100,51.830090146465,2.18784499076182
"3154",2022-03-23 00:12:45,2,373,100,51.3907293331073,2.21464523519499
"3155",2022-03-23 00:12:50,2,373,100,51.5860563722278,2.50266291917041
"3156",2022-03-23 00:12:55,2,373,100,51.8179641787412,2.3229194277712
"3157",2022-03-23 00:13:00,2,373,100,53.0415756978404,2.45405278187523
"3158",2022-03-23 00:13:05,2,373,100,51.1847194562641,2.19753974361591
"3159",2022-03-23 00:13:10,2,373,100,52.1100208887851,1.95807831062478
"3160",2022-03-23 00:13:15,2,373,100,50.6421576495082,2.38406963516145
"3161",2022-03-23 00:13:20,2,373,100,55.1704010561915,2.21081148114419
"3162",2022-03-23 00:13:25,2,373,100,51.3233341584554,2.98909706291183
"3163",2022-03-23 00:13:30,2,373,100,51.4285604826658,2.29862489579435
"3164",2022-03-23 00:13:35,2,373,100,51.7255116190101,2.26643987864864
"3165",2022-03-23 00:13:40,2,373,100,49.4409431968954,2.38346069950246
"3166",2022-03-23 00:13:45,2,373,100,53.5836618406882,2.42043432378203
"3167",2022-03-23 00:13:50,2,373,100,50.556904269574,2.69009520246954
"3168",2022-03-23 00:13:55,2,373,100,51.6446595759365,2.16998500564362
"3169",2022-03-23 00:14:00,2,373,100,51.2582797379565,2.45126518541848
"3170",2022-03-23 00:14:05,2,373,100,49.6316941606447,1.98859527104206
"3171",2022-03-23 00:14:10,2,373,100,50.0128573581408,2.548627895733
"3172",2022-03-23 00:14:15,2,373,100,50.5312492240496,2.00038348571053
"3173",2022-03-23 00:14:20,2,373,100,50.6519559099163,2.59123994358499
"3174",2022-03-23 00:14:25,2,373,100,50.3139951835101,2.27296955328252
"3175",2022-03-23 00:14:30,2,373,100,50.2684865550184,2.77110486704021
"3176",2022-03-23 00:14:35,2,373,100,51.2876584803647,2.35722965506342
"3177",2022-03-23 00:14:40,2,373,100,50.793234128277,2.28309569475731
"3178",2022-03-23 00:14:45,2,373,100,52.590791352552,2.19899820295577
"3179",2022-03-23 00:14:50,2,373,100,50.8194876049246,2.44749105582928
"3180",2022-03-23 00:14:55,2,373,100,49.4542792104243,2.59926561214515
"3181",2022-03-23 00:15:00,2,373,100,53.2349026893258,2.48539883792209
"3182",2022-03-23 00:15:05,2,373,100,52.1025781699771,2.64403881308983
"3183",2022-03-23 00:15:10,2,373,100,52.6689768936069,2.06905835833172
"3184",2022-03-23 00:15:15,2,373,100,53.352175170996,2.42162299482327
"3185",2022-03-23 00:15:20,2,373,100,50.935254804606,1.94176321738718
"3186",2022-03-23 00:15:25,2,373,100,53.77503403805,2.0480676580505
"3187",2022-03-23 00:15:30,2,373,100,51.3356954657626,2.71443958384816
"3188",2022-03-23 00:15:35,2,373,100,49.4556202868568,2.9079172683113
"3189",2022-03-23 00:15:40,2,373,100,53.6287569651992,2.45769026660829
"3190",2022-03-23 00:15:45,2,373,100,49.5946099506892,2.32445580551658
"3191",2022-03-23 00:15:50,2,373,100,52.6564838445057,2.75052732608749
"3192",2022-03-23 00:15:55,2,373,100,49.9401120443647,2.35119630818386
"3193",2022-03-23 00:16:00,2,373,100,51.2548431958754,2.36843929749995
"3194",2022-03-23 00:16:05,2,373,100,48.3963293219033,2.43675357995454
"3195",2022-03-23 00:16:10,2,373,100,51.4781783995853,2.18994597469573
"3196",2022-03-23 00:16:15,2,373,100,51.3891939873997,2.60065696988852
"3197",2022-03-23 00:16:20,2,373,100,53.5456220250914,2.16939925066914
"3198",2022-03-23 00:16:25,2,373,100,49.2752377473785,2.4697231576529
"3199",2022-03-23 00:16:30,2,373,100,49.565049273467,2.26226027491247
"3200",2022-03-23 00:16:35,2,373,100,50.283706298003,2.412429428695
"3201",2022-03-24 00:00:00,2,373,200,51.5609282822188,2.13092678862128
"3202",2022-03-24 00:00:05,2,373,200,50.3634870595711,2.5808505867613
"3203",2022-03-24 00:00:10,2,373,200,49.4750615366841,2.04109811855022
"3204",2022-03-24 00:00:15,2,373,200,52.8318274716728,1.47095389971457
"3205",2022-03-24 00:00:20,2,373,200,51.3883088145975,2.49785624659453
"3206",2022-03-24 00:00:25,2,373,200,50.691317714072,2.37411426755248
"3207",2022-03-24 00:00:30,2,373,200,51.9398700528131,2.47550065438173
"3208",2022-03-24 00:00:35,2,373,200,52.5855335723594,2.29534433488755
"3209",2022-03-24 00:00:40,2,373,200,51.1718884722794,2.2905221198354
"3210",2022-03-24 00:00:45,2,373,200,48.478308114736,2.21359751077428
"3211",2022-03-24 00:00:50,2,373,200,47.7558931581167,2.4540150581736
"3212",2022-03-24 00:00:55,2,373,200,51.3885209965358,2.25656383835792
"3213",2022-03-24 00:01:00,2,373,200,50.6909058557061,2.48651125580517
"3214",2022-03-24 00:01:05,2,373,200,50.7137441150853,2.86295807269541
"3215",2022-03-24 00:01:10,2,373,200,48.7558399839582,2.72626753340124
"3216",2022-03-24 00:01:15,2,373,200,52.4900686537326,2.38893696037394
"3217",2022-03-24 00:01:20,2,373,200,49.4751425980994,2.60453208340231
"3218",2022-03-24 00:01:25,2,373,200,50.602404289585,3.00463234980798
"3219",2022-03-24 00:01:30,2,373,200,49.8431696523026,2.57566037653055
"3220",2022-03-24 00:01:35,2,373,200,50.7644167048242,2.28982858706882
"3221",2022-03-24 00:01:40,2,373,200,50.5429845012332,2.8776484285188
"3222",2022-03-24 00:01:45,2,373,200,52.1527164557372,2.10235570493113
"3223",2022-03-24 00:01:50,2,373,200,51.2061093417826,2.5113233715397
"3224",2022-03-24 00:01:55,2,373,200,49.8078823411383,2.61316424754934
"3225",2022-03-24 00:02:00,2,373,200,51.641394090089,2.22885346355308
"3226",2022-03-24 00:02:05,2,373,200,49.9591905377991,2.09183980350147
"3227",2022-03-24 00:02:10,2,373,200,49.2918949036377,2.08402515848316
"3228",2022-03-24 00:02:15,2,373,200,50.1378515853272,2.2655056927792
"3229",2022-03-24 00:02:20,2,373,200,49.6228250524262,2.78315951056438
"3230",2022-03-24 00:02:25,2,373,200,52.5577506054377,2.12354150968257
"3231",2022-03-24 00:02:30,2,373,200,47.6338715510684,2.55855613687245
"3232",2022-03-24 00:02:35,2,373,200,51.2754985335684,2.46316636542539
"3233",2022-03-24 00:02:40,2,373,200,50.8026178277885,3.02683374045766
"3234",2022-03-24 00:02:45,2,373,200,50.4988595478213,2.19601415046925
"3235",2022-03-24 00:02:50,2,373,200,51.9656600398397,2.05857982150592
"3236",2022-03-24 00:02:55,2,373,200,53.7444582300195,1.85673807729103
"3237",2022-03-24 00:03:00,2,373,200,51.3616458944863,2.33745376440698
"3238",2022-03-24 00:03:05,2,373,200,52.2428676296186,2.42410189674274
"3239",2022-03-24 00:03:10,2,373,200,53.6855072514805,2.16909791346482
"3240",2022-03-24 00:03:15,2,373,200,51.1583557018275,2.3196760196835
"3241",2022-03-24 00:03:20,2,373,200,51.2557622839662,2.12246007737371
"3242",2022-03-24 00:03:25,2,373,200,50.3476543340836,2.66650250356042
"3243",2022-03-24 00:03:30,2,373,200,51.2716726014459,2.5628803525353
"3244",2022-03-24 00:03:35,2,373,200,49.5040426225545,2.62121901939071
"3245",2022-03-24 00:03:40,2,373,200,50.3527395163439,2.14586880417841
"3246",2022-03-24 00:03:45,2,373,200,51.6147232011602,2.32726539508601
"3247",2022-03-24 00:03:50,2,373,200,54.3609490250535,2.13770410937445
"3248",2022-03-24 00:03:55,2,373,200,50.7433408850688,2.23770852623922
"3249",2022-03-24 00:04:00,2,373,200,51.9525839316786,2.33146897754162
"3250",2022-03-24 00:04:05,2,373,200,50.0648792917361,2.81824960541564
"3251",2022-03-24 00:04:10,2,373,200,51.4651484040047,2.66188467427336
"3252",2022-03-24 00:04:15,2,373,200,49.4392460398734,1.99131611709583
"3253",2022-03-24 00:04:20,2,373,200,51.7069539736948,2.37368359606149
"3254",2022-03-24 00:04:25,2,373,200,51.1394424397236,2.25229145299012
"3255",2022-03-24 00:04:30,2,373,200,52.1031611377961,2.31410174311891
"3256",2022-03-24 00:04:35,2,373,200,50.673828789694,2.02144063854755
"3257",2022-03-24 00:04:40,2,373,200,53.9427856254691,2.30232508640522
"3258",2022-03-24 00:04:45,2,373,200,50.1829292393624,1.94379051818674
"3259",2022-03-24 00:04:50,2,373,200,51.2321510098609,2.35361412791776
"3260",2022-03-24 00:04:55,2,373,200,51.0039080323143,2.12957161297645
"3261",2022-03-24 00:05:00,2,373,200,49.5654105098586,2.84731062033338
"3262",2022-03-24 00:05:05,2,373,200,51.9129210424724,2.19978821616793
"3263",2022-03-24 00:05:10,2,373,200,50.6074736410806,2.73524627010161
"3264",2022-03-24 00:05:15,2,373,200,50.7490681211642,2.66474057710328
"3265",2022-03-24 00:05:20,2,373,200,49.5237503258209,2.25564940708206
"3266",2022-03-24 00:05:25,2,373,200,49.0169150520154,2.57075682140685
"3267",2022-03-24 00:05:30,2,373,200,52.7367951195064,2.10117065338702
"3268",2022-03-24 00:05:35,2,373,200,50.70010849976,2.17915402667694
"3269",2022-03-24 00:05:40,2,373,200,51.2627464632631,2.45107268078082
"3270",2022-03-24 00:05:45,2,373,200,53.9692147510163,2.33739744239685
"3271",2022-03-24 00:05:50,2,373,200,51.1212277218403,2.13393125012096
"3272",2022-03-24 00:05:55,2,373,200,50.8082580469722,2.35373389634529
"3273",2022-03-24 00:06:00,2,373,200,50.5348511010188,2.48982296157246
"3274",2022-03-24 00:06:05,2,373,200,49.5074645525924,2.08296920118147
"3275",2022-03-24 00:06:10,2,373,200,49.9124196464574,2.48700033190006
"3276",2022-03-24 00:06:15,2,373,200,51.2114651681139,1.89830941039396
"3277",2022-03-24 00:06:20,2,373,200,49.5130303572504,1.9993189687888
"3278",2022-03-24 00:06:25,2,373,200,47.3608826582105,2.26529781473359
"3279",2022-03-24 00:06:30,2,373,200,51.4618927266605,2.71077577345017
"3280",2022-03-24 00:06:35,2,373,200,51.5747951495334,2.40912522895721
"3281",2022-03-24 00:06:40,2,373,200,48.6150963084757,2.41063883422093
"3282",2022-03-24 00:06:45,2,373,200,52.6410442965193,2.24611559242876
"3283",2022-03-24 00:06:50,2,373,200,50.5669728777712,2.72897785342974
"3284",2022-03-24 00:06:55,2,373,200,47.8958245494668,2.38811540097152
"3285",2022-03-24 00:07:00,2,373,200,50.0894611379354,1.91024319376272
"3286",2022-03-24 00:07:05,2,373,200,50.3954541437757,2.56938072211154
"3287",2022-03-24 00:07:10,2,373,200,50.0955445536553,2.1971124031158
"3288",2022-03-24 00:07:15,2,373,200,51.007321552906,2.43388630973957
"3289",2022-03-24 00:07:20,2,373,200,52.6214104774948,2.25757190122455
"3290",2022-03-24 00:07:25,2,373,200,50.951901484295,2.68198344499037
"3291",2022-03-24 00:07:30,2,373,200,52.3666510385496,2.33317402559796
"3292",2022-03-24 00:07:35,2,373,200,51.0060089364303,2.07670500796949
"3293",2022-03-24 00:07:40,2,373,200,51.930989313276,2.31769077317157
"3294",2022-03-24 00:07:45,2,373,200,53.5865533381165,1.59117033065177
"3295",2022-03-24 00:07:50,2,373,200,49.9583417021421,2.19130105980832
"3296",2022-03-24 00:07:55,2,373,200,51.3038299531364,2.69566544869516
"3297",2022-03-24 00:08:00,2,373,200,54.3152475967307,2.45388682405944
"3298",2022-03-24 00:08:05,2,373,200,52.7563320727892,2.55168938633114
"3299",2022-03-24 00:08:10,2,373,200,51.558306321448,3.23194489625204
"3300",2022-03-24 00:08:15,2,373,200,50.5975778252197,2.63914194080701
"3301",2022-03-24 00:08:20,2,373,200,51.584151329012,2.54160160139474
"3302",2022-03-24 00:08:25,2,373,200,52.0570151385404,2.57077832686235
"3303",2022-03-24 00:08:30,2,373,200,49.6381899684471,2.52451632804028
"3304",2022-03-24 00:08:35,2,373,200,49.6721784586109,2.88935593721877
"3305",2022-03-24 00:08:40,2,373,200,50.3068183317181,2.53061604831771
"3306",2022-03-24 00:08:45,2,373,200,53.0279080971673,2.36775442816456
"3307",2022-03-24 00:08:50,2,373,200,50.0426953154353,2.4517696838493
"3308",2022-03-24 00:08:55,2,373,200,49.6346383938138,2.56227441694916
"3309",2022-03-24 00:09:00,2,373,200,53.4509340339698,2.3924330466989
"3310",2022-03-24 00:09:05,2,373,200,50.575268490284,2.6116029703833
"3311",2022-03-24 00:09:10,2,373,200,51.7212001100426,2.51808320438087
"3312",2022-03-24 00:09:15,2,373,200,51.7486437362109,2.32256562677835
"3313",2022-03-24 00:09:20,2,373,200,50.8345690845402,2.17606448918955
"3314",2022-03-24 00:09:25,2,373,200,52.466368148566,2.26176995595567
"3315",2022-03-24 00:09:30,2,373,200,51.5128081060907,2.08691547276991
"3316",2022-03-24 00:09:35,2,373,200,50.3510095285563,2.45579708382832
"3317",2022-03-24 00:09:40,2,373,200,48.5372027360066,2.45500857216079
"3318",2022-03-24 00:09:45,2,373,200,51.6497527667424,2.98772191072426
"3319",2022-03-24 00:09:50,2,373,200,53.0119371768486,2.65294914970459
"3320",2022-03-24 00:09:55,2,373,200,50.1142864621538,1.61997514375821
"3321",2022-03-24 00:10:00,2,373,200,49.1525467846362,2.11087235634446
"3322",2022-03-24 00:10:05,2,373,200,52.0695180232239,2.6640791312592
"3323",2022-03-24 00:10:10,2,373,200,52.972417448874,1.81228301943228
"3324",2022-03-24 00:10:15,2,373,200,52.2864041976307,2.49608227775571
"3325",2022-03-24 00:10:20,2,373,200,52.9775910192539,2.00566856384789
"3326",2022-03-24 00:10:25,2,373,200,51.9046765503386,1.71179391014906
"3327",2022-03-24 00:10:30,2,373,200,51.226645753056,2.26119020189861
"3328",2022-03-24 00:10:35,2,373,200,52.5873187879995,2.2791591035201
"3329",2022-03-24 00:10:40,2,373,200,49.8909163263568,2.88516409563051
"3330",2022-03-24 00:10:45,2,373,200,53.5071040041262,2.85498193194872
"3331",2022-03-24 00:10:50,2,373,200,48.4151408012138,2.01554834993908
"3332",2022-03-24 00:10:55,2,373,200,53.0785026740974,2.16612446801285
"3333",2022-03-24 00:11:00,2,373,200,50.4224386789705,1.77598078309682
"3334",2022-03-24 00:11:05,2,373,200,51.9320353800593,1.9132838695487
"3335",2022-03-24 00:11:10,2,373,200,52.6775693640058,2.16638561568735
"3336",2022-03-24 00:11:15,2,373,200,50.7706551611845,2.24194952973065
"3337",2022-03-24 00:11:20,2,373,200,49.5292396664301,1.95267802487308
"3338",2022-03-24 00:11:25,2,373,200,49.1469211537747,2.19812593604995
"3339",2022-03-24 00:11:30,2,373,200,50.541181883512,2.59783513670328
"3340",2022-03-24 00:11:35,2,373,200,48.4229366431658,2.10317313502265
"3341",2022-03-24 00:11:40,2,373,200,50.1263467680951,2.77863576083465
"3342",2022-03-24 00:11:45,2,373,200,50.8642503105895,3.1084087454182
"3343",2022-03-24 00:11:50,2,373,200,51.0736749676228,2.06607775076961
"3344",2022-03-24 00:11:55,2,373,200,53.2545502611041,2.01527449858224
"3345",2022-03-24 00:12:00,2,373,200,51.3254591093587,2.01297041960124
"3346",2022-03-24 00:12:05,2,373,200,51.8289311758279,2.60909925438872
"3347",2022-03-24 00:12:10,2,373,200,49.7093347291956,1.71547710570092
"3348",2022-03-24 00:12:15,2,373,200,50.7294323760297,2.45290191390529
"3349",2022-03-24 00:12:20,2,373,200,49.829469535954,2.52951606750589
"3350",2022-03-24 00:12:25,2,373,200,50.0244048127412,2.00639225962331
"3351",2022-03-24 00:12:30,2,373,200,52.1763447056285,1.67869615352454
"3352",2022-03-24 00:12:35,2,373,200,51.0780921309265,2.62141771024654
"3353",2022-03-24 00:12:40,2,373,200,51.415439232519,2.44079604710271
"3354",2022-03-24 00:12:45,2,373,200,50.9783359447826,2.08808086551326
"3355",2022-03-24 00:12:50,2,373,200,53.1631709015269,2.13684561057103
"3356",2022-03-24 00:12:55,2,373,200,52.3198340477082,1.91645142876691
"3357",2022-03-24 00:13:00,2,373,200,51.8558994188622,2.15796671944179
"3358",2022-03-24 00:13:05,2,373,200,53.7626383077123,2.32968282164009
"3359",2022-03-24 00:13:10,2,373,200,49.9890258809668,2.05141622683264
"3360",2022-03-24 00:13:15,2,373,200,50.1015616706887,2.02980117965601
"3361",2022-03-24 00:13:20,2,373,200,51.8426974442852,2.52508274138974
"3362",2022-03-24 00:13:25,2,373,200,49.626203563154,2.0800039042645
"3363",2022-03-24 00:13:30,2,373,200,52.8365936574192,1.8908478462992
"3364",2022-03-24 00:13:35,2,373,200,50.7501600284739,1.94403464072927
"3365",2022-03-24 00:13:40,2,373,200,51.833018831829,2.48138410439505
"3366",2022-03-24 00:13:45,2,373,200,51.0022395127103,2.52585300123588
"3367",2022-03-24 00:13:50,2,373,200,50.8653474642845,1.89802499511184
"3368",2022-03-24 00:13:55,2,373,200,50.8148626328376,2.10004028837538
"3369",2022-03-24 00:14:00,2,373,200,54.5304076842219,2.36358727097247
"3370",2022-03-24 00:14:05,2,373,200,50.8806937163189,2.57660166906425
"3371",2022-03-24 00:14:10,2,373,200,53.170203777574,2.4561883608846
"3372",2022-03-24 00:14:15,2,373,200,50.9935691085853,1.98745968448871
"3373",2022-03-24 00:14:20,2,373,200,52.850142269737,2.13467263950657
"3374",2022-03-24 00:14:25,2,373,200,49.9282738266952,2.04282425757305
"3375",2022-03-24 00:14:30,2,373,200,48.8712292543488,2.58458719520022
"3376",2022-03-24 00:14:35,2,373,200,48.2554388075692,1.86383435648074
"3377",2022-03-24 00:14:40,2,373,200,51.1613336203598,2.79248848888186
"3378",2022-03-24 00:14:45,2,373,200,51.829468945087,2.96358394674818
"3379",2022-03-24 00:14:50,2,373,200,51.9326299669188,1.96295467973146
"3380",2022-03-24 00:14:55,2,373,200,48.7103076178811,2.70465065563733
"3381",2022-03-24 00:15:00,2,373,200,52.5838788399852,2.26290408875783
"3382",2022-03-24 00:15:05,2,373,200,51.6453468616145,2.80076300493874
"3383",2022-03-24 00:15:10,2,373,200,50.3631363790314,2.49721163136681
"3384",2022-03-24 00:15:15,2,373,200,53.5882279106111,2.41559914412025
"3385",2022-03-24 00:15:20,2,373,200,49.8620854643012,2.06295046873982
"3386",2022-03-24 00:15:25,2,373,200,51.9804488618554,2.46837885664326
"3387",2022-03-24 00:15:30,2,373,200,49.4938430753725,2.09309668990791
"3388",2022-03-24 00:15:35,2,373,200,51.9233943961817,2.43402856363268
"3389",2022-03-24 00:15:40,2,373,200,50.1550044014027,2.39023023108825
"3390",2022-03-24 00:15:45,2,373,200,52.9115614276852,2.57346228801517
"3391",2022-03-24 00:15:50,2,373,200,50.5364201794398,2.55721277428348
"3392",2022-03-24 00:15:55,2,373,200,48.9419458187836,2.43989760300276
"3393",2022-03-24 00:16:00,2,373,200,52.0991130610127,1.86579572363144
"3394",2022-03-24 00:16:05,2,373,200,54.8212621697801,2.62534411572623
"3395",2022-03-24 00:16:10,2,373,200,51.0888163912067,2.43018003818356
"3396",2022-03-24 00:16:15,2,373,200,54.9947418769718,2.48716920360451
"3397",2022-03-24 00:16:20,2,373,200,51.4151623236541,2.41677614628351
"3398",2022-03-24 00:16:25,2,373,200,49.4947645339889,2.55926048939479
"3399",2022-03-24 00:16:30,2,373,200,50.3822355000681,2.32691811938768
"3400",2022-03-24 00:16:35,2,373,200,54.233924848709,2.29507033881282
"3401",2022-03-25 00:00:00,2,373,300,49.1766827716434,2.76366366330196
"3402",2022-03-25 00:00:05,2,373,300,50.2253719930602,1.72044025955257
"3403",2022-03-25 00:00:10,2,373,300,50.278679349588,2.07913434240907
"3404",2022-03-25 00:00:15,2,373,300,49.578168513328,2.25281560702499
"3405",2022-03-25 00:00:20,2,373,300,48.5941416127837,3.19618993825669
"3406",2022-03-25 00:00:25,2,373,300,51.0734588189773,1.83807958822929
"3407",2022-03-25 00:00:30,2,373,300,50.340341221709,1.69131284517433
"3408",2022-03-25 00:00:35,2,373,300,53.5061612644792,2.0332797315321
"3409",2022-03-25 00:00:40,2,373,300,51.6986617938982,2.44238371519459
"3410",2022-03-25 00:00:45,2,373,300,52.8110421761151,2.03564755185635
"3411",2022-03-25 00:00:50,2,373,300,50.6329721580003,2.31903127036707
"3412",2022-03-25 00:00:55,2,373,300,52.9396839968961,2.54084911370728
"3413",2022-03-25 00:01:00,2,373,300,51.8966982691829,2.16413535792612
"3414",2022-03-25 00:01:05,2,373,300,55.6429817578829,2.91284640536393
"3415",2022-03-25 00:01:10,2,373,300,52.4371838053335,1.59107411311657
"3416",2022-03-25 00:01:15,2,373,300,53.9327896189944,2.32831930413825
"3417",2022-03-25 00:01:20,2,373,300,50.6151324748392,2.63070906209971
"3418",2022-03-25 00:01:25,2,373,300,51.3849195329097,2.07448003624418
"3419",2022-03-25 00:01:30,2,373,300,52.0696649550952,2.58708774350739
"3420",2022-03-25 00:01:35,2,373,300,50.7544701976298,2.52381668683135
"3421",2022-03-25 00:01:40,2,373,300,49.7589932432364,2.42726061185094
"3422",2022-03-25 00:01:45,2,373,300,49.2619011609017,2.2214869091259
"3423",2022-03-25 00:01:50,2,373,300,52.2396131267649,2.14559519138411
"3424",2022-03-25 00:01:55,2,373,300,48.5447042350382,2.56643428400314
"3425",2022-03-25 00:02:00,2,373,300,49.7588827283432,2.61564095762016
"3426",2022-03-25 00:02:05,2,373,300,50.4080528945794,2.68176739520918
"3427",2022-03-25 00:02:10,2,373,300,49.6849426640835,2.19767342138412
"3428",2022-03-25 00:02:15,2,373,300,54.7901653203828,1.45913571348605
"3429",2022-03-25 00:02:20,2,373,300,51.2634324167576,1.94426497084397
"3430",2022-03-25 00:02:25,2,373,300,50.6358185353899,2.17234231862297
"3431",2022-03-25 00:02:30,2,373,300,52.0187950022703,2.71053116570939
"3432",2022-03-25 00:02:35,2,373,300,53.2202550100452,2.43053752584941
"3433",2022-03-25 00:02:40,2,373,300,51.3423947308941,2.14551000345982
"3434",2022-03-25 00:02:45,2,373,300,53.4485465912093,2.14410027053664
"3435",2022-03-25 00:02:50,2,373,300,50.867639785447,2.43319247279296
"3436",2022-03-25 00:02:55,2,373,300,53.0071938039989,2.49264573007663
"3437",2022-03-25 00:03:00,2,373,300,50.3472046249755,1.65178587972822
"3438",2022-03-25 00:03:05,2,373,300,51.0783878508492,2.16510557249343
"3439",2022-03-25 00:03:10,2,373,300,53.9845699288075,2.2596243335508
"3440",2022-03-25 00:03:15,2,373,300,50.850961037129,2.7383777720826
"3441",2022-03-25 00:03:20,2,373,300,51.28554897393,1.94251821085163
"3442",2022-03-25 00:03:25,2,373,300,51.6853273746139,2.14496657573959
"3443",2022-03-25 00:03:30,2,373,300,48.8445972399597,2.49973357122281
"3444",2022-03-25 00:03:35,2,373,300,52.5580453278607,2.60807074724694
"3445",2022-03-25 00:03:40,2,373,300,51.8992836865914,2.51754785045993
"3446",2022-03-25 00:03:45,2,373,300,49.995856843754,2.54971054110101
"3447",2022-03-25 00:03:50,2,373,300,50.2187519413317,2.81318151081611
"3448",2022-03-25 00:03:55,2,373,300,52.0729756082288,2.53634820660535
"3449",2022-03-25 00:04:00,2,373,300,51.6974383553311,2.87329311547117
"3450",2022-03-25 00:04:05,2,373,300,54.0988746324854,1.75270590507717
"3451",2022-03-25 00:04:10,2,373,300,50.9283263544017,2.05874422774786
"3452",2022-03-25 00:04:15,2,373,300,49.3487977770627,2.36553738279805
"3453",2022-03-25 00:04:20,2,373,300,53.2969652475146,2.81040700097636
"3454",2022-03-25 00:04:25,2,373,300,51.591462952806,2.73247453906491
"3455",2022-03-25 00:04:30,2,373,300,50.036055290623,2.54179126364697
"3456",2022-03-25 00:04:35,2,373,300,53.0583791048356,1.99434223516663
"3457",2022-03-25 00:04:40,2,373,300,52.4560759492382,1.957240073285
"3458",2022-03-25 00:04:45,2,373,300,50.8986710622532,2.14300124689039
"3459",2022-03-25 00:04:50,2,373,300,51.9613315159085,2.68393955374297
"3460",2022-03-25 00:04:55,2,373,300,50.9703748726126,2.47804787895454
"3461",2022-03-25 00:05:00,2,373,300,50.5235381091052,1.8338119323329
"3462",2022-03-25 00:05:05,2,373,300,52.7685902802046,2.00233832547135
"3463",2022-03-25 00:05:10,2,373,300,50.4835672463593,2.16917517069605
"3464",2022-03-25 00:05:15,2,373,300,51.3073175302551,2.24714543317346
"3465",2022-03-25 00:05:20,2,373,300,48.7591260973593,2.13138025143069
"3466",2022-03-25 00:05:25,2,373,300,52.1686211346644,2.63746067002474
"3467",2022-03-25 00:05:30,2,373,300,51.0952151107203,2.15701654735237
"3468",2022-03-25 00:05:35,2,373,300,52.6545913948986,2.32687941510668
"3469",2022-03-25 00:05:40,2,373,300,52.3820830020928,2.82830911799906
"3470",2022-03-25 00:05:45,2,373,300,52.1843352284804,2.30148344389065
"3471",2022-03-25 00:05:50,2,373,300,53.5152579354288,2.30044076070567
"3472",2022-03-25 00:05:55,2,373,300,52.889775926438,2.11528031385884
"3473",2022-03-25 00:06:00,2,373,300,50.1669748484208,2.23047957730033
"3474",2022-03-25 00:06:05,2,373,300,48.4017338067394,2.37567004403327
"3475",2022-03-25 00:06:10,2,373,300,51.6015429646406,1.97655247065399
"3476",2022-03-25 00:06:15,2,373,300,50.7823459163459,1.73309184383087
"3477",2022-03-25 00:06:20,2,373,300,53.2025774985627,2.41033593236437
"3478",2022-03-25 00:06:25,2,373,300,52.7958172352198,2.63669713743355
"3479",2022-03-25 00:06:30,2,373,300,52.9627988510873,2.64375831413447
"3480",2022-03-25 00:06:35,2,373,300,52.6502349100865,2.33044742667972
"3481",2022-03-25 00:06:40,2,373,300,51.0513217481659,1.91857656890892
"3482",2022-03-25 00:06:45,2,373,300,52.0009817941484,2.45584344491168
"3483",2022-03-25 00:06:50,2,373,300,53.973006567728,2.28045898300467
"3484",2022-03-25 00:06:55,2,373,300,51.2699769940524,2.76580575544777
"3485",2022-03-25 00:07:00,2,373,300,50.3397893154622,1.91973473866955
"3486",2022-03-25 00:07:05,2,373,300,48.4747203922278,2.27658954983807
"3487",2022-03-25 00:07:10,2,373,300,50.9819089886798,2.56335517634784
"3488",2022-03-25 00:07:15,2,373,300,52.9744160216624,2.05026960012611
"3489",2022-03-25 00:07:20,2,373,300,49.8232830533713,2.67328444895756
"3490",2022-03-25 00:07:25,2,373,300,49.6362616011679,1.79117968748747
"3491",2022-03-25 00:07:30,2,373,300,51.2838908588821,2.25765377957236
"3492",2022-03-25 00:07:35,2,373,300,52.189383071845,2.49517951213355
"3493",2022-03-25 00:07:40,2,373,300,49.449246416098,2.5858579467631
"3494",2022-03-25 00:07:45,2,373,300,51.5064068348946,2.7155657715332
"3495",2022-03-25 00:07:50,2,373,300,51.0587876085979,1.74061958806662
"3496",2022-03-25 00:07:55,2,373,300,52.3291133519835,2.6170593027442
"3497",2022-03-25 00:08:00,2,373,300,50.6830011567896,1.75948199602771
"3498",2022-03-25 00:08:05,2,373,300,48.5309903996243,2.28688983230389
"3499",2022-03-25 00:08:10,2,373,300,48.7368990689492,1.91604811076878
"3500",2022-03-25 00:08:15,2,373,300,51.3969539978908,2.03214686166495
"3501",2022-03-25 00:08:20,2,373,300,51.4941001019506,1.89701365833353
"3502",2022-03-25 00:08:25,2,373,300,50.019195670911,2.32688045201117
"3503",2022-03-25 00:08:30,2,373,300,52.8943337236241,2.27193137963866
"3504",2022-03-25 00:08:35,2,373,300,50.8541519544484,2.31503482849686
"3505",2022-03-25 00:08:40,2,373,300,49.4172993888843,2.17141539082278
"3506",2022-03-25 00:08:45,2,373,300,50.2580274304443,2.4495223511206
"3507",2022-03-25 00:08:50,2,373,300,49.4769435071765,2.05924560142364
"3508",2022-03-25 00:08:55,2,373,300,53.5543528327862,2.64781476034462
"3509",2022-03-25 00:09:00,2,373,300,51.8489167065534,2.0115249007803
"3510",2022-03-25 00:09:05,2,373,300,51.7681268178257,1.68170409951955
"3511",2022-03-25 00:09:10,2,373,300,49.2821129862727,2.24310463619654
"3512",2022-03-25 00:09:15,2,373,300,50.779156192497,2.57387809828889
"3513",2022-03-25 00:09:20,2,373,300,51.4822911237164,2.56511681587714
"3514",2022-03-25 00:09:25,2,373,300,52.9749440454477,2.41763766803119
"3515",2022-03-25 00:09:30,2,373,300,52.8161679343592,2.44294902136118
"3516",2022-03-25 00:09:35,2,373,300,50.6476048458151,2.39850512268461
"3517",2022-03-25 00:09:40,2,373,300,53.9796313832901,2.60073915514875
"3518",2022-03-25 00:09:45,2,373,300,50.7599720367317,2.44803986961053
"3519",2022-03-25 00:09:50,2,373,300,51.9202524835801,2.78677965018046
"3520",2022-03-25 00:09:55,2,373,300,53.5041058580458,2.46416028542138
"3521",2022-03-25 00:10:00,2,373,300,50.5701372720929,2.38192391907
"3522",2022-03-25 00:10:05,2,373,300,53.2875432484552,2.24125415898066
"3523",2022-03-25 00:10:10,2,373,300,49.2822714320475,2.58702615822495
"3524",2022-03-25 00:10:15,2,373,300,54.4462112283359,1.97753910360846
"3525",2022-03-25 00:10:20,2,373,300,52.8402754023733,2.27584152355998
"3526",2022-03-25 00:10:25,2,373,300,52.152600301368,2.47259754182329
"3527",2022-03-25 00:10:30,2,373,300,51.3452226243858,2.14255269104684
"3528",2022-03-25 00:10:35,2,373,300,48.3534259347803,2.72519886303135
"3529",2022-03-25 00:10:40,2,373,300,50.154443584156,2.17150559972615
"3530",2022-03-25 00:10:45,2,373,300,50.3952981527355,2.2152787456973
"3531",2022-03-25 00:10:50,2,373,300,49.9621391684681,2.4906054698897
"3532",2022-03-25 00:10:55,2,373,300,51.5766848127009,2.01704753626167
"3533",2022-03-25 00:11:00,2,373,300,52.1302108462263,2.34818712428104
"3534",2022-03-25 00:11:05,2,373,300,48.2563186515973,2.0480230955058
"3535",2022-03-25 00:11:10,2,373,300,50.4429179066976,1.81654294077959
"3536",2022-03-25 00:11:15,2,373,300,54.3559932460663,2.21086660876539
"3537",2022-03-25 00:11:20,2,373,300,52.4936982011023,2.24522518076467
"3538",2022-03-25 00:11:25,2,373,300,51.1993511784559,2.56513047354825
"3539",2022-03-25 00:11:30,2,373,300,51.774390452594,2.00038710565597
"3540",2022-03-25 00:11:35,2,373,300,50.1216838442498,1.82729276227469
"3541",2022-03-25 00:11:40,2,373,300,52.5107162115363,2.14974780245785
"3542",2022-03-25 00:11:45,2,373,300,50.7032855586416,2.4420308723096
"3543",2022-03-25 00:11:50,2,373,300,50.1030050000911,2.26734719543691
"3544",2022-03-25 00:11:55,2,373,300,52.8310624926082,2.32441661409375
"3545",2022-03-25 00:12:00,2,373,300,53.6010479468191,2.44530487290943
"3546",2022-03-25 00:12:05,2,373,300,50.3214580827422,2.68695110390286
"3547",2022-03-25 00:12:10,2,373,300,51.347731586858,2.25323229266267
"3548",2022-03-25 00:12:15,2,373,300,52.3446868687501,2.74387332037208
"3549",2022-03-25 00:12:20,2,373,300,51.6346612329436,2.8764434682941
"3550",2022-03-25 00:12:25,2,373,300,50.6689135219724,2.4799731059866
"3551",2022-03-25 00:12:30,2,373,300,50.2555740968896,1.82686476068602
"3552",2022-03-25 00:12:35,2,373,300,49.9556473580787,2.32791291759329
"3553",2022-03-25 00:12:40,2,373,300,51.8250550024575,2.32486516371947
"3554",2022-03-25 00:12:45,2,373,300,53.2273262362395,2.34736903215285
"3555",2022-03-25 00:12:50,2,373,300,53.2731174442937,2.35141938692939
"3556",2022-03-25 00:12:55,2,373,300,53.7573054712256,2.29198753819505
"3557",2022-03-25 00:13:00,2,373,300,52.3455402003283,2.34109116685058
"3558",2022-03-25 00:13:05,2,373,300,52.8275484125442,2.62732312359181
"3559",2022-03-25 00:13:10,2,373,300,49.5523370784281,2.63320627766467
"3560",2022-03-25 00:13:15,2,373,300,52.1023125337675,2.14684890846836
"3561",2022-03-25 00:13:20,2,373,300,49.9045296392557,2.25208806579913
"3562",2022-03-25 00:13:25,2,373,300,53.8156356560815,2.41327438621945
"3563",2022-03-25 00:13:30,2,373,300,54.1687213641442,2.59064278816026
"3564",2022-03-25 00:13:35,2,373,300,49.6987930440184,2.66941729041224
"3565",2022-03-25 00:13:40,2,373,300,48.5771051717301,2.20533321717188
"3566",2022-03-25 00:13:45,2,373,300,51.7481477662798,2.58127881954671
"3567",2022-03-25 00:13:50,2,373,300,51.1916692455171,2.8518633483375
"3568",2022-03-25 00:13:55,2,373,300,51.6017068555499,2.65866361736137
"3569",2022-03-25 00:14:00,2,373,300,53.9064825602411,2.12783410348914
"3570",2022-03-25 00:14:05,2,373,300,50.6809190651706,2.75075440639081
"3571",2022-03-25 00:14:10,2,373,300,51.6114814868276,2.24715920972282
"3572",2022-03-25 00:14:15,2,373,300,51.4051584056825,2.59340996910965
"3573",2022-03-25 00:14:20,2,373,300,49.2031501469759,2.02449431968502
"3574",2022-03-25 00:14:25,2,373,300,50.3330648116859,2.17625538131436
"3575",2022-03-25 00:14:30,2,373,300,50.9135964892171,2.59470658002894
"3576",2022-03-25 00:14:35,2,373,300,49.564522567192,2.5324353919712
"3577",2022-03-25 00:14:40,2,373,300,51.4366328471082,1.73969265324594
"3578",2022-03-25 00:14:45,2,373,300,50.8215937148719,2.27175194663198
"3579",2022-03-25 00:14:50,2,373,300,53.632526873009,2.02745860289365
"3580",2022-03-25 00:14:55,2,373,300,48.5126158287609,2.34317304956606
"3581",2022-03-25 00:15:00,2,373,300,50.7616638032204,2.02818420749291
"3582",2022-03-25 00:15:05,2,373,300,50.8808739398689,2.84696093237723
"3583",2022-03-25 00:15:10,2,373,300,49.9622747020222,2.74306895886732
"3584",2022-03-25 00:15:15,2,373,300,49.0109840284172,2.68606777500893
"3585",2022-03-25 00:15:20,2,373,300,50.7837607544455,2.45771470744252
"3586",2022-03-25 00:15:25,2,373,300,50.0412461477908,1.80883285363192
"3587",2022-03-25 00:15:30,2,373,300,49.0275189224522,2.25907757345918
"3588",2022-03-25 00:15:35,2,373,300,52.7135075860056,2.80501102898937
"3589",2022-03-25 00:15:40,2,373,300,49.847173576657,2.11544675299307
"3590",2022-03-25 00:15:45,2,373,300,52.6037051896513,2.27906239895737
"3591",2022-03-25 00:15:50,2,373,300,53.6318195505981,1.99696876457598
"3592",2022-03-25 00:15:55,2,373,300,52.2078604939058,2.30734511696107
"3593",2022-03-25 00:16:00,2,373,300,49.570310531917,2.89542858743642
"3594",2022-03-25 00:16:05,2,373,300,53.5044335056658,2.24059539273952
"3595",2022-03-25 00:16:10,2,373,300,51.3633259033161,2.6482350670722
"3596",2022-03-25 00:16:15,2,373,300,50.7732080043566,1.77936836693002
"3597",2022-03-25 00:16:20,2,373,300,52.1494048462743,1.90057566679371
"3598",2022-03-25 00:16:25,2,373,300,53.1075745921366,2.47632128918199
"3599",2022-03-25 00:16:30,2,373,300,52.2591135079852,2.05139119159058
"3600",2022-03-25 00:16:35,2,373,300,51.8954660359235,2.23026148404719
"3601",2022-03-26 00:00:00,3,303,100,50.6830531890132,6.00618494915905
"3602",2022-03-26 00:00:05,3,303,100,50.2635380331103,5.79564314745313
"3603",2022-03-26 00:00:10,3,303,100,51.7507274525602,5.95797172884094
"3604",2022-03-26 00:00:15,3,303,100,51.3027030490827,6.05108859003902
"3605",2022-03-26 00:00:20,3,303,100,51.3982151175242,5.98271611832487
"3606",2022-03-26 00:00:25,3,303,100,49.9024368492752,5.97322173701561
"3607",2022-03-26 00:00:30,3,303,100,50.770920556806,5.61633384116119
"3608",2022-03-26 00:00:35,3,303,100,50.4816098255897,5.91879224937499
"3609",2022-03-26 00:00:40,3,303,100,49.9378434930382,6.4473559218557
"3610",2022-03-26 00:00:45,3,303,100,50.7499346077926,6.49566447342283
"3611",2022-03-26 00:00:50,3,303,100,51.5325597735016,5.87819626045085
"3612",2022-03-26 00:00:55,3,303,100,51.1776991131661,6.17756491376715
"3613",2022-03-26 00:01:00,3,303,100,50.904290669649,5.60846341079752
"3614",2022-03-26 00:01:05,3,303,100,50.9389961583023,5.62344611000534
"3615",2022-03-26 00:01:10,3,303,100,50.2952203886825,6.21972591749525
"3616",2022-03-26 00:01:15,3,303,100,51.9514595837543,6.20663503999847
"3617",2022-03-26 00:01:20,3,303,100,51.1468263930494,6.17934154761909
"3618",2022-03-26 00:01:25,3,303,100,51.2183501861811,6.16251023729238
"3619",2022-03-26 00:01:30,3,303,100,51.1077233427586,5.69076893178617
"3620",2022-03-26 00:01:35,3,303,100,50.4970831439575,6.25508576546099
"3621",2022-03-26 00:01:40,3,303,100,50.4924899158639,5.93678145731434
"3622",2022-03-26 00:01:45,3,303,100,50.6001370541107,6.16614927585482
"3623",2022-03-26 00:01:50,3,303,100,49.7805392862757,5.83661081131719
"3624",2022-03-26 00:01:55,3,303,100,50.5528754000123,6.25675655867104
"3625",2022-03-26 00:02:00,3,303,100,52.0809821690313,6.13498927244598
"3626",2022-03-26 00:02:05,3,303,100,51.5712620365423,6.03678080999568
"3627",2022-03-26 00:02:10,3,303,100,51.1532209986197,5.97213098343255
"3628",2022-03-26 00:02:15,3,303,100,51.460852015839,6.12175627094566
"3629",2022-03-26 00:02:20,3,303,100,51.1876602401169,5.86037158559341
"3630",2022-03-26 00:02:25,3,303,100,50.6829137474171,5.70823333677087
"3631",2022-03-26 00:02:30,3,303,100,50.4523314395139,5.88450602413007
"3632",2022-03-26 00:02:35,3,303,100,49.4631930583713,6.30583942921116
"3633",2022-03-26 00:02:40,3,303,100,51.0052456257576,6.44768111262588
"3634",2022-03-26 00:02:45,3,303,100,50.0491562421,5.39366830136676
"3635",2022-03-26 00:02:50,3,303,100,50.4719456806813,5.99805260762301
"3636",2022-03-26 00:02:55,3,303,100,50.0994363092357,5.54484517867198
"3637",2022-03-26 00:03:00,3,303,100,51.0355418963907,5.60838079192033
"3638",2022-03-26 00:03:05,3,303,100,51.1800341514905,6.32806051134888
"3639",2022-03-26 00:03:10,3,303,100,50.285477981898,5.44418687889555
"3640",2022-03-26 00:03:15,3,303,100,51.0411942235941,6.48365992619706
"3641",2022-03-26 00:03:20,3,303,100,50.7517346348187,6.36402492629063
"3642",2022-03-26 00:03:25,3,303,100,50.2229247790578,5.94460130675218
"3643",2022-03-26 00:03:30,3,303,100,51.0742465816936,6.25756902589209
"3644",2022-03-26 00:03:35,3,303,100,51.3708264691748,6.08974860092838
"3645",2022-03-26 00:03:40,3,303,100,50.2701058228846,5.74286114439873
"3646",2022-03-26 00:03:45,3,303,100,50.5958242559995,6.30459865568292
"3647",2022-03-26 00:03:50,3,303,100,51.1734672356141,6.3594264479517
"3648",2022-03-26 00:03:55,3,303,100,51.3199830212933,6.60097009035681
"3649",2022-03-26 00:04:00,3,303,100,50.3674645248337,6.28743511903224
"3650",2022-03-26 00:04:05,3,303,100,50.2247077328918,6.31298696536663
"3651",2022-03-26 00:04:10,3,303,100,50.5626848134767,6.34896691376194
"3652",2022-03-26 00:04:15,3,303,100,49.9853613722687,6.54869288229945
"3653",2022-03-26 00:04:20,3,303,100,51.016344915128,6.03968842784859
"3654",2022-03-26 00:04:25,3,303,100,51.2824717197841,6.09147705532796
"3655",2022-03-26 00:04:30,3,303,100,50.9202580825204,6.15407206768505
"3656",2022-03-26 00:04:35,3,303,100,51.7960466473945,6.30370763992979
"3657",2022-03-26 00:04:40,3,303,100,50.8208045102864,5.8243613564583
"3658",2022-03-26 00:04:45,3,303,100,51.3726635064002,6.64837162915696
"3659",2022-03-26 00:04:50,3,303,100,50.3650845986301,5.90914810447747
"3660",2022-03-26 00:04:55,3,303,100,51.3718146430873,6.10440211208225
"3661",2022-03-26 00:05:00,3,303,100,50.9586419814433,6.39497883309626
"3662",2022-03-26 00:05:05,3,303,100,50.6566354973546,6.01916976018753
"3663",2022-03-26 00:05:10,3,303,100,50.9968655774708,6.00772141397599
"3664",2022-03-26 00:05:15,3,303,100,50.6618633880008,6.39573309074975
"3665",2022-03-26 00:05:20,3,303,100,51.791303911769,6.1876562187452
"3666",2022-03-26 00:05:25,3,303,100,50.6242488925271,6.05134035760754
"3667",2022-03-26 00:05:30,3,303,100,50.7649310628898,5.49905061528153
"3668",2022-03-26 00:05:35,3,303,100,51.0782069301972,6.231754015746
"3669",2022-03-26 00:05:40,3,303,100,50.9250382029208,6.77258829720976
"3670",2022-03-26 00:05:45,3,303,100,50.8007705929746,5.58455893598665
"3671",2022-03-26 00:05:50,3,303,100,50.4737444930919,6.15989486841716
"3672",2022-03-26 00:05:55,3,303,100,50.5672310890947,6.09192387602521
"3673",2022-03-26 00:06:00,3,303,100,50.511232545039,6.27300513025508
"3674",2022-03-26 00:06:05,3,303,100,50.9277989512167,5.73341886544085
"3675",2022-03-26 00:06:10,3,303,100,51.0552841266367,6.36295814041328
"3676",2022-03-26 00:06:15,3,303,100,50.1979192875126,6.18889425579129
"3677",2022-03-26 00:06:20,3,303,100,50.8209002843847,6.2526473921779
"3678",2022-03-26 00:06:25,3,303,100,51.0610316190713,6.06727767458505
"3679",2022-03-26 00:06:30,3,303,100,49.5090518758093,5.75061478381547
"3680",2022-03-26 00:06:35,3,303,100,50.8656409875799,6.64154237161704
"3681",2022-03-26 00:06:40,3,303,100,49.9700080109188,5.79801346808661
"3682",2022-03-26 00:06:45,3,303,100,51.275667092067,6.11329762988925
"3683",2022-03-26 00:06:50,3,303,100,50.5804840432445,6.27602761522813
"3684",2022-03-26 00:06:55,3,303,100,50.6375460169866,6.21240016085249
"3685",2022-03-26 00:07:00,3,303,100,51.0308377010583,6.18417455389818
"3686",2022-03-26 00:07:05,3,303,100,50.5921407968625,6.71291659798377
"3687",2022-03-26 00:07:10,3,303,100,50.7566809274574,6.06739102838451
"3688",2022-03-26 00:07:15,3,303,100,51.5803493036602,5.72354943541534
"3689",2022-03-26 00:07:20,3,303,100,51.2190087463538,6.30168557377328
"3690",2022-03-26 00:07:25,3,303,100,50.2220605458213,6.0165133158321
"3691",2022-03-26 00:07:30,3,303,100,51.2774360112594,6.45419792779961
"3692",2022-03-26 00:07:35,3,303,100,51.3906496707463,5.96854193006394
"3693",2022-03-26 00:07:40,3,303,100,51.0971194276769,6.45570224227167
"3694",2022-03-26 00:07:45,3,303,100,50.0516847741434,6.28920137136255
"3695",2022-03-26 00:07:50,3,303,100,51.5948676371095,6.01164842623541
"3696",2022-03-26 00:07:55,3,303,100,50.2682002442248,6.08837204706351
"3697",2022-03-26 00:08:00,3,303,100,50.7029232330048,5.8299988750424
"3698",2022-03-26 00:08:05,3,303,100,50.8411559057478,5.51229769856016
"3699",2022-03-26 00:08:10,3,303,100,50.5912637173323,5.39260771433046
"3700",2022-03-26 00:08:15,3,303,100,51.8336545829776,6.14716762676276
"3701",2022-03-26 00:08:20,3,303,100,51.5729472305769,5.45846425955465
"3702",2022-03-26 00:08:25,3,303,100,50.0123297844779,5.96280605127747
"3703",2022-03-26 00:08:30,3,303,100,50.0321574952553,6.67476316397742
"3704",2022-03-26 00:08:35,3,303,100,50.7648744370754,5.69516631944683
"3705",2022-03-26 00:08:40,3,303,100,51.1689662308314,6.76290614179205
"3706",2022-03-26 00:08:45,3,303,100,50.0878661691687,5.4885623945277
"3707",2022-03-26 00:08:50,3,303,100,51.2335960649347,6.59956939276905
"3708",2022-03-26 00:08:55,3,303,100,50.4004849061701,6.25446499268915
"3709",2022-03-26 00:09:00,3,303,100,51.1127132544416,6.19923785373684
"3710",2022-03-26 00:09:05,3,303,100,50.5896115434915,5.75006740309992
"3711",2022-03-26 00:09:10,3,303,100,51.6529741179034,6.45226459143343
"3712",2022-03-26 00:09:15,3,303,100,50.6061480202915,6.19103551675034
"3713",2022-03-26 00:09:20,3,303,100,51.0195533625211,6.7769199489348
"3714",2022-03-26 00:09:25,3,303,100,50.9384368187111,5.42148643241413
"3715",2022-03-26 00:09:30,3,303,100,51.1025439666341,6.17789653877825
"3716",2022-03-26 00:09:35,3,303,100,50.2335165458139,5.97270647804363
"3717",2022-03-26 00:09:40,3,303,100,50.3248847092763,6.86199352105185
"3718",2022-03-26 00:09:45,3,303,100,50.8269157772879,6.12076312613706
"3719",2022-03-26 00:09:50,3,303,100,51.4949516906171,6.08251027459604
"3720",2022-03-26 00:09:55,3,303,100,51.7770941535815,5.88070090152756
"3721",2022-03-26 00:10:00,3,303,100,50.4032583117077,5.97547009240233
"3722",2022-03-26 00:10:05,3,303,100,51.1430859547236,6.29051389742909
"3723",2022-03-26 00:10:10,3,303,100,51.3545731835786,6.57889720072201
"3724",2022-03-26 00:10:15,3,303,100,50.9241446253304,5.9704373073441
"3725",2022-03-26 00:10:20,3,303,100,50.7296860273933,6.05373744585885
"3726",2022-03-26 00:10:25,3,303,100,50.375709476257,5.49594357812097
"3727",2022-03-26 00:10:30,3,303,100,49.5315026299589,6.31086195808981
"3728",2022-03-26 00:10:35,3,303,100,51.7199638211629,6.5149417732609
"3729",2022-03-26 00:10:40,3,303,100,50.9287398942432,6.30012383909242
"3730",2022-03-26 00:10:45,3,303,100,50.3220071472008,5.82458024087658
"3731",2022-03-26 00:10:50,3,303,100,51.3453120998054,5.54431810890969
"3732",2022-03-26 00:10:55,3,303,100,51.7962848524809,5.96664989594263
"3733",2022-03-26 00:11:00,3,303,100,49.8294030214079,5.63004279197447
"3734",2022-03-26 00:11:05,3,303,100,51.378865553746,6.88285684018808
"3735",2022-03-26 00:11:10,3,303,100,50.6664370882943,6.09891221069346
"3736",2022-03-26 00:11:15,3,303,100,50.7970112903236,5.60377292622458
"3737",2022-03-26 00:11:20,3,303,100,51.195265176689,6.86036108077522
"3738",2022-03-26 00:11:25,3,303,100,50.7072374748997,6.47867798623103
"3739",2022-03-26 00:11:30,3,303,100,50.1871341191001,6.12876987814694
"3740",2022-03-26 00:11:35,3,303,100,50.7845355417807,5.90684855670765
"3741",2022-03-26 00:11:40,3,303,100,49.9759961860113,5.88412506424665
"3742",2022-03-26 00:11:45,3,303,100,51.10999300419,6.91034826852997
"3743",2022-03-26 00:11:50,3,303,100,51.527246043243,5.89594542474974
"3744",2022-03-26 00:11:55,3,303,100,50.2649632113654,6.21684422402392
"3745",2022-03-26 00:12:00,3,303,100,50.6655822490077,5.95097839239956
"3746",2022-03-26 00:12:05,3,303,100,51.5374150665009,5.92060879297572
"3747",2022-03-26 00:12:10,3,303,100,51.349185123096,6.57543286114997
"3748",2022-03-26 00:12:15,3,303,100,50.4234991101095,6.6785458389433
"3749",2022-03-26 00:12:20,3,303,100,49.9831869454774,6.65551297554418
"3750",2022-03-26 00:12:25,3,303,100,50.703515587041,5.89230654857938
"3751",2022-03-26 00:12:30,3,303,100,50.6068570100554,6.43821564534951
"3752",2022-03-26 00:12:35,3,303,100,50.9266799502534,6.01061956517145
"3753",2022-03-26 00:12:40,3,303,100,50.5183256546986,6.01488058504912
"3754",2022-03-26 00:12:45,3,303,100,50.4934166218054,6.57392117791007
"3755",2022-03-26 00:12:50,3,303,100,51.1264536338154,6.32930873457468
"3756",2022-03-26 00:12:55,3,303,100,50.8239882448252,6.59097311722846
"3757",2022-03-26 00:13:00,3,303,100,51.0286315561136,5.91721813863687
"3758",2022-03-26 00:13:05,3,303,100,50.5302532294037,6.40829948261149
"3759",2022-03-26 00:13:10,3,303,100,51.1986525769583,6.6823140955833
"3760",2022-03-26 00:13:15,3,303,100,51.1707633578462,6.15831127824587
"3761",2022-03-26 00:13:20,3,303,100,50.3808056238449,6.18188909681666
"3762",2022-03-26 00:13:25,3,303,100,49.508645509854,6.18113030158451
"3763",2022-03-26 00:13:30,3,303,100,50.9353073251784,6.60096306332953
"3764",2022-03-26 00:13:35,3,303,100,50.3486448324891,6.29765065164119
"3765",2022-03-26 00:13:40,3,303,100,50.2982082303417,5.75589739161532
"3766",2022-03-26 00:13:45,3,303,100,49.9983336874247,6.05153835771434
"3767",2022-03-26 00:13:50,3,303,100,51.1141882084636,6.36481280424612
"3768",2022-03-26 00:13:55,3,303,100,50.2606318785961,6.76387442859544
"3769",2022-03-26 00:14:00,3,303,100,50.3512578138711,6.07666198998338
"3770",2022-03-26 00:14:05,3,303,100,50.8586529792926,6.73084824918744
"3771",2022-03-26 00:14:10,3,303,100,50.7154680674501,6.25158052051882
"3772",2022-03-26 00:14:15,3,303,100,50.3621364478675,6.20349470606057
"3773",2022-03-26 00:14:20,3,303,100,50.3160240397891,5.99446701894984
"3774",2022-03-26 00:14:25,3,303,100,50.4658709987038,6.20430956339284
"3775",2022-03-26 00:14:30,3,303,100,51.9438664416407,6.61165355303094
"3776",2022-03-26 00:14:35,3,303,100,50.9644885278157,6.1842454492645
"3777",2022-03-26 00:14:40,3,303,100,51.5949196041016,6.21440282709066
"3778",2022-03-26 00:14:45,3,303,100,51.2871292009192,5.72920631122892
"3779",2022-03-26 00:14:50,3,303,100,51.3834808747958,5.9229126256026
"3780",2022-03-26 00:14:55,3,303,100,49.8132610537653,5.85628366970829
"3781",2022-03-26 00:15:00,3,303,100,50.6768907360212,6.2661238393606
"3782",2022-03-26 00:15:05,3,303,100,50.5708964079096,6.04494633832375
"3783",2022-03-26 00:15:10,3,303,100,50.0963737765476,6.18351336222961
"3784",2022-03-26 00:15:15,3,303,100,50.2553040162454,5.97837197751436
"3785",2022-03-26 00:15:20,3,303,100,50.2630326356518,6.31007616752919
"3786",2022-03-26 00:15:25,3,303,100,50.5989068447603,5.66093846580316
"3787",2022-03-26 00:15:30,3,303,100,49.9453315327858,5.79979703738383
"3788",2022-03-26 00:15:35,3,303,100,49.7443914359252,6.33024366685389
"3789",2022-03-26 00:15:40,3,303,100,50.71117730593,6.00101583714326
"3790",2022-03-26 00:15:45,3,303,100,50.5825906806984,6.57603025094045
"3791",2022-03-26 00:15:50,3,303,100,51.599228323035,6.08828454251855
"3792",2022-03-26 00:15:55,3,303,100,51.5669522609501,6.43756016630456
"3793",2022-03-26 00:16:00,3,303,100,51.2471460242263,6.10232620272879
"3794",2022-03-26 00:16:05,3,303,100,51.1481741154858,6.2238306835022
"3795",2022-03-26 00:16:10,3,303,100,50.8087892227964,6.31286779203891
"3796",2022-03-26 00:16:15,3,303,100,51.3385828253648,6.63900004244928
"3797",2022-03-26 00:16:20,3,303,100,50.3603198959228,5.59495187608658
"3798",2022-03-26 00:16:25,3,303,100,51.4173808539637,6.30281595986071
"3799",2022-03-26 00:16:30,3,303,100,51.1505295970056,5.8196448419444
"3800",2022-03-26 00:16:35,3,303,100,51.9378104695134,6.81817536854672
"3801",2022-03-27 00:00:00,3,303,200,50.576572290233,6.26976175673322
"3802",2022-03-27 00:00:05,3,303,200,51.643418295673,6.37887207515037
"3803",2022-03-27 00:00:10,3,303,200,49.5808398608098,5.95393404603493
"3804",2022-03-27 00:00:15,3,303,200,52.1604487202608,5.66282076798389
"3805",2022-03-27 00:00:20,3,303,200,50.6843223414651,6.45844177225392
"3806",2022-03-27 00:00:25,3,303,200,50.061420709801,5.59787695019261
"3807",2022-03-27 00:00:30,3,303,200,50.8085002869792,6.27122144158789
"3808",2022-03-27 00:00:35,3,303,200,51.1176575256088,5.81288717186945
"3809",2022-03-27 00:00:40,3,303,200,50.5048689842122,5.82773281335912
"3810",2022-03-27 00:00:45,3,303,200,50.7203382124249,6.47517881067092
"3811",2022-03-27 00:00:50,3,303,200,50.6984640395687,6.50032140392245
"3812",2022-03-27 00:00:55,3,303,200,50.7445700730485,6.72150238432094
"3813",2022-03-27 00:01:00,3,303,200,50.9242027555061,6.52475059999595
"3814",2022-03-27 00:01:05,3,303,200,50.050181823731,6.17975040030289
"3815",2022-03-27 00:01:10,3,303,200,50.8794632500993,5.65541661777135
"3816",2022-03-27 00:01:15,3,303,200,50.6114040343387,6.88181111722105
"3817",2022-03-27 00:01:20,3,303,200,51.2733447446853,5.96425498597924
"3818",2022-03-27 00:01:25,3,303,200,51.3880177014621,5.92732975262116
"3819",2022-03-27 00:01:30,3,303,200,51.2012580727413,6.01615688652213
"3820",2022-03-27 00:01:35,3,303,200,50.6866389228233,5.7189836830324
"3821",2022-03-27 00:01:40,3,303,200,50.1233930900461,5.59080299431269
"3822",2022-03-27 00:01:45,3,303,200,51.8108184149875,6.33892270309686
"3823",2022-03-27 00:01:50,3,303,200,51.7241197258959,5.91618859486461
"3824",2022-03-27 00:01:55,3,303,200,50.3444447120072,5.48326846878647
"3825",2022-03-27 00:02:00,3,303,200,50.2649400555575,5.83478350484414
"3826",2022-03-27 00:02:05,3,303,200,50.2345608496672,6.71762343769122
"3827",2022-03-27 00:02:10,3,303,200,49.4258794636477,6.8958679695989
"3828",2022-03-27 00:02:15,3,303,200,50.1871144729096,5.96590370842909
"3829",2022-03-27 00:02:20,3,303,200,51.9694923474499,5.9497983014121
"3830",2022-03-27 00:02:25,3,303,200,50.8603566297096,6.00935946861481
"3831",2022-03-27 00:02:30,3,303,200,51.4193443695574,6.2132538599966
"3832",2022-03-27 00:02:35,3,303,200,50.4796187648445,6.74353548151429
"3833",2022-03-27 00:02:40,3,303,200,50.3993968129155,6.31077180263904
"3834",2022-03-27 00:02:45,3,303,200,51.0545269592984,6.02351876575629
"3835",2022-03-27 00:02:50,3,303,200,50.9496001316487,6.0234723740123
"3836",2022-03-27 00:02:55,3,303,200,49.4719221966945,5.61597343405152
"3837",2022-03-27 00:03:00,3,303,200,50.1890344278073,5.82156553279611
"3838",2022-03-27 00:03:05,3,303,200,50.7947629319282,5.94601048560472
"3839",2022-03-27 00:03:10,3,303,200,50.1112019245915,6.51714898982372
"3840",2022-03-27 00:03:15,3,303,200,50.5418546557298,6.59633048820595
"3841",2022-03-27 00:03:20,3,303,200,49.7824942227708,6.69728693535832
"3842",2022-03-27 00:03:25,3,303,200,50.9679777635724,6.3866065613707
"3843",2022-03-27 00:03:30,3,303,200,50.3221236213448,6.55251370564781
"3844",2022-03-27 00:03:35,3,303,200,52.1076659685604,6.10002478347393
"3845",2022-03-27 00:03:40,3,303,200,50.537898823577,6.2690405899527
"3846",2022-03-27 00:03:45,3,303,200,49.823891457346,6.42029877182551
"3847",2022-03-27 00:03:50,3,303,200,51.1312193402598,5.98052480956811
"3848",2022-03-27 00:03:55,3,303,200,50.7300170171293,5.58406170483932
"3849",2022-03-27 00:04:00,3,303,200,50.7955624292659,5.81567894600526
"3850",2022-03-27 00:04:05,3,303,200,51.2997147140647,6.42319189081704
"3851",2022-03-27 00:04:10,3,303,200,50.8479588425226,5.8417993947845
"3852",2022-03-27 00:04:15,3,303,200,52.2477523716323,6.31655027941868
"3853",2022-03-27 00:04:20,3,303,200,51.1324731691829,6.1386225174232
"3854",2022-03-27 00:04:25,3,303,200,50.7699479500464,5.79589450811111
"3855",2022-03-27 00:04:30,3,303,200,50.8250563353029,6.45689486184221
"3856",2022-03-27 00:04:35,3,303,200,51.344191990501,5.85764304363622
"3857",2022-03-27 00:04:40,3,303,200,50.5983058509692,5.88360640633664
"3858",2022-03-27 00:04:45,3,303,200,50.8320371266672,5.96502983921413
"3859",2022-03-27 00:04:50,3,303,200,50.9276543785154,6.02798321473511
"3860",2022-03-27 00:04:55,3,303,200,50.7480862532373,6.27915782594606
"3861",2022-03-27 00:05:00,3,303,200,50.9143456750365,6.33030090747296
"3862",2022-03-27 00:05:05,3,303,200,50.962970218934,6.83194000853557
"3863",2022-03-27 00:05:10,3,303,200,51.4706534860291,6.03874738149987
"3864",2022-03-27 00:05:15,3,303,200,51.1425995566763,6.43770477880678
"3865",2022-03-27 00:05:20,3,303,200,51.2522254273991,6.55907942673131
"3866",2022-03-27 00:05:25,3,303,200,50.3243867906698,5.81203250606298
"3867",2022-03-27 00:05:30,3,303,200,51.6381529700697,6.3787419488497
"3868",2022-03-27 00:05:35,3,303,200,52.3766200225103,6.16022746207068
"3869",2022-03-27 00:05:40,3,303,200,51.3323671372249,6.0658124233082
"3870",2022-03-27 00:05:45,3,303,200,50.1644426334606,6.06787494253952
"3871",2022-03-27 00:05:50,3,303,200,50.8355796870202,6.00620424868089
"3872",2022-03-27 00:05:55,3,303,200,50.5582208242776,6.26997849618955
"3873",2022-03-27 00:06:00,3,303,200,50.7569931900688,6.28433246724448
"3874",2022-03-27 00:06:05,3,303,200,49.8519865275741,6.56888453697054
"3875",2022-03-27 00:06:10,3,303,200,51.119264027647,5.95365597934804
"3876",2022-03-27 00:06:15,3,303,200,50.952170106327,5.96771958036827
"3877",2022-03-27 00:06:20,3,303,200,51.1033418234752,5.85933984727407
"3878",2022-03-27 00:06:25,3,303,200,51.0260534383015,5.60884305142878
"3879",2022-03-27 00:06:30,3,303,200,51.0548507599949,6.18574565679853
"3880",2022-03-27 00:06:35,3,303,200,50.6664102632277,6.58141749072875
"3881",2022-03-27 00:06:40,3,303,200,50.8804341205739,6.31549413123414
"3882",2022-03-27 00:06:45,3,303,200,50.1018877009672,6.81791894013864
"3883",2022-03-27 00:06:50,3,303,200,50.2711013732431,6.70737388725425
"3884",2022-03-27 00:06:55,3,303,200,50.1628610425045,6.23018227509367
"3885",2022-03-27 00:07:00,3,303,200,50.9681031811062,6.44117875346199
"3886",2022-03-27 00:07:05,3,303,200,50.9926319860344,6.70258264463269
"3887",2022-03-27 00:07:10,3,303,200,50.5416603477904,6.1027634006108
"3888",2022-03-27 00:07:15,3,303,200,51.9639704227513,6.3115017906594
"3889",2022-03-27 00:07:20,3,303,200,50.769253178746,6.14073522634905
"3890",2022-03-27 00:07:25,3,303,200,50.5719097998861,5.50411291622556
"3891",2022-03-27 00:07:30,3,303,200,50.2580747652674,5.76250863162769
"3892",2022-03-27 00:07:35,3,303,200,50.5058108848506,5.83042728624065
"3893",2022-03-27 00:07:40,3,303,200,50.4756255662475,7.00632300632027
"3894",2022-03-27 00:07:45,3,303,200,51.4744994864134,6.21790672464215
"3895",2022-03-27 00:07:50,3,303,200,50.5692259181379,6.65919072792927
"3896",2022-03-27 00:07:55,3,303,200,52.5364853817802,6.12408971448764
"3897",2022-03-27 00:08:00,3,303,200,50.939466270638,5.62671298913942
"3898",2022-03-27 00:08:05,3,303,200,51.1369201544759,6.22731567946544
"3899",2022-03-27 00:08:10,3,303,200,50.5450285095213,5.71389325577698
"3900",2022-03-27 00:08:15,3,303,200,51.0562642499643,5.64036512716293
"3901",2022-03-27 00:08:20,3,303,200,51.3790704590037,6.26243565449488
"3902",2022-03-27 00:08:25,3,303,200,51.1075056622763,5.75376793068
"3903",2022-03-27 00:08:30,3,303,200,52.005941210557,5.9334442119948
"3904",2022-03-27 00:08:35,3,303,200,51.0980317987623,6.56138768707439
"3905",2022-03-27 00:08:40,3,303,200,50.8226439347721,6.39508081781603
"3906",2022-03-27 00:08:45,3,303,200,50.4596176637995,5.88837962958225
"3907",2022-03-27 00:08:50,3,303,200,50.6952006716778,6.6034600295712
"3908",2022-03-27 00:08:55,3,303,200,51.002098463124,5.88080900374704
"3909",2022-03-27 00:09:00,3,303,200,51.2452449837809,6.02078351651316
"3910",2022-03-27 00:09:05,3,303,200,50.2055347883691,6.56678796698891
"3911",2022-03-27 00:09:10,3,303,200,50.285114100883,5.99687198854691
"3912",2022-03-27 00:09:15,3,303,200,50.8951941977281,5.81342029429595
"3913",2022-03-27 00:09:20,3,303,200,51.2411710203525,5.8072979675467
"3914",2022-03-27 00:09:25,3,303,200,48.5115446840163,6.18476553425281
"3915",2022-03-27 00:09:30,3,303,200,50.9847972747645,5.98516729168873
"3916",2022-03-27 00:09:35,3,303,200,50.8752848472612,5.64093365528463
"3917",2022-03-27 00:09:40,3,303,200,51.0422571077354,6.38246351491276
"3918",2022-03-27 00:09:45,3,303,200,50.5867358338896,6.58668940304837
"3919",2022-03-27 00:09:50,3,303,200,51.0456496780364,5.89009682154041
"3920",2022-03-27 00:09:55,3,303,200,51.4220114452497,6.05162241736503
"3921",2022-03-27 00:10:00,3,303,200,50.8827252886603,5.94329642954782
"3922",2022-03-27 00:10:05,3,303,200,50.1081467790657,5.71437989802158
"3923",2022-03-27 00:10:10,3,303,200,50.2365365646799,6.02836836280905
"3924",2022-03-27 00:10:15,3,303,200,51.2128968914815,5.62585027088835
"3925",2022-03-27 00:10:20,3,303,200,50.569323838541,6.30331892843563
"3926",2022-03-27 00:10:25,3,303,200,51.038114085543,5.9039185592712
"3927",2022-03-27 00:10:30,3,303,200,49.7087940096032,5.64011183396068
"3928",2022-03-27 00:10:35,3,303,200,51.4461621707828,6.79560684333101
"3929",2022-03-27 00:10:40,3,303,200,50.4941457047513,5.95236744526333
"3930",2022-03-27 00:10:45,3,303,200,50.6163543164594,6.13335625466756
"3931",2022-03-27 00:10:50,3,303,200,49.5778619107518,6.06481764662889
"3932",2022-03-27 00:10:55,3,303,200,49.4469140537248,6.01909457212608
"3933",2022-03-27 00:11:00,3,303,200,50.4970332305658,6.5834144185783
"3934",2022-03-27 00:11:05,3,303,200,49.6449598528155,6.29576512420524
"3935",2022-03-27 00:11:10,3,303,200,51.8865186620317,6.21458924606847
"3936",2022-03-27 00:11:15,3,303,200,52.0658819700996,6.31825898551122
"3937",2022-03-27 00:11:20,3,303,200,49.6511004902365,7.04050453481742
"3938",2022-03-27 00:11:25,3,303,200,50.3263518099752,6.46446966797162
"3939",2022-03-27 00:11:30,3,303,200,50.7520680075552,6.04934519909997
"3940",2022-03-27 00:11:35,3,303,200,50.3187349717117,5.88388326690771
"3941",2022-03-27 00:11:40,3,303,200,51.0508757429756,5.35752879916012
"3942",2022-03-27 00:11:45,3,303,200,49.6926408488381,5.94181379010882
"3943",2022-03-27 00:11:50,3,303,200,50.9620206641567,5.87659786259068
"3944",2022-03-27 00:11:55,3,303,200,49.2567290755911,6.03129552608131
"3945",2022-03-27 00:12:00,3,303,200,50.7292052988852,5.96548609444844
"3946",2022-03-27 00:12:05,3,303,200,50.9007761942903,5.70192950437286
"3947",2022-03-27 00:12:10,3,303,200,51.3615732766907,6.04419440539819
"3948",2022-03-27 00:12:15,3,303,200,51.1873252288795,5.57799318909189
"3949",2022-03-27 00:12:20,3,303,200,50.3042881722448,6.15293056653407
"3950",2022-03-27 00:12:25,3,303,200,51.4562072936618,6.06005575263473
"3951",2022-03-27 00:12:30,3,303,200,50.5185980341257,5.46974572422641
"3952",2022-03-27 00:12:35,3,303,200,50.4990536369117,5.91066086145947
"3953",2022-03-27 00:12:40,3,303,200,50.1720580626156,6.01516889482257
"3954",2022-03-27 00:12:45,3,303,200,51.0332745193073,6.42946106600794
"3955",2022-03-27 00:12:50,3,303,200,50.9821560698757,6.06620160018772
"3956",2022-03-27 00:12:55,3,303,200,50.1581665936399,6.51464889344739
"3957",2022-03-27 00:13:00,3,303,200,51.7476131856735,6.43082780915744
"3958",2022-03-27 00:13:05,3,303,200,50.4302933880782,6.14358201430331
"3959",2022-03-27 00:13:10,3,303,200,50.0382604010275,6.61418813135246
"3960",2022-03-27 00:13:15,3,303,200,51.1481889890434,5.94375185298728
"3961",2022-03-27 00:13:20,3,303,200,50.9828181020324,6.21802202911635
"3962",2022-03-27 00:13:25,3,303,200,50.358008347282,5.80649037740179
"3963",2022-03-27 00:13:30,3,303,200,50.8040497015826,6.16616317052366
"3964",2022-03-27 00:13:35,3,303,200,50.5277703136354,6.04512111022115
"3965",2022-03-27 00:13:40,3,303,200,49.9291142222271,6.43425615289335
"3966",2022-03-27 00:13:45,3,303,200,51.2815092675806,5.68839837297177
"3967",2022-03-27 00:13:50,3,303,200,50.0106374802403,6.3782074097052
"3968",2022-03-27 00:13:55,3,303,200,50.3596545695404,6.22065954146002
"3969",2022-03-27 00:14:00,3,303,200,50.4578024193394,5.94943637176804
"3970",2022-03-27 00:14:05,3,303,200,49.9577554626794,6.00637377369052
"3971",2022-03-27 00:14:10,3,303,200,50.275874913473,6.30038118291335
"3972",2022-03-27 00:14:15,3,303,200,49.9633763654977,6.26420270579282
"3973",2022-03-27 00:14:20,3,303,200,51.7728856057431,6.16860799635007
"3974",2022-03-27 00:14:25,3,303,200,50.8988256005613,6.4981325095906
"3975",2022-03-27 00:14:30,3,303,200,50.9125374158519,5.92378974335929
"3976",2022-03-27 00:14:35,3,303,200,50.9281122779621,5.72572793753112
"3977",2022-03-27 00:14:40,3,303,200,51.1071737549176,5.98809804199709
"3978",2022-03-27 00:14:45,3,303,200,50.8908223155176,6.46376516151211
"3979",2022-03-27 00:14:50,3,303,200,51.070458135722,5.90344650374587
"3980",2022-03-27 00:14:55,3,303,200,50.4074332966982,6.19847143832806
"3981",2022-03-27 00:15:00,3,303,200,50.9515992079257,5.67116984392885
"3982",2022-03-27 00:15:05,3,303,200,52.0811097188411,5.98611665054296
"3983",2022-03-27 00:15:10,3,303,200,50.8711705127535,6.23294745410207
"3984",2022-03-27 00:15:15,3,303,200,50.9816612310939,6.26344916044106
"3985",2022-03-27 00:15:20,3,303,200,50.8629352098085,6.03884049082555
"3986",2022-03-27 00:15:25,3,303,200,50.9402358840933,7.09270877990455
"3987",2022-03-27 00:15:30,3,303,200,50.9267297477755,6.18859684736363
"3988",2022-03-27 00:15:35,3,303,200,50.9622546277168,5.96803282250772
"3989",2022-03-27 00:15:40,3,303,200,50.9249031161565,6.00386689644788
"3990",2022-03-27 00:15:45,3,303,200,50.7289838079731,5.8240037375349
"3991",2022-03-27 00:15:50,3,303,200,51.3678163773229,5.94061372023196
"3992",2022-03-27 00:15:55,3,303,200,49.9161051631624,6.3499943873439
"3993",2022-03-27 00:16:00,3,303,200,49.4477015418027,5.63481774198003
"3994",2022-03-27 00:16:05,3,303,200,50.934419435333,5.82639142451358
"3995",2022-03-27 00:16:10,3,303,200,50.6273861133033,6.19759265220124
"3996",2022-03-27 00:16:15,3,303,200,51.009594951194,6.59938432965704
"3997",2022-03-27 00:16:20,3,303,200,50.2079176937243,5.43276958341982
"3998",2022-03-27 00:16:25,3,303,200,50.6255542931471,5.94304876623625
"3999",2022-03-27 00:16:30,3,303,200,50.8751703977681,5.69574913068948
"4000",2022-03-27 00:16:35,3,303,200,50.2934174788841,5.59901841282521
"4001",2022-03-28 00:00:00,3,303,300,50.1824600101121,6.35422535731205
"4002",2022-03-28 00:00:05,3,303,300,51.0825514241021,6.34801122036066
"4003",2022-03-28 00:00:10,3,303,300,50.8913191140521,6.12264877893669
"4004",2022-03-28 00:00:15,3,303,300,49.9616026577765,6.37433533523283
"4005",2022-03-28 00:00:20,3,303,300,51.0021269906105,6.5246848171175
"4006",2022-03-28 00:00:25,3,303,300,50.3648744539441,5.98013590406758
"4007",2022-03-28 00:00:30,3,303,300,51.1805403704736,6.5467415068712
"4008",2022-03-28 00:00:35,3,303,300,51.4548230941226,6.43957390740304
"4009",2022-03-28 00:00:40,3,303,300,50.2827919707879,5.62791610633194
"4010",2022-03-28 00:00:45,3,303,300,50.9672325543781,6.16393143301274
"4011",2022-03-28 00:00:50,3,303,300,50.7149442231436,6.52992192129109
"4012",2022-03-28 00:00:55,3,303,300,51.6540090812657,5.83302813025838
"4013",2022-03-28 00:01:00,3,303,300,51.8910531393374,6.18049164074888
"4014",2022-03-28 00:01:05,3,303,300,50.8027527262892,6.40681953064133
"4015",2022-03-28 00:01:10,3,303,300,50.2770031998366,6.18991682508312
"4016",2022-03-28 00:01:15,3,303,300,51.1560354092132,5.50737879475039
"4017",2022-03-28 00:01:20,3,303,300,50.5161496809501,6.40723923124184
"4018",2022-03-28 00:01:25,3,303,300,51.7381673660285,6.36278921856533
"4019",2022-03-28 00:01:30,3,303,300,50.8126357423258,5.9438799375278
"4020",2022-03-28 00:01:35,3,303,300,50.4459878160998,5.93194965335093
"4021",2022-03-28 00:01:40,3,303,300,51.7492398860166,6.47427093414211
"4022",2022-03-28 00:01:45,3,303,300,49.4048802298191,5.75848097621786
"4023",2022-03-28 00:01:50,3,303,300,50.1578112995339,5.8880310687284
"4024",2022-03-28 00:01:55,3,303,300,50.571219703949,5.53340068542083
"4025",2022-03-28 00:02:00,3,303,300,51.1771124955208,5.79706853534295
"4026",2022-03-28 00:02:05,3,303,300,50.8543599907501,5.86561865658043
"4027",2022-03-28 00:02:10,3,303,300,50.1345286424321,6.24989248386773
"4028",2022-03-28 00:02:15,3,303,300,50.851237639954,5.6869524933798
"4029",2022-03-28 00:02:20,3,303,300,51.0557494342989,6.41659630537474
"4030",2022-03-28 00:02:25,3,303,300,50.3496571126506,6.07338538656246
"4031",2022-03-28 00:02:30,3,303,300,50.6609280337337,6.5005457562624
"4032",2022-03-28 00:02:35,3,303,300,49.899942950397,6.47752772389192
"4033",2022-03-28 00:02:40,3,303,300,50.6813437989796,6.01707934314538
"4034",2022-03-28 00:02:45,3,303,300,51.4524982231233,6.17443349502845
"4035",2022-03-28 00:02:50,3,303,300,51.2321000544444,6.3628347379985
"4036",2022-03-28 00:02:55,3,303,300,50.602375948444,6.32595501667116
"4037",2022-03-28 00:03:00,3,303,300,50.6743388429486,6.62419299158931
"4038",2022-03-28 00:03:05,3,303,300,51.5422289934656,6.37852449630546
"4039",2022-03-28 00:03:10,3,303,300,51.0787714998125,6.22058522888086
"4040",2022-03-28 00:03:15,3,303,300,51.3906657241671,5.45527258773922
"4041",2022-03-28 00:03:20,3,303,300,51.1800235633582,6.36388139898638
"4042",2022-03-28 00:03:25,3,303,300,50.2096668370348,6.08205413001179
"4043",2022-03-28 00:03:30,3,303,300,52.1167651699685,6.3097115090512
"4044",2022-03-28 00:03:35,3,303,300,50.4792747002646,5.67269490198859
"4045",2022-03-28 00:03:40,3,303,300,51.011043680811,5.99298054518403
"4046",2022-03-28 00:03:45,3,303,300,51.3613937403289,5.91405977801226
"4047",2022-03-28 00:03:50,3,303,300,51.8688483773478,6.30380631261228
"4048",2022-03-28 00:03:55,3,303,300,50.0303050509258,5.67858955818929
"4049",2022-03-28 00:04:00,3,303,300,50.4299061639698,6.28692951296045
"4050",2022-03-28 00:04:05,3,303,300,50.5248034482558,6.56974252775347
"4051",2022-03-28 00:04:10,3,303,300,49.1691928825892,5.56329894767155
"4052",2022-03-28 00:04:15,3,303,300,49.8010152901967,6.70193520183141
"4053",2022-03-28 00:04:20,3,303,300,50.9758865987466,6.08501752724145
"4054",2022-03-28 00:04:25,3,303,300,51.0751640828486,6.41900074524381
"4055",2022-03-28 00:04:30,3,303,300,50.8114949706248,6.1104681121151
"4056",2022-03-28 00:04:35,3,303,300,50.2893669314141,5.77736106737325
"4057",2022-03-28 00:04:40,3,303,300,50.9346779514291,6.19675548852827
"4058",2022-03-28 00:04:45,3,303,300,51.4938649648417,6.19394463444646
"4059",2022-03-28 00:04:50,3,303,300,50.5168984067761,5.96414661621178
"4060",2022-03-28 00:04:55,3,303,300,50.3324752232699,5.7865555533712
"4061",2022-03-28 00:05:00,3,303,300,50.7467622448506,6.16123445297118
"4062",2022-03-28 00:05:05,3,303,300,50.6790266871407,6.16211644744255
"4063",2022-03-28 00:05:10,3,303,300,50.0166591188167,6.1770016971573
"4064",2022-03-28 00:05:15,3,303,300,51.5926815654223,5.32109036955277
"4065",2022-03-28 00:05:20,3,303,300,51.5681165967695,6.22564061713908
"4066",2022-03-28 00:05:25,3,303,300,51.0520685139026,6.61350633992294
"4067",2022-03-28 00:05:30,3,303,300,51.0342491274206,5.81682765679836
"4068",2022-03-28 00:05:35,3,303,300,49.5501104091031,6.11559754321105
"4069",2022-03-28 00:05:40,3,303,300,50.8751761265606,6.71815354386902
"4070",2022-03-28 00:05:45,3,303,300,50.7299378457615,6.615927898188
"4071",2022-03-28 00:05:50,3,303,300,51.2492702687387,6.40651571841165
"4072",2022-03-28 00:05:55,3,303,300,50.3736990565207,6.0709813119956
"4073",2022-03-28 00:06:00,3,303,300,51.0128159811798,6.18295146928153
"4074",2022-03-28 00:06:05,3,303,300,51.0778574546711,6.05335791432979
"4075",2022-03-28 00:06:10,3,303,300,50.5296021710266,5.93542178121077
"4076",2022-03-28 00:06:15,3,303,300,50.4171494471356,5.94708751763715
"4077",2022-03-28 00:06:20,3,303,300,50.5139478985317,6.04140747080755
"4078",2022-03-28 00:06:25,3,303,300,51.7348775065676,6.02379503713566
"4079",2022-03-28 00:06:30,3,303,300,50.7500496125329,6.00459365522347
"4080",2022-03-28 00:06:35,3,303,300,51.2244814441483,6.27757486013394
"4081",2022-03-28 00:06:40,3,303,300,51.4348492550127,5.77638617591235
"4082",2022-03-28 00:06:45,3,303,300,49.8587934864542,6.31774194086995
"4083",2022-03-28 00:06:50,3,303,300,51.434353886044,6.07669463145171
"4084",2022-03-28 00:06:55,3,303,300,51.9603948467559,5.69298307994084
"4085",2022-03-28 00:07:00,3,303,300,51.4978632862816,6.39053966989856
"4086",2022-03-28 00:07:05,3,303,300,51.5302223816054,6.319978096024
"4087",2022-03-28 00:07:10,3,303,300,50.86334136321,6.14757773189056
"4088",2022-03-28 00:07:15,3,303,300,49.9637177984583,6.59706605070291
"4089",2022-03-28 00:07:20,3,303,300,50.687035378854,5.56584343792544
"4090",2022-03-28 00:07:25,3,303,300,49.5693306617689,6.07411556212735
"4091",2022-03-28 00:07:30,3,303,300,49.8200170303013,5.77643280642248
"4092",2022-03-28 00:07:35,3,303,300,51.6601355845847,6.30604716326233
"4093",2022-03-28 00:07:40,3,303,300,50.5905410256058,5.73027813869356
"4094",2022-03-28 00:07:45,3,303,300,50.4807104274756,6.1483687085608
"4095",2022-03-28 00:07:50,3,303,300,51.1440257257074,5.89170474391028
"4096",2022-03-28 00:07:55,3,303,300,50.8774509988565,5.66312315526498
"4097",2022-03-28 00:08:00,3,303,300,50.8898451674507,6.04541353775359
"4098",2022-03-28 00:08:05,3,303,300,49.3002512749899,6.66947030736233
"4099",2022-03-28 00:08:10,3,303,300,50.967304148891,6.06362521743324
"4100",2022-03-28 00:08:15,3,303,300,50.8294594453509,5.79325541042631
"4101",2022-03-28 00:08:20,3,303,300,51.1093326509882,5.95253679897903
"4102",2022-03-28 00:08:25,3,303,300,51.3827908240478,5.72970196756903
"4103",2022-03-28 00:08:30,3,303,300,50.1096375386081,6.21551647764005
"4104",2022-03-28 00:08:35,3,303,300,51.3384502923523,6.39831492949888
"4105",2022-03-28 00:08:40,3,303,300,50.5526977612876,6.29529876398333
"4106",2022-03-28 00:08:45,3,303,300,51.4003540321132,6.37137354434989
"4107",2022-03-28 00:08:50,3,303,300,50.722680045212,6.6487458602246
"4108",2022-03-28 00:08:55,3,303,300,50.4715930861775,6.83592985798118
"4109",2022-03-28 00:09:00,3,303,300,50.2860538627951,5.9964672018757
"4110",2022-03-28 00:09:05,3,303,300,50.2070807744069,5.87077137592733
"4111",2022-03-28 00:09:10,3,303,300,50.9145045733197,6.10693149702601
"4112",2022-03-28 00:09:15,3,303,300,50.3778464864594,5.7776436427849
"4113",2022-03-28 00:09:20,3,303,300,51.3874019977593,6.08430645713535
"4114",2022-03-28 00:09:25,3,303,300,50.9052780881657,6.20659342839728
"4115",2022-03-28 00:09:30,3,303,300,51.2525197896044,5.68030630998179
"4116",2022-03-28 00:09:35,3,303,300,50.0085706197305,5.69689111211803
"4117",2022-03-28 00:09:40,3,303,300,51.011642740438,5.74231773640025
"4118",2022-03-28 00:09:45,3,303,300,50.902239560579,6.02116661777251
"4119",2022-03-28 00:09:50,3,303,300,49.7599935962778,5.95269427014289
"4120",2022-03-28 00:09:55,3,303,300,50.5276702970055,6.03698528357963
"4121",2022-03-28 00:10:00,3,303,300,50.3419511513581,6.20974815091937
"4122",2022-03-28 00:10:05,3,303,300,51.9258280123437,6.24172653366596
"4123",2022-03-28 00:10:10,3,303,300,50.4384800321431,5.66525308651888
"4124",2022-03-28 00:10:15,3,303,300,50.2476969219475,6.27386061407171
"4125",2022-03-28 00:10:20,3,303,300,49.535717511136,6.98131271039028
"4126",2022-03-28 00:10:25,3,303,300,50.4130610897661,6.42362206300177
"4127",2022-03-28 00:10:30,3,303,300,51.0881031373244,6.15287299668346
"4128",2022-03-28 00:10:35,3,303,300,50.4502537239692,6.18087396676327
"4129",2022-03-28 00:10:40,3,303,300,50.8045854006787,6.7011489607262
"4130",2022-03-28 00:10:45,3,303,300,50.5074334097041,6.46767512111795
"4131",2022-03-28 00:10:50,3,303,300,50.1322589541409,6.07264550956247
"4132",2022-03-28 00:10:55,3,303,300,51.0268802452695,6.35851688026518
"4133",2022-03-28 00:11:00,3,303,300,50.5164528009153,5.65708226076321
"4134",2022-03-28 00:11:05,3,303,300,50.287633078126,5.50266619869372
"4135",2022-03-28 00:11:10,3,303,300,51.4373282064862,6.34813875939867
"4136",2022-03-28 00:11:15,3,303,300,50.1554193650252,6.13356142594593
"4137",2022-03-28 00:11:20,3,303,300,49.7270532580827,6.07868182407965
"4138",2022-03-28 00:11:25,3,303,300,52.251836416452,5.84579011971353
"4139",2022-03-28 00:11:30,3,303,300,50.5115483755824,6.33113926657189
"4140",2022-03-28 00:11:35,3,303,300,50.7419228867049,5.98361357852786
"4141",2022-03-28 00:11:40,3,303,300,50.2206762610101,5.89897492933675
"4142",2022-03-28 00:11:45,3,303,300,51.7461824232347,6.24100870241871
"4143",2022-03-28 00:11:50,3,303,300,52.5477548618834,6.40337789404062
"4144",2022-03-28 00:11:55,3,303,300,51.6488402885381,5.94653529456531
"4145",2022-03-28 00:12:00,3,303,300,49.4003458899947,5.94049980142669
"4146",2022-03-28 00:12:05,3,303,300,50.571938012141,6.37048136621888
"4147",2022-03-28 00:12:10,3,303,300,51.5125134326643,6.3520595508362
"4148",2022-03-28 00:12:15,3,303,300,50.9319467776116,6.16605815863447
"4149",2022-03-28 00:12:20,3,303,300,50.0999023810945,6.49354053701743
"4150",2022-03-28 00:12:25,3,303,300,50.6599707240008,5.45955809310781
"4151",2022-03-28 00:12:30,3,303,300,51.4307194324961,6.54551502824826
"4152",2022-03-28 00:12:35,3,303,300,51.4642785259049,5.5231082579714
"4153",2022-03-28 00:12:40,3,303,300,50.3403738032365,5.98601366654281
"4154",2022-03-28 00:12:45,3,303,300,50.6878053140608,6.24077608968538
"4155",2022-03-28 00:12:50,3,303,300,50.7541036484922,6.31141861503741
"4156",2022-03-28 00:12:55,3,303,300,50.2394594712946,5.84914075900461
"4157",2022-03-28 00:13:00,3,303,300,51.1564880181038,6.17323137992789
"4158",2022-03-28 00:13:05,3,303,300,51.3736478865523,6.1073731448805
"4159",2022-03-28 00:13:10,3,303,300,50.2160921424193,6.12609719655872
"4160",2022-03-28 00:13:15,3,303,300,51.7665475234914,5.78590822721308
"4161",2022-03-28 00:13:20,3,303,300,51.4006514276117,6.1049075377072
"4162",2022-03-28 00:13:25,3,303,300,50.1656128633308,5.94435408418448
"4163",2022-03-28 00:13:30,3,303,300,50.7861896528334,5.9026032118928
"4164",2022-03-28 00:13:35,3,303,300,50.2431639770302,6.53989967408582
"4165",2022-03-28 00:13:40,3,303,300,50.9482550535597,5.86813869991459
"4166",2022-03-28 00:13:45,3,303,300,51.7293297169222,6.13157737542757
"4167",2022-03-28 00:13:50,3,303,300,50.7199663432051,6.09199269040707
"4168",2022-03-28 00:13:55,3,303,300,50.1978034459847,6.22483067020446
"4169",2022-03-28 00:14:00,3,303,300,50.3693693690256,6.23719624121915
"4170",2022-03-28 00:14:05,3,303,300,50.7699458151148,5.84529118827644
"4171",2022-03-28 00:14:10,3,303,300,50.7306195296325,5.80094528458369
"4172",2022-03-28 00:14:15,3,303,300,51.1145343174927,6.19567546323372
"4173",2022-03-28 00:14:20,3,303,300,50.1329670699953,6.28640841253587
"4174",2022-03-28 00:14:25,3,303,300,50.1725349124272,5.78515877625298
"4175",2022-03-28 00:14:30,3,303,300,50.7209034107412,6.02025738347132
"4176",2022-03-28 00:14:35,3,303,300,51.3769061835191,5.92464097988364
"4177",2022-03-28 00:14:40,3,303,300,51.5043886565921,5.96659328940973
"4178",2022-03-28 00:14:45,3,303,300,49.2899927564048,6.89543027339666
"4179",2022-03-28 00:14:50,3,303,300,50.4687543431868,6.63084828625744
"4180",2022-03-28 00:14:55,3,303,300,50.4615938700759,6.03779131915664
"4181",2022-03-28 00:15:00,3,303,300,51.3495708512182,5.74515191473135
"4182",2022-03-28 00:15:05,3,303,300,50.2717891706022,6.53286560881084
"4183",2022-03-28 00:15:10,3,303,300,50.6552297854483,5.53287205019247
"4184",2022-03-28 00:15:15,3,303,300,51.2902626776665,6.4887729703309
"4185",2022-03-28 00:15:20,3,303,300,51.3822162320075,6.52745745709488
"4186",2022-03-28 00:15:25,3,303,300,51.2166778285304,6.44985003384676
"4187",2022-03-28 00:15:30,3,303,300,51.0503875850475,5.77785675346736
"4188",2022-03-28 00:15:35,3,303,300,51.3286193368747,6.06461289853792
"4189",2022-03-28 00:15:40,3,303,300,50.0267569567461,6.26960930855394
"4190",2022-03-28 00:15:45,3,303,300,50.424735404125,5.87512644629226
"4191",2022-03-28 00:15:50,3,303,300,51.3112842195543,6.26637239688775
"4192",2022-03-28 00:15:55,3,303,300,51.3500258334659,5.68625198449497
"4193",2022-03-28 00:16:00,3,303,300,50.9890157629149,6.79157427722006
"4194",2022-03-28 00:16:05,3,303,300,50.8197497459344,6.97814999548697
"4195",2022-03-28 00:16:10,3,303,300,51.16330315591,6.24502456956347
"4196",2022-03-28 00:16:15,3,303,300,52.293372537972,5.59213285460338
"4197",2022-03-28 00:16:20,3,303,300,49.3680981373865,6.16602872984436
"4198",2022-03-28 00:16:25,3,303,300,50.3599238223985,6.46474315368186
"4199",2022-03-28 00:16:30,3,303,300,51.2911412584444,6.37862478563761
"4200",2022-03-28 00:16:35,3,303,300,50.3035412818838,6.0990447407661
"4201",2022-03-29 00:00:00,3,338,100,50.787519567851,4.50798807538498
"4202",2022-03-29 00:00:05,3,338,100,50.4390216164115,3.94072677051268
"4203",2022-03-29 00:00:10,3,338,100,51.2952695505278,4.03993881395819
"4204",2022-03-29 00:00:15,3,338,100,50.2405745162495,4.38943305285829
"4205",2022-03-29 00:00:20,3,338,100,51.2602146995035,4.47071062735763
"4206",2022-03-29 00:00:25,3,338,100,50.4170152256305,4.25723428548178
"4207",2022-03-29 00:00:30,3,338,100,50.5523185667303,4.51077589080943
"4208",2022-03-29 00:00:35,3,338,100,51.6890144262446,4.91268794592856
"4209",2022-03-29 00:00:40,3,338,100,51.8853937936111,3.80008792015744
"4210",2022-03-29 00:00:45,3,338,100,51.07507429517,4.69690622274735
"4211",2022-03-29 00:00:50,3,338,100,51.6407225471027,3.93050016538188
"4212",2022-03-29 00:00:55,3,338,100,51.0084922279217,4.15632255120409
"4213",2022-03-29 00:01:00,3,338,100,50.1840945322462,4.67504830689038
"4214",2022-03-29 00:01:05,3,338,100,50.7786365624225,3.86428342806995
"4215",2022-03-29 00:01:10,3,338,100,51.5487731053041,4.13565826462186
"4216",2022-03-29 00:01:15,3,338,100,50.1178656717357,4.38419821363209
"4217",2022-03-29 00:01:20,3,338,100,50.3522720725707,3.35241741704086
"4218",2022-03-29 00:01:25,3,338,100,51.492325292436,3.6615845296064
"4219",2022-03-29 00:01:30,3,338,100,50.8405075966103,4.6338417379349
"4220",2022-03-29 00:01:35,3,338,100,51.1528748624162,4.02654438500389
"4221",2022-03-29 00:01:40,3,338,100,49.5685300573962,4.33547340670341
"4222",2022-03-29 00:01:45,3,338,100,50.8352859715853,4.48620484860377
"4223",2022-03-29 00:01:50,3,338,100,51.7039492646545,4.19365557929061
"4224",2022-03-29 00:01:55,3,338,100,50.8003301175759,4.31650031707001
"4225",2022-03-29 00:02:00,3,338,100,50.2430907963185,4.43673299300979
"4226",2022-03-29 00:02:05,3,338,100,51.119429768314,3.96171940148146
"4227",2022-03-29 00:02:10,3,338,100,51.207014203179,4.19257901080322
"4228",2022-03-29 00:02:15,3,338,100,50.0024689433713,4.4204878607679
"4229",2022-03-29 00:02:20,3,338,100,51.8227351634604,4.33914801158478
"4230",2022-03-29 00:02:25,3,338,100,50.732980755515,3.83878016508472
"4231",2022-03-29 00:02:30,3,338,100,50.7381230615083,4.46014974219894
"4232",2022-03-29 00:02:35,3,338,100,50.9166546860339,4.38205619068561
"4233",2022-03-29 00:02:40,3,338,100,50.1968549378841,4.6823786797521
"4234",2022-03-29 00:02:45,3,338,100,50.3497806427297,3.90661698109566
"4235",2022-03-29 00:02:50,3,338,100,51.2672663121363,4.29449725697584
"4236",2022-03-29 00:02:55,3,338,100,50.4289215825369,4.37740980683395
"4237",2022-03-29 00:03:00,3,338,100,50.0663947772186,3.8069988885676
"4238",2022-03-29 00:03:05,3,338,100,50.9317039355254,3.61464399110753
"4239",2022-03-29 00:03:10,3,338,100,50.867008446016,4.1864451870324
"4240",2022-03-29 00:03:15,3,338,100,50.2838907876016,4.21726486767861
"4241",2022-03-29 00:03:20,3,338,100,51.1955887246375,4.58865436481496
"4242",2022-03-29 00:03:25,3,338,100,50.9106121644797,3.69293877885552
"4243",2022-03-29 00:03:30,3,338,100,51.2854642453722,4.43837208621979
"4244",2022-03-29 00:03:35,3,338,100,50.0958882238717,4.21820371492807
"4245",2022-03-29 00:03:40,3,338,100,49.8352595599093,4.23095689250649
"4246",2022-03-29 00:03:45,3,338,100,50.1812461454743,4.57021147926622
"4247",2022-03-29 00:03:50,3,338,100,51.2443193966276,4.50170330357962
"4248",2022-03-29 00:03:55,3,338,100,51.6115767339206,4.14037361340872
"4249",2022-03-29 00:04:00,3,338,100,50.1102221001728,4.46534638745204
"4250",2022-03-29 00:04:05,3,338,100,50.2157500119783,3.68169048461938
"4251",2022-03-29 00:04:10,3,338,100,50.8083774861813,4.45358693908217
"4252",2022-03-29 00:04:15,3,338,100,50.4604780770141,4.08068699507513
"4253",2022-03-29 00:04:20,3,338,100,49.6062472516941,4.48072590473303
"4254",2022-03-29 00:04:25,3,338,100,50.265182920368,4.57630837428119
"4255",2022-03-29 00:04:30,3,338,100,50.8167563313115,4.29865421602201
"4256",2022-03-29 00:04:35,3,338,100,50.9026540537361,3.99430162091014
"4257",2022-03-29 00:04:40,3,338,100,51.4817254568422,4.21716319293638
"4258",2022-03-29 00:04:45,3,338,100,50.661832113857,4.16355361133957
"4259",2022-03-29 00:04:50,3,338,100,50.7033284221027,4.51729595936226
"4260",2022-03-29 00:04:55,3,338,100,50.4001358670223,3.8015461238787
"4261",2022-03-29 00:05:00,3,338,100,51.1848227017892,4.56806866113111
"4262",2022-03-29 00:05:05,3,338,100,50.7661262770855,4.65240765247289
"4263",2022-03-29 00:05:10,3,338,100,50.9658084611922,3.44282760604579
"4264",2022-03-29 00:05:15,3,338,100,51.19769248234,4.26165372396649
"4265",2022-03-29 00:05:20,3,338,100,51.2075306973329,3.90175188609593
"4266",2022-03-29 00:05:25,3,338,100,50.6762091492322,4.26236256115675
"4267",2022-03-29 00:05:30,3,338,100,50.3308676540343,4.82341311544975
"4268",2022-03-29 00:05:35,3,338,100,51.6168383386575,3.93095408639357
"4269",2022-03-29 00:05:40,3,338,100,51.0188911335744,4.62826772308903
"4270",2022-03-29 00:05:45,3,338,100,51.5953188479784,4.18456390397618
"4271",2022-03-29 00:05:50,3,338,100,50.5903477889065,3.61608068010941
"4272",2022-03-29 00:05:55,3,338,100,51.0860874779176,3.98877398449974
"4273",2022-03-29 00:06:00,3,338,100,50.5852008333494,4.44912462437321
"4274",2022-03-29 00:06:05,3,338,100,50.5163457126119,3.98972479523196
"4275",2022-03-29 00:06:10,3,338,100,50.1756937282642,4.02946345505792
"4276",2022-03-29 00:06:15,3,338,100,51.3061592815837,4.09551131470537
"4277",2022-03-29 00:06:20,3,338,100,50.6313701490293,4.273012677825
"4278",2022-03-29 00:06:25,3,338,100,50.4698550991652,4.71807742969785
"4279",2022-03-29 00:06:30,3,338,100,49.6921403331578,3.59695258828022
"4280",2022-03-29 00:06:35,3,338,100,51.2352901775063,3.71388075253601
"4281",2022-03-29 00:06:40,3,338,100,50.6580953980221,4.28924393062225
"4282",2022-03-29 00:06:45,3,338,100,50.653283754076,4.07612474683459
"4283",2022-03-29 00:06:50,3,338,100,50.0253275637492,3.85383049798092
"4284",2022-03-29 00:06:55,3,338,100,51.0891881118607,4.17285955543359
"4285",2022-03-29 00:07:00,3,338,100,50.3340412220014,4.01641132519831
"4286",2022-03-29 00:07:05,3,338,100,49.4989661604352,4.42153266926417
"4287",2022-03-29 00:07:10,3,338,100,50.3583331846838,4.41449460058603
"4288",2022-03-29 00:07:15,3,338,100,50.7067745470081,4.02509887911095
"4289",2022-03-29 00:07:20,3,338,100,51.2229722892024,4.69791366949165
"4290",2022-03-29 00:07:25,3,338,100,50.033212542526,4.15916250999443
"4291",2022-03-29 00:07:30,3,338,100,50.5430615696905,4.08624220690503
"4292",2022-03-29 00:07:35,3,338,100,51.51217460445,3.81391079503561
"4293",2022-03-29 00:07:40,3,338,100,50.5594685456166,4.96849219468302
"4294",2022-03-29 00:07:45,3,338,100,50.6368235084839,4.43959969793949
"4295",2022-03-29 00:07:50,3,338,100,49.8924222245841,4.14723548459695
"4296",2022-03-29 00:07:55,3,338,100,50.8212998614704,4.2694828639141
"4297",2022-03-29 00:08:00,3,338,100,51.4946208965458,3.56140075456875
"4298",2022-03-29 00:08:05,3,338,100,51.4029927469341,4.40060125464681
"4299",2022-03-29 00:08:10,3,338,100,50.9125389678063,4.85892252970236
"4300",2022-03-29 00:08:15,3,338,100,50.396341591541,3.54996439775112
"4301",2022-03-29 00:08:20,3,338,100,51.2186557364273,4.02204872448891
"4302",2022-03-29 00:08:25,3,338,100,50.8631600329422,4.85043492845347
"4303",2022-03-29 00:08:30,3,338,100,51.0182629797759,3.8987927411248
"4304",2022-03-29 00:08:35,3,338,100,49.9208037662508,4.15043727312102
"4305",2022-03-29 00:08:40,3,338,100,51.0714540336005,5.04903508636194
"4306",2022-03-29 00:08:45,3,338,100,51.3743143514922,3.10385121344469
"4307",2022-03-29 00:08:50,3,338,100,50.6022974274537,4.37239731072892
"4308",2022-03-29 00:08:55,3,338,100,50.9011315066945,4.5178475175032
"4309",2022-03-29 00:09:00,3,338,100,50.8517486289449,4.33547495140671
"4310",2022-03-29 00:09:05,3,338,100,51.7153795599752,4.32549064253415
"4311",2022-03-29 00:09:10,3,338,100,50.7276176223195,4.71348942856259
"4312",2022-03-29 00:09:15,3,338,100,51.0326843998614,3.39585639980941
"4313",2022-03-29 00:09:20,3,338,100,50.3773092333599,4.53984301482817
"4314",2022-03-29 00:09:25,3,338,100,50.7832703569349,4.70240863098259
"4315",2022-03-29 00:09:30,3,338,100,51.2587718370429,4.44396210224948
"4316",2022-03-29 00:09:35,3,338,100,51.8198100994528,4.56116423221953
"4317",2022-03-29 00:09:40,3,338,100,51.3184901699061,4.10598016774654
"4318",2022-03-29 00:09:45,3,338,100,51.1921113768554,4.71663929349195
"4319",2022-03-29 00:09:50,3,338,100,50.0276677661971,4.2880739135414
"4320",2022-03-29 00:09:55,3,338,100,50.4012530330707,4.26469301637282
"4321",2022-03-29 00:10:00,3,338,100,50.8710940888249,4.23615558841084
"4322",2022-03-29 00:10:05,3,338,100,50.2858831951956,3.92662730464966
"4323",2022-03-29 00:10:10,3,338,100,50.8297838804867,4.09166916914094
"4324",2022-03-29 00:10:15,3,338,100,51.4385384312636,4.0624759791599
"4325",2022-03-29 00:10:20,3,338,100,50.8538313156884,4.67833927312214
"4326",2022-03-29 00:10:25,3,338,100,51.2816972940458,3.85936167313329
"4327",2022-03-29 00:10:30,3,338,100,51.6698523706311,4.55666868018083
"4328",2022-03-29 00:10:35,3,338,100,50.168681306506,4.15193978326364
"4329",2022-03-29 00:10:40,3,338,100,50.4493579081223,4.22347084628503
"4330",2022-03-29 00:10:45,3,338,100,49.8054485909093,4.00322477718512
"4331",2022-03-29 00:10:50,3,338,100,50.7373292979614,4.47407731780671
"4332",2022-03-29 00:10:55,3,338,100,50.7070458842246,4.15884508910795
"4333",2022-03-29 00:11:00,3,338,100,50.3690656354907,4.13392975073466
"4334",2022-03-29 00:11:05,3,338,100,50.1267595801419,4.13053899020601
"4335",2022-03-29 00:11:10,3,338,100,51.689546438162,4.22808238148787
"4336",2022-03-29 00:11:15,3,338,100,49.6134026774124,4.1745646463594
"4337",2022-03-29 00:11:20,3,338,100,51.4070615617827,4.69541504526928
"4338",2022-03-29 00:11:25,3,338,100,50.7011103177644,4.1665328695388
"4339",2022-03-29 00:11:30,3,338,100,50.7485628307392,4.42904842949207
"4340",2022-03-29 00:11:35,3,338,100,50.1162999534051,4.19159206668776
"4341",2022-03-29 00:11:40,3,338,100,51.3196844894346,4.47793479337906
"4342",2022-03-29 00:11:45,3,338,100,50.8712687209489,5.03321126714205
"4343",2022-03-29 00:11:50,3,338,100,49.7314585437258,3.74260272832821
"4344",2022-03-29 00:11:55,3,338,100,49.8718743546088,4.46410974785969
"4345",2022-03-29 00:12:00,3,338,100,51.2124311207376,4.37755185084496
"4346",2022-03-29 00:12:05,3,338,100,51.1526530167399,4.11829351411733
"4347",2022-03-29 00:12:10,3,338,100,50.9456650850678,4.61541128851176
"4348",2022-03-29 00:12:15,3,338,100,51.6848787574336,4.49128954958572
"4349",2022-03-29 00:12:20,3,338,100,50.8618864318877,3.74371189404606
"4350",2022-03-29 00:12:25,3,338,100,49.8766300742236,4.21447457860935
"4351",2022-03-29 00:12:30,3,338,100,50.9606699802353,3.87084905294426
"4352",2022-03-29 00:12:35,3,338,100,51.6676511370198,4.28128192785381
"4353",2022-03-29 00:12:40,3,338,100,52.2227176239603,3.54844247193012
"4354",2022-03-29 00:12:45,3,338,100,50.8151325397278,4.14129414818728
"4355",2022-03-29 00:12:50,3,338,100,50.3563143620624,4.59581572836868
"4356",2022-03-29 00:12:55,3,338,100,51.2175886766644,4.67916822152254
"4357",2022-03-29 00:13:00,3,338,100,50.8205536068192,4.89134062218459
"4358",2022-03-29 00:13:05,3,338,100,50.5289967690371,4.13155275152043
"4359",2022-03-29 00:13:10,3,338,100,50.3824045308898,4.54277826598766
"4360",2022-03-29 00:13:15,3,338,100,51.3186378189404,4.19737115376981
"4361",2022-03-29 00:13:20,3,338,100,50.9039846795133,4.30727438327336
"4362",2022-03-29 00:13:25,3,338,100,51.9505391746018,4.22236820374905
"4363",2022-03-29 00:13:30,3,338,100,50.5385481041316,4.67600072745993
"4364",2022-03-29 00:13:35,3,338,100,50.2429172177652,4.6726212032734
"4365",2022-03-29 00:13:40,3,338,100,50.9004171723354,4.3136783290463
"4366",2022-03-29 00:13:45,3,338,100,51.0102342873566,3.6140930247782
"4367",2022-03-29 00:13:50,3,338,100,51.1180495392138,3.42196110310326
"4368",2022-03-29 00:13:55,3,338,100,50.540708883915,3.78547307855578
"4369",2022-03-29 00:14:00,3,338,100,51.0863999540707,4.56635638814097
"4370",2022-03-29 00:14:05,3,338,100,50.7838924048985,3.63752890490223
"4371",2022-03-29 00:14:10,3,338,100,50.5154229883395,4.26346766124096
"4372",2022-03-29 00:14:15,3,338,100,50.3877213767837,3.98097724867293
"4373",2022-03-29 00:14:20,3,338,100,51.2565783393691,4.12684705989066
"4374",2022-03-29 00:14:25,3,338,100,51.7744452882083,4.21692244303873
"4375",2022-03-29 00:14:30,3,338,100,50.7512866957301,4.32445000038376
"4376",2022-03-29 00:14:35,3,338,100,50.5192599876701,5.06100320953735
"4377",2022-03-29 00:14:40,3,338,100,49.884905055444,4.11411892351175
"4378",2022-03-29 00:14:45,3,338,100,50.3079583663502,4.39912330409056
"4379",2022-03-29 00:14:50,3,338,100,51.03929093162,4.1061675668731
"4380",2022-03-29 00:14:55,3,338,100,50.0380411419684,3.940881418367
"4381",2022-03-29 00:15:00,3,338,100,51.2597647862262,4.30724695953675
"4382",2022-03-29 00:15:05,3,338,100,51.061355082774,4.23741378404112
"4383",2022-03-29 00:15:10,3,338,100,50.0166521131154,3.67612942474964
"4384",2022-03-29 00:15:15,3,338,100,51.0135629354159,4.38030656725576
"4385",2022-03-29 00:15:20,3,338,100,50.6746746369121,4.19109358621579
"4386",2022-03-29 00:15:25,3,338,100,51.4027571047867,4.42323251289517
"4387",2022-03-29 00:15:30,3,338,100,51.0562501725851,4.39660545230322
"4388",2022-03-29 00:15:35,3,338,100,50.9342475830755,4.21591411211327
"4389",2022-03-29 00:15:40,3,338,100,50.7110724486454,4.27476533025925
"4390",2022-03-29 00:15:45,3,338,100,50.8832483894817,3.91906325832463
"4391",2022-03-29 00:15:50,3,338,100,50.1739772691228,3.81639684164653
"4392",2022-03-29 00:15:55,3,338,100,50.9530419417827,4.4514133031143
"4393",2022-03-29 00:16:00,3,338,100,50.3274579571617,4.17083835725561
"4394",2022-03-29 00:16:05,3,338,100,50.7403455279445,3.809858764985
"4395",2022-03-29 00:16:10,3,338,100,50.9023590196978,3.67023727122005
"4396",2022-03-29 00:16:15,3,338,100,50.2799588484326,4.70696687012403
"4397",2022-03-29 00:16:20,3,338,100,51.2859566237976,4.16057624957093
"4398",2022-03-29 00:16:25,3,338,100,50.9592167986746,4.24026882187372
"4399",2022-03-29 00:16:30,3,338,100,51.5781721005806,3.88812368999545
"4400",2022-03-29 00:16:35,3,338,100,50.6585388612908,4.28500632013734
"4401",2022-03-30 00:00:00,3,338,200,51.5165277051224,3.94490276009878
"4402",2022-03-30 00:00:05,3,338,200,49.9150212127867,4.21206231144742
"4403",2022-03-30 00:00:10,3,338,200,51.0402640322121,3.7644215917079
"4404",2022-03-30 00:00:15,3,338,200,51.6544073511324,4.01303153394991
"4405",2022-03-30 00:00:20,3,338,200,51.7278247368551,4.21471556465895
"4406",2022-03-30 00:00:25,3,338,200,52.2036375712918,4.23010701882386
"4407",2022-03-30 00:00:30,3,338,200,50.8921071075451,3.9879400892411
"4408",2022-03-30 00:00:35,3,338,200,50.7407171020208,3.61918800067272
"4409",2022-03-30 00:00:40,3,338,200,50.5283342428096,3.78658908066824
"4410",2022-03-30 00:00:45,3,338,200,50.5595126865641,4.15092147955621
"4411",2022-03-30 00:00:50,3,338,200,50.5540902802278,4.21335536623226
"4412",2022-03-30 00:00:55,3,338,200,50.3364985849131,3.5292583338604
"4413",2022-03-30 00:01:00,3,338,200,50.6937595232746,4.40268158733957
"4414",2022-03-30 00:01:05,3,338,200,51.4532808368197,4.01480388786701
"4415",2022-03-30 00:01:10,3,338,200,50.2218942460981,4.22251396433008
"4416",2022-03-30 00:01:15,3,338,200,49.7776356117553,3.95179842203785
"4417",2022-03-30 00:01:20,3,338,200,50.1867866406221,4.5840588708217
"4418",2022-03-30 00:01:25,3,338,200,49.9130847719288,4.05352919256666
"4419",2022-03-30 00:01:30,3,338,200,51.0428689225617,4.18349986321895
"4420",2022-03-30 00:01:35,3,338,200,52.0091047742771,4.56523485738174
"4421",2022-03-30 00:01:40,3,338,200,51.2097395622405,4.91274292894146
"4422",2022-03-30 00:01:45,3,338,200,51.2835145761076,4.30849024051999
"4423",2022-03-30 00:01:50,3,338,200,51.4316232169793,4.42385631477743
"4424",2022-03-30 00:01:55,3,338,200,51.0643349341099,4.21476568635437
"4425",2022-03-30 00:02:00,3,338,200,50.6023772377318,4.4073102318255
"4426",2022-03-30 00:02:05,3,338,200,50.323386421209,4.29385322652324
"4427",2022-03-30 00:02:10,3,338,200,51.1182164810896,4.55938333276506
"4428",2022-03-30 00:02:15,3,338,200,51.4679012969005,3.90267196681063
"4429",2022-03-30 00:02:20,3,338,200,51.5848875773925,4.68866965556398
"4430",2022-03-30 00:02:25,3,338,200,50.744772523762,4.18677264814208
"4431",2022-03-30 00:02:30,3,338,200,49.6199591779767,4.06678348021194
"4432",2022-03-30 00:02:35,3,338,200,51.3136457965221,3.74414466288595
"4433",2022-03-30 00:02:40,3,338,200,50.3921839682447,3.95703462022869
"4434",2022-03-30 00:02:45,3,338,200,50.7857131302681,4.52794058916638
"4435",2022-03-30 00:02:50,3,338,200,50.8628945508929,4.07661100288249
"4436",2022-03-30 00:02:55,3,338,200,50.0517408964165,4.1685246698868
"4437",2022-03-30 00:03:00,3,338,200,50.4723986581311,4.34877821695977
"4438",2022-03-30 00:03:05,3,338,200,50.3917848768268,3.68619177475926
"4439",2022-03-30 00:03:10,3,338,200,50.5726108865597,4.16651978213343
"4440",2022-03-30 00:03:15,3,338,200,50.3534043603607,4.73008434343712
"4441",2022-03-30 00:03:20,3,338,200,51.3535543985943,4.19955577602946
"4442",2022-03-30 00:03:25,3,338,200,49.4170407324366,4.93054070204371
"4443",2022-03-30 00:03:30,3,338,200,50.6456797213057,4.24884854694794
"4444",2022-03-30 00:03:35,3,338,200,51.0857307027779,4.22471849085951
"4445",2022-03-30 00:03:40,3,338,200,50.6985120250501,4.74968814707936
"4446",2022-03-30 00:03:45,3,338,200,50.5724721249141,4.38956899949754
"4447",2022-03-30 00:03:50,3,338,200,51.1154867069135,4.32133085760334
"4448",2022-03-30 00:03:55,3,338,200,52.0459138219187,3.83463281909558
"4449",2022-03-30 00:04:00,3,338,200,51.092341847125,4.1033526360172
"4450",2022-03-30 00:04:05,3,338,200,50.2416800128734,4.37419382477362
"4451",2022-03-30 00:04:10,3,338,200,51.8566965251241,3.96953598531841
"4452",2022-03-30 00:04:15,3,338,200,50.6842667450124,4.05739503817505
"4453",2022-03-30 00:04:20,3,338,200,51.0016019492173,4.0611330090313
"4454",2022-03-30 00:04:25,3,338,200,51.7814486869348,4.07214128023786
"4455",2022-03-30 00:04:30,3,338,200,50.6605271127762,4.21888136313631
"4456",2022-03-30 00:04:35,3,338,200,51.4884028487582,4.39158658189753
"4457",2022-03-30 00:04:40,3,338,200,50.0980832561802,4.79904818231235
"4458",2022-03-30 00:04:45,3,338,200,50.5488491641352,4.52046593755105
"4459",2022-03-30 00:04:50,3,338,200,50.5006838444869,4.76833849759046
"4460",2022-03-30 00:04:55,3,338,200,51.230146560369,4.35561272646657
"4461",2022-03-30 00:05:00,3,338,200,51.1028183389884,4.40735262165188
"4462",2022-03-30 00:05:05,3,338,200,50.9119318374505,4.40970424046744
"4463",2022-03-30 00:05:10,3,338,200,50.1643475309533,3.50861936007335
"4464",2022-03-30 00:05:15,3,338,200,50.2637351007207,4.17121688441317
"4465",2022-03-30 00:05:20,3,338,200,50.8080497872992,4.41536513483531
"4466",2022-03-30 00:05:25,3,338,200,50.393295247771,4.49737699266453
"4467",2022-03-30 00:05:30,3,338,200,51.6646976727368,3.70284249827352
"4468",2022-03-30 00:05:35,3,338,200,50.9267148629824,3.81222542632423
"4469",2022-03-30 00:05:40,3,338,200,50.7027359661266,4.16427529080133
"4470",2022-03-30 00:05:45,3,338,200,50.4659455427818,4.13112919244907
"4471",2022-03-30 00:05:50,3,338,200,51.3582918775417,3.86940232095957
"4472",2022-03-30 00:05:55,3,338,200,51.3105752121016,4.49273406772484
"4473",2022-03-30 00:06:00,3,338,200,49.952664420057,3.95275525809805
"4474",2022-03-30 00:06:05,3,338,200,50.2647828739037,3.90454827232525
"4475",2022-03-30 00:06:10,3,338,200,51.26912137581,3.81376059679757
"4476",2022-03-30 00:06:15,3,338,200,51.0195279783243,4.35513098502951
"4477",2022-03-30 00:06:20,3,338,200,50.190515192056,3.73854927146847
"4478",2022-03-30 00:06:25,3,338,200,50.7988785330057,5.00891142203812
"4479",2022-03-30 00:06:30,3,338,200,50.7993605822883,4.38124731543929
"4480",2022-03-30 00:06:35,3,338,200,50.9848167715746,3.84434349309675
"4481",2022-03-30 00:06:40,3,338,200,50.7933004720637,4.23713229938705
"4482",2022-03-30 00:06:45,3,338,200,51.2408127969316,3.59290534298769
"4483",2022-03-30 00:06:50,3,338,200,51.0584949771806,3.92188811846047
"4484",2022-03-30 00:06:55,3,338,200,50.694119768127,4.46254127723516
"4485",2022-03-30 00:07:00,3,338,200,51.285862564747,3.89631930762595
"4486",2022-03-30 00:07:05,3,338,200,50.4385473805898,4.31797552998473
"4487",2022-03-30 00:07:10,3,338,200,51.5569343708764,3.72854095232113
"4488",2022-03-30 00:07:15,3,338,200,49.1558770266163,3.98075257742698
"4489",2022-03-30 00:07:20,3,338,200,51.1034054610407,3.89836593083284
"4490",2022-03-30 00:07:25,3,338,200,50.8868869439013,4.51831407017856
"4491",2022-03-30 00:07:30,3,338,200,50.8225436760233,4.47424170260856
"4492",2022-03-30 00:07:35,3,338,200,51.0850971964587,4.45340165029182
"4493",2022-03-30 00:07:40,3,338,200,50.7708532106378,3.60553613107266
"4494",2022-03-30 00:07:45,3,338,200,51.3582265578712,4.27013263690777
"4495",2022-03-30 00:07:50,3,338,200,50.8807630187631,4.58817256328112
"4496",2022-03-30 00:07:55,3,338,200,49.8725764102568,4.82210848745993
"4497",2022-03-30 00:08:00,3,338,200,51.642302869062,4.80322006950326
"4498",2022-03-30 00:08:05,3,338,200,51.1902614999266,4.84994128773637
"4499",2022-03-30 00:08:10,3,338,200,51.3453798403525,3.63418280084944
"4500",2022-03-30 00:08:15,3,338,200,51.0384972047014,4.21858433743469
"4501",2022-03-30 00:08:20,3,338,200,51.0237408005071,3.7685918864281
"4502",2022-03-30 00:08:25,3,338,200,51.0797266788555,3.6961662337573
"4503",2022-03-30 00:08:30,3,338,200,50.6738592041811,4.1210204247893
"4504",2022-03-30 00:08:35,3,338,200,51.3848384963024,4.3552505585812
"4505",2022-03-30 00:08:40,3,338,200,50.8603968074298,4.20618117300505
"4506",2022-03-30 00:08:45,3,338,200,51.7555908900233,4.44100399045867
"4507",2022-03-30 00:08:50,3,338,200,51.7687041273917,4.28166830823165
"4508",2022-03-30 00:08:55,3,338,200,51.2938497984945,4.0530595408081
"4509",2022-03-30 00:09:00,3,338,200,50.5547741558876,4.11763597218154
"4510",2022-03-30 00:09:05,3,338,200,50.5289496621229,4.04402221415436
"4511",2022-03-30 00:09:10,3,338,200,51.169864787474,3.71008771301332
"4512",2022-03-30 00:09:15,3,338,200,50.316198610322,4.56102976197376
"4513",2022-03-30 00:09:20,3,338,200,50.9953953120703,4.17382920859545
"4514",2022-03-30 00:09:25,3,338,200,50.4704480985936,4.17368179899641
"4515",2022-03-30 00:09:30,3,338,200,50.4579059302792,4.79627841554721
"4516",2022-03-30 00:09:35,3,338,200,49.9365045288421,3.75282100880861
"4517",2022-03-30 00:09:40,3,338,200,51.5586036418691,4.89182063237472
"4518",2022-03-30 00:09:45,3,338,200,50.5429101359642,4.39575997035157
"4519",2022-03-30 00:09:50,3,338,200,51.2229367213446,4.26071223614121
"4520",2022-03-30 00:09:55,3,338,200,50.5225552936725,4.37247459623451
"4521",2022-03-30 00:10:00,3,338,200,51.0618602402145,4.22392175666027
"4522",2022-03-30 00:10:05,3,338,200,50.8091809391937,3.65136532243813
"4523",2022-03-30 00:10:10,3,338,200,50.9785158394649,3.46373587436778
"4524",2022-03-30 00:10:15,3,338,200,51.0478972236322,4.0563274924881
"4525",2022-03-30 00:10:20,3,338,200,50.8555293435714,4.27767650491916
"4526",2022-03-30 00:10:25,3,338,200,49.9892121904031,4.2260209498059
"4527",2022-03-30 00:10:30,3,338,200,49.536378830722,4.50086110542569
"4528",2022-03-30 00:10:35,3,338,200,51.0768235959506,4.55588463954036
"4529",2022-03-30 00:10:40,3,338,200,52.0815058493189,3.45487815140056
"4530",2022-03-30 00:10:45,3,338,200,50.4493243613372,4.58482064512169
"4531",2022-03-30 00:10:50,3,338,200,50.7244771699873,3.55521319833635
"4532",2022-03-30 00:10:55,3,338,200,51.1802254041666,4.57373989354803
"4533",2022-03-30 00:11:00,3,338,200,50.2923116674617,4.48737796636172
"4534",2022-03-30 00:11:05,3,338,200,50.4410672565698,4.69047639576209
"4535",2022-03-30 00:11:10,3,338,200,50.4686455086318,3.65998104712149
"4536",2022-03-30 00:11:15,3,338,200,51.0506407664055,4.08429294706674
"4537",2022-03-30 00:11:20,3,338,200,49.7710921696315,4.38745006198675
"4538",2022-03-30 00:11:25,3,338,200,50.4673336457482,4.60700247232391
"4539",2022-03-30 00:11:30,3,338,200,51.5432023530806,4.10104921356177
"4540",2022-03-30 00:11:35,3,338,200,49.9610947239908,4.52490417548704
"4541",2022-03-30 00:11:40,3,338,200,51.1438385661479,4.30715117378883
"4542",2022-03-30 00:11:45,3,338,200,50.4822017806934,3.90278773462485
"4543",2022-03-30 00:11:50,3,338,200,50.2351259447389,3.28730908455785
"4544",2022-03-30 00:11:55,3,338,200,50.6404578441955,4.48257330942765
"4545",2022-03-30 00:12:00,3,338,200,49.7350667477948,3.73661888579275
"4546",2022-03-30 00:12:05,3,338,200,51.2031432828784,4.24930584132117
"4547",2022-03-30 00:12:10,3,338,200,50.1775495735539,4.41631735049537
"4548",2022-03-30 00:12:15,3,338,200,51.5080241777547,4.26873928528664
"4549",2022-03-30 00:12:20,3,338,200,50.9047870739114,4.53977944302791
"4550",2022-03-30 00:12:25,3,338,200,50.6195255486082,4.35134430033994
"4551",2022-03-30 00:12:30,3,338,200,51.144127567491,4.74576125729653
"4552",2022-03-30 00:12:35,3,338,200,51.1144093947819,3.91055218106635
"4553",2022-03-30 00:12:40,3,338,200,51.1994880804787,3.98374174050464
"4554",2022-03-30 00:12:45,3,338,200,50.9166747967882,4.04290374311921
"4555",2022-03-30 00:12:50,3,338,200,50.549918882034,4.26671047368521
"4556",2022-03-30 00:12:55,3,338,200,51.5192908619716,4.66126857593814
"4557",2022-03-30 00:13:00,3,338,200,50.9903250125665,4.23122322910089
"4558",2022-03-30 00:13:05,3,338,200,50.5924821446951,3.50092801102236
"4559",2022-03-30 00:13:10,3,338,200,50.8461263427731,4.50791781770179
"4560",2022-03-30 00:13:15,3,338,200,51.4171093349235,4.2070317404277
"4561",2022-03-30 00:13:20,3,338,200,51.9299633101475,4.76113941456754
"4562",2022-03-30 00:13:25,3,338,200,51.2277914364846,4.27546489497382
"4563",2022-03-30 00:13:30,3,338,200,50.976789418667,3.59820843944224
"4564",2022-03-30 00:13:35,3,338,200,50.8576882368119,3.84732249808885
"4565",2022-03-30 00:13:40,3,338,200,51.4792870809607,4.40115205776197
"4566",2022-03-30 00:13:45,3,338,200,51.4453552985663,4.67400884184595
"4567",2022-03-30 00:13:50,3,338,200,50.3691431497946,3.96860005014738
"4568",2022-03-30 00:13:55,3,338,200,51.6001900650082,3.97409645574678
"4569",2022-03-30 00:14:00,3,338,200,50.1778294408197,4.34508055372992
"4570",2022-03-30 00:14:05,3,338,200,50.8307049893262,4.5362266542362
"4571",2022-03-30 00:14:10,3,338,200,49.6511303130409,4.60800375093338
"4572",2022-03-30 00:14:15,3,338,200,50.8429491652554,4.03906984801803
"4573",2022-03-30 00:14:20,3,338,200,51.0086938632292,4.94808142883271
"4574",2022-03-30 00:14:25,3,338,200,51.0509531323145,4.4205793818105
"4575",2022-03-30 00:14:30,3,338,200,50.686806123163,4.26713952798968
"4576",2022-03-30 00:14:35,3,338,200,50.4410588051946,3.34804176959479
"4577",2022-03-30 00:14:40,3,338,200,51.1274712656392,3.685665312531
"4578",2022-03-30 00:14:45,3,338,200,51.0180262933613,4.12285990536487
"4579",2022-03-30 00:14:50,3,338,200,51.9498492444851,3.77794274954954
"4580",2022-03-30 00:14:55,3,338,200,51.5786686068103,3.93372709441471
"4581",2022-03-30 00:15:00,3,338,200,50.3828755525642,4.05935057091449
"4582",2022-03-30 00:15:05,3,338,200,50.8511288072002,4.33755581368373
"4583",2022-03-30 00:15:10,3,338,200,50.4784098896088,4.33280075701913
"4584",2022-03-30 00:15:15,3,338,200,49.7798201633941,4.83226439243633
"4585",2022-03-30 00:15:20,3,338,200,50.2149241435828,4.95865119159003
"4586",2022-03-30 00:15:25,3,338,200,50.975128907123,3.88544308236983
"4587",2022-03-30 00:15:30,3,338,200,51.1755939951969,4.51939553402614
"4588",2022-03-30 00:15:35,3,338,200,50.0366973950165,4.74823401661036
"4589",2022-03-30 00:15:40,3,338,200,50.7286780252834,4.3438230741265
"4590",2022-03-30 00:15:45,3,338,200,50.1009513748793,4.34233738309512
"4591",2022-03-30 00:15:50,3,338,200,50.5229155779014,4.50438663718871
"4592",2022-03-30 00:15:55,3,338,200,50.7267992717307,4.17807396240454
"4593",2022-03-30 00:16:00,3,338,200,50.4085386205399,4.53046552419241
"4594",2022-03-30 00:16:05,3,338,200,50.3855788389075,4.30336459525393
"4595",2022-03-30 00:16:10,3,338,200,51.3559823805821,4.2008668740545
"4596",2022-03-30 00:16:15,3,338,200,51.0172304149146,5.1603477597892
"4597",2022-03-30 00:16:20,3,338,200,50.9433655169118,3.95300108486138
"4598",2022-03-30 00:16:25,3,338,200,50.5124558944719,3.97366645869296
"4599",2022-03-30 00:16:30,3,338,200,50.000264256539,4.21624434471711
"4600",2022-03-30 00:16:35,3,338,200,49.6905254818023,4.31454311753076
"4601",2022-03-31 00:00:00,3,338,300,51.3699932955541,3.89308900149315
"4602",2022-03-31 00:00:05,3,338,300,50.6659049401295,4.75140667043329
"4603",2022-03-31 00:00:10,3,338,300,49.284122353757,4.36203924174747
"4604",2022-03-31 00:00:15,3,338,300,51.2510062196295,4.0681184734893
"4605",2022-03-31 00:00:20,3,338,300,50.3854694144189,4.1181441808561
"4606",2022-03-31 00:00:25,3,338,300,50.4943422246608,4.21104817050121
"4607",2022-03-31 00:00:30,3,338,300,50.148786177372,4.34719759173595
"4608",2022-03-31 00:00:35,3,338,300,50.414194105463,4.53560737991105
"4609",2022-03-31 00:00:40,3,338,300,50.8988167145599,4.19902251070523
"4610",2022-03-31 00:00:45,3,338,300,50.2707401131209,4.76855565893602
"4611",2022-03-31 00:00:50,3,338,300,49.9672133149082,4.35405486430418
"4612",2022-03-31 00:00:55,3,338,300,50.5324138126832,5.13482161462898
"4613",2022-03-31 00:01:00,3,338,300,50.6812414532322,4.31557896769315
"4614",2022-03-31 00:01:05,3,338,300,50.5235934168355,4.2712702188696
"4615",2022-03-31 00:01:10,3,338,300,51.10217319264,3.5858994238196
"4616",2022-03-31 00:01:15,3,338,300,51.0771413909757,4.14196930998159
"4617",2022-03-31 00:01:20,3,338,300,51.1563337433121,3.98456317896867
"4618",2022-03-31 00:01:25,3,338,300,51.2848918035712,4.05611589915877
"4619",2022-03-31 00:01:30,3,338,300,50.6537533328165,3.93925959634928
"4620",2022-03-31 00:01:35,3,338,300,50.0688068673608,4.4023136389311
"4621",2022-03-31 00:01:40,3,338,300,51.0979451975752,4.80101971415575
"4622",2022-03-31 00:01:45,3,338,300,50.2736816484506,3.86712720381408
"4623",2022-03-31 00:01:50,3,338,300,51.0458066420915,4.55335037534967
"4624",2022-03-31 00:01:55,3,338,300,50.5838596662815,4.24405395111135
"4625",2022-03-31 00:02:00,3,338,300,49.8499860143636,3.87854804848121
"4626",2022-03-31 00:02:05,3,338,300,51.4524207771811,3.84193455430542
"4627",2022-03-31 00:02:10,3,338,300,49.0489929647842,4.48742195262482
"4628",2022-03-31 00:02:15,3,338,300,50.2815843098326,4.03743120600735
"4629",2022-03-31 00:02:20,3,338,300,50.1652962747103,4.1794958343366
"4630",2022-03-31 00:02:25,3,338,300,51.3349590687509,4.24742834124308
"4631",2022-03-31 00:02:30,3,338,300,49.4682500237218,4.26857856220766
"4632",2022-03-31 00:02:35,3,338,300,51.2837353981758,3.61731427444002
"4633",2022-03-31 00:02:40,3,338,300,50.5375362388063,3.8984270529064
"4634",2022-03-31 00:02:45,3,338,300,51.2144165755527,4.04795680825587
"4635",2022-03-31 00:02:50,3,338,300,50.0729214919273,5.05176643368549
"4636",2022-03-31 00:02:55,3,338,300,51.1492198429197,4.63036686925777
"4637",2022-03-31 00:03:00,3,338,300,51.2670152970534,3.89671786559687
"4638",2022-03-31 00:03:05,3,338,300,50.4657145569951,4.46047716308288
"4639",2022-03-31 00:03:10,3,338,300,50.9406286192442,3.67553005001359
"4640",2022-03-31 00:03:15,3,338,300,51.08839202611,4.4463946711176
"4641",2022-03-31 00:03:20,3,338,300,49.8412788069377,4.27952912991159
"4642",2022-03-31 00:03:25,3,338,300,49.698582658846,4.32071127189128
"4643",2022-03-31 00:03:30,3,338,300,50.7632343237313,4.02427214538985
"4644",2022-03-31 00:03:35,3,338,300,50.4512788528662,3.70888398539213
"4645",2022-03-31 00:03:40,3,338,300,50.5734779087281,3.97236614134152
"4646",2022-03-31 00:03:45,3,338,300,49.9712168935186,4.2191963850824
"4647",2022-03-31 00:03:50,3,338,300,50.344997187616,4.79948879632068
"4648",2022-03-31 00:03:55,3,338,300,50.9444500522794,4.07249310248707
"4649",2022-03-31 00:04:00,3,338,300,50.9501071907703,4.18024704034477
"4650",2022-03-31 00:04:05,3,338,300,49.8418963625115,4.22849714794203
"4651",2022-03-31 00:04:10,3,338,300,51.5241267940174,4.51456434164313
"4652",2022-03-31 00:04:15,3,338,300,50.2301466082295,3.70418802059749
"4653",2022-03-31 00:04:20,3,338,300,50.2985525006503,4.08165236606183
"4654",2022-03-31 00:04:25,3,338,300,50.0698385318519,3.77971163769782
"4655",2022-03-31 00:04:30,3,338,300,49.9680186867399,3.72348162483345
"4656",2022-03-31 00:04:35,3,338,300,51.5268465450488,4.7001574555891
"4657",2022-03-31 00:04:40,3,338,300,50.5067915813102,4.60781893092485
"4658",2022-03-31 00:04:45,3,338,300,51.1464557034225,3.70452108363051
"4659",2022-03-31 00:04:50,3,338,300,49.6829422577935,3.8713942407854
"4660",2022-03-31 00:04:55,3,338,300,51.5480197343357,4.65570080066818
"4661",2022-03-31 00:05:00,3,338,300,50.7861219356591,3.99686664635857
"4662",2022-03-31 00:05:05,3,338,300,50.0184153434979,4.81291780379077
"4663",2022-03-31 00:05:10,3,338,300,50.4081076259909,4.42010759938815
"4664",2022-03-31 00:05:15,3,338,300,50.5782754451991,4.74890921104961
"4665",2022-03-31 00:05:20,3,338,300,51.5774488650716,4.40642884372377
"4666",2022-03-31 00:05:25,3,338,300,50.736489382736,4.54014135635214
"4667",2022-03-31 00:05:30,3,338,300,50.541963413284,4.54699645309031
"4668",2022-03-31 00:05:35,3,338,300,50.8233538849316,4.14369366777408
"4669",2022-03-31 00:05:40,3,338,300,50.7347413933608,4.36694368948917
"4670",2022-03-31 00:05:45,3,338,300,51.1622588106096,5.37827902242035
"4671",2022-03-31 00:05:50,3,338,300,50.4096019687867,4.24979514618293
"4672",2022-03-31 00:05:55,3,338,300,50.813196187514,4.67680727420429
"4673",2022-03-31 00:06:00,3,338,300,50.7991288964047,4.54441122777264
"4674",2022-03-31 00:06:05,3,338,300,50.7183711083646,4.60149391056866
"4675",2022-03-31 00:06:10,3,338,300,49.385638519565,4.41213431662571
"4676",2022-03-31 00:06:24,3,338,300,50.4372141766868,11.3547448575531
"4677",2022-03-31 00:06:20,3,338,300,51.0137353601926,4.07404347579883
"4678",2022-03-31 00:06:25,3,338,300,50.6940775503387,4.41818350902924
"4679",2022-03-31 00:06:30,3,338,300,50.6939528899565,2.96317093405026
"4680",2022-03-31 00:06:35,3,338,300,50.7147743339299,4.41247440055304
"4681",2022-03-31 00:06:40,3,338,300,50.5419683161561,3.81764230195213
"4682",2022-03-31 00:06:45,3,338,300,51.0941084741315,4.48200867107691
"4683",2022-03-31 00:06:50,3,338,300,50.7705951220929,4.50483842698403
"4684",2022-03-31 00:06:55,3,338,300,50.0989854304223,3.89252756248681
"4685",2022-03-31 00:07:00,3,338,300,49.8156051634447,4.45524248204677
"4686",2022-03-31 00:07:05,3,338,300,51.5523826538177,3.72764107551653
"4687",2022-03-31 00:07:10,3,338,300,50.172356262285,4.03901273814229
"4688",2022-03-31 00:07:15,3,338,300,50.4198176422827,4.27512518290862
"4689",2022-03-31 00:07:20,3,338,300,50.9226944283385,4.69905701899974
"4690",2022-03-31 00:07:25,3,338,300,51.1113309633364,4.54538068696846
"4691",2022-03-31 00:07:30,3,338,300,50.1862009680006,4.33142968953057
"4692",2022-03-31 00:07:35,3,338,300,51.0897091096558,3.95585779229439
"4693",2022-03-31 00:07:40,3,338,300,50.6163946879236,4.26597913545491
"4694",2022-03-31 00:07:45,3,338,300,50.8460685453019,4.61787492674322
"4695",2022-03-31 00:07:50,3,338,300,50.884377269624,3.53439295982137
"4696",2022-03-31 00:07:55,3,338,300,51.4357322728367,4.25835718655019
"4697",2022-03-31 00:08:00,3,338,300,49.7283464781784,4.13826785499088
"4698",2022-03-31 00:08:05,3,338,300,51.2297079025575,4.58978498427593
"4699",2022-03-31 00:08:10,3,338,300,51.1672380926683,4.485592479195
"4700",2022-03-31 00:08:15,3,338,300,51.1430677648755,3.91966641007868
"4701",2022-03-31 00:08:20,3,338,300,51.4479901708885,4.01453585676738
"4702",2022-03-31 00:08:25,3,338,300,50.1674970970752,4.38167220242785
"4703",2022-03-31 00:08:30,3,338,300,50.4644903740476,4.44495719193496
"4704",2022-03-31 00:08:35,3,338,300,50.6380712827833,4.20558091653327
"4705",2022-03-31 00:08:40,3,338,300,50.223427574891,4.23663123248
"4706",2022-03-31 00:08:45,3,338,300,51.2042395879325,4.19001026076959
"4707",2022-03-31 00:08:50,3,338,300,49.9929279450215,4.20452487264223
"4708",2022-03-31 00:08:55,3,338,300,50.9489985415582,3.91650013161323
"4709",2022-03-31 00:09:00,3,338,300,51.1551992599859,4.19358877961935
"4710",2022-03-31 00:09:05,3,338,300,50.6101595471726,3.85272121508994
"4711",2022-03-31 00:09:10,3,338,300,51.233462652868,4.21717856279178
"4712",2022-03-31 00:09:15,3,338,300,49.7935480180624,4.2878406578149
"4713",2022-03-31 00:09:20,3,338,300,49.5720678384086,4.44974981046278
"4714",2022-03-31 00:09:25,3,338,300,50.3472337254917,4.65058488061275
"4715",2022-03-31 00:09:30,3,338,300,49.8766688990363,4.279840949125
"4716",2022-03-31 00:09:35,3,338,300,50.8377788388067,3.83703241851141
"4717",2022-03-31 00:09:40,3,338,300,50.3225202648515,3.47269574395671
"4718",2022-03-31 00:09:45,3,338,300,50.4540782538809,4.28749134957006
"4719",2022-03-31 00:09:50,3,338,300,51.0253868957112,4.21663267026959
"4720",2022-03-31 00:09:55,3,338,300,50.0700789192144,4.65983772450663
"4721",2022-03-31 00:10:00,3,338,300,50.9165552579074,4.20836685961618
"4722",2022-03-31 00:10:05,3,338,300,51.0364588314532,3.81818782912562
"4723",2022-03-31 00:10:10,3,338,300,51.7654920705242,4.42172628345696
"4724",2022-03-31 00:10:15,3,338,300,50.7065896210612,4.49073902481269
"4725",2022-03-31 00:10:20,3,338,300,51.0647510791402,4.42877839952599
"4726",2022-03-31 00:10:25,3,338,300,50.7641196488274,4.37286256813219
"4727",2022-03-31 00:10:30,3,338,300,51.0692504576776,4.30863304902084
"4728",2022-03-31 00:10:35,3,338,300,51.3334381904484,4.13745058238867
"4729",2022-03-31 00:10:40,3,338,300,50.640223393449,4.72436579880864
"4730",2022-03-31 00:10:45,3,338,300,51.0969011834363,4.72641639600974
"4731",2022-03-31 00:10:50,3,338,300,50.6376668424552,3.92312183043838
"4732",2022-03-31 00:10:55,3,338,300,49.6841021359707,3.89139162022001
"4733",2022-03-31 00:11:00,3,338,300,50.6944017134379,4.44500181696855
"4734",2022-03-31 00:11:05,3,338,300,49.9434288258356,4.31011074361869
"4735",2022-03-31 00:11:10,3,338,300,51.58730864641,4.74765356671995
"4736",2022-03-31 00:11:15,3,338,300,50.7919449211586,4.04919311006072
"4737",2022-03-31 00:11:20,3,338,300,49.9112795810611,4.21212712838426
"4738",2022-03-31 00:11:25,3,338,300,50.4973038915144,4.57949924315786
"4739",2022-03-31 00:11:30,3,338,300,50.1013570052773,4.27437724962597
"4740",2022-03-31 00:11:35,3,338,300,51.5606550486083,4.28858311757669
"4741",2022-03-31 00:11:40,3,338,300,50.0112398879967,4.23379456685107
"4742",2022-03-31 00:11:45,3,338,300,50.1746446143595,4.33083996617153
"4743",2022-03-31 00:11:50,3,338,300,50.6836712884088,4.00980419378364
"4744",2022-03-31 00:11:55,3,338,300,50.949581331504,4.2394453846802
"4745",2022-03-31 00:12:00,3,338,300,51.3292697937595,4.632457579617
"4746",2022-03-31 00:12:05,3,338,300,50.8625996100158,3.37881992732095
"4747",2022-03-31 00:12:10,3,338,300,51.2516854893009,4.00448727994905
"4748",2022-03-31 00:12:15,3,338,300,50.7653687533973,4.42480222016083
"4749",2022-03-31 00:12:20,3,338,300,50.6838118136556,4.31377690614926
"4750",2022-03-31 00:12:25,3,338,300,50.2436645089349,4.55807078719432
"4751",2022-03-31 00:12:30,3,338,300,51.2430656862212,3.86404175600245
"4752",2022-03-31 00:12:35,3,338,300,51.050353721109,4.22944543450639
"4753",2022-03-31 00:12:40,3,338,300,51.1454873719921,4.24091096524193
"4754",2022-03-31 00:12:45,3,338,300,50.9115977363677,4.27671376735401
"4755",2022-03-31 00:12:50,3,338,300,50.2013742422257,3.63840159162496
"4756",2022-03-31 00:12:55,3,338,300,50.7484385167119,4.6273583784276
"4757",2022-03-31 00:13:00,3,338,300,50.6759364022833,3.78959621778583
"4758",2022-03-31 00:13:05,3,338,300,52.2447378830886,3.75522810665932
"4759",2022-03-31 00:13:10,3,338,300,50.6272864793067,4.55232248594828
"4760",2022-03-31 00:13:15,3,338,300,50.9024129942363,4.0987294360121
"4761",2022-03-31 00:13:20,3,338,300,51.5999814499839,4.43883146649412
"4762",2022-03-31 00:13:25,3,338,300,50.9650715299122,4.2361114603964
"4763",2022-03-31 00:13:30,3,338,300,51.8090185781542,4.20777079061356
"4764",2022-03-31 00:13:35,3,338,300,51.6320678880314,3.8596742810586
"4765",2022-03-31 00:13:40,3,338,300,50.7769862633568,4.19680540226955
"4766",2022-03-31 00:13:45,3,338,300,51.2611089539894,4.80372571103732
"4767",2022-03-31 00:13:50,3,338,300,50.660127665917,4.30416247779981
"4768",2022-03-31 00:13:55,3,338,300,50.7656927449758,4.27949982447296
"4769",2022-03-31 00:14:00,3,338,300,50.6797025828424,4.56127293333646
"4770",2022-03-31 00:14:05,3,338,300,50.2601077695502,4.48824872651135
"4771",2022-03-31 00:14:10,3,338,300,51.2089029387107,4.28566573954225
"4772",2022-03-31 00:14:15,3,338,300,50.272020711151,4.99448443540887
"4773",2022-03-31 00:14:20,3,338,300,49.8215421796056,5.11402195753518
"4774",2022-03-31 00:14:25,3,338,300,50.8683738738537,3.63869441368069
"4775",2022-03-31 00:14:30,3,338,300,50.8276390676742,4.31961210955711
"4776",2022-03-31 00:14:35,3,338,300,50.6539871067797,4.34899710820574
"4777",2022-03-31 00:14:40,3,338,300,50.6109108381909,4.48925962011432
"4778",2022-03-31 00:14:45,3,338,300,50.3610270001793,4.19768500208992
"4779",2022-03-31 00:14:50,3,338,300,50.8760475378196,4.17205596541928
"4780",2022-03-31 00:14:55,3,338,300,51.1835727089008,4.22469035257624
"4781",2022-03-31 00:15:00,3,338,300,50.6880174033185,3.91575440429091
"4782",2022-03-31 00:15:05,3,338,300,50.8685373409281,4.26305961041389
"4783",2022-03-31 00:15:10,3,338,300,51.1469111265402,4.28352454406467
"4784",2022-03-31 00:15:15,3,338,300,51.4790879799275,4.01697755643131
"4785",2022-03-31 00:15:20,3,338,300,49.5169536315409,3.91905389857397
"4786",2022-03-31 00:15:25,3,338,300,51.0394583522817,3.91331625176282
"4787",2022-03-31 00:15:30,3,338,300,51.0282715685938,4.02517883664098
"4788",2022-03-31 00:15:35,3,338,300,50.3408113579663,3.95529435022722
"4789",2022-03-31 00:15:40,3,338,300,51.1847319251168,4.05018492885349
"4790",2022-03-31 00:15:45,3,338,300,51.3756450108101,4.59072614410521
"4791",2022-03-31 00:15:50,3,338,300,50.8742121269258,4.83668572063027
"4792",2022-03-31 00:15:55,3,338,300,52.2971119715069,4.49803276688842
"4793",2022-03-31 00:16:00,3,338,300,51.7846141667154,4.29911308726355
"4794",2022-03-31 00:16:05,3,338,300,51.0258313506069,5.02706358249935
"4795",2022-03-31 00:16:10,3,338,300,50.5180710204805,4.2706632489816
"4796",2022-03-31 00:16:15,3,338,300,50.6999033438953,4.3061360438451
"4797",2022-03-31 00:16:20,3,338,300,51.4401753250257,4.62069162338204
"4798",2022-03-31 00:16:25,3,338,300,50.3064470307114,4.61523721985046
"4799",2022-03-31 00:16:30,3,338,300,50.7551883878911,4.61279184569042
"4800",2022-03-31 00:16:35,3,338,300,51.0752531507569,4.53300651047698
"4801",2022-04-01 00:00:00,3,373,100,51.2145955791765,2.92915040525262
"4802",2022-04-01 00:00:05,3,373,100,51.3831458659713,2.19657413486561
"4803",2022-04-01 00:00:10,3,373,100,50.8812912208137,2.31193348776339
"4804",2022-04-01 00:00:15,3,373,100,50.1639994459773,1.22281101372048
"4805",2022-04-01 00:00:20,3,373,100,50.5073646755961,2.72720545955336
"4806",2022-04-01 00:00:25,3,373,100,50.2971868374362,2.2337706312343
"4807",2022-04-01 00:00:30,3,373,100,50.2343149610674,1.94928983374191
"4808",2022-04-01 00:00:35,3,373,100,50.5607100530622,2.49900057394522
"4809",2022-04-01 00:00:40,3,373,100,50.7279564247124,2.33200469208337
"4810",2022-04-01 00:00:45,3,373,100,51.4076541066815,2.89891749131966
"4811",2022-04-01 00:00:50,3,373,100,50.5395178534554,2.54699653156847
"4812",2022-04-01 00:00:55,3,373,100,51.1503734272263,2.50204703208567
"4813",2022-04-01 00:01:00,3,373,100,50.3539118355763,2.31221217204461
"4814",2022-04-01 00:01:05,3,373,100,51.1609714530096,3.2318651487501
"4815",2022-04-01 00:01:10,3,373,100,51.3388648395574,2.55372564701619
"4816",2022-04-01 00:01:15,3,373,100,50.8648641663687,2.36985518232591
"4817",2022-04-01 00:01:20,3,373,100,50.610815888896,2.34105808656078
"4818",2022-04-01 00:01:25,3,373,100,50.8849113788001,1.56413226148098
"4819",2022-04-01 00:01:30,3,373,100,51.4346622391567,2.08808291179682
"4820",2022-04-01 00:01:35,3,373,100,50.2171223007983,3.11333261309421
"4821",2022-04-01 00:01:40,3,373,100,50.7162798077218,2.4049678110439
"4822",2022-04-01 00:01:45,3,373,100,49.0931113315601,1.77871679480982
"4823",2022-04-01 00:01:50,3,373,100,51.3216200840651,2.3564445068022
"4824",2022-04-01 00:01:55,3,373,100,49.6993673697992,2.29921631692334
"4825",2022-04-01 00:02:00,3,373,100,51.0494259688211,2.83421434809122
"4826",2022-04-01 00:02:05,3,373,100,52.2776292670491,2.87220586614762
"4827",2022-04-01 00:02:10,3,373,100,51.2527259597719,2.32321176778244
"4828",2022-04-01 00:02:15,3,373,100,51.2562862840186,2.34499393341738
"4829",2022-04-01 00:02:20,3,373,100,50.6553523360574,2.38721108165118
"4830",2022-04-01 00:02:25,3,373,100,51.470608225238,2.71788088014852
"4831",2022-04-01 00:02:30,3,373,100,50.4516714658442,1.83667742972447
"4832",2022-04-01 00:02:35,3,373,100,50.7506588989089,2.28907901758268
"4833",2022-04-01 00:02:40,3,373,100,50.9033655091928,2.63532073513851
"4834",2022-04-01 00:02:45,3,373,100,51.3289927559986,2.36878808002562
"4835",2022-04-01 00:02:50,3,373,100,51.3005291797079,2.11717071893736
"4836",2022-04-01 00:02:55,3,373,100,50.7273789235828,2.96250062382318
"4837",2022-04-01 00:03:00,3,373,100,50.917711769526,2.00571459408378
"4838",2022-04-01 00:03:05,3,373,100,50.597309719246,2.77495015242735
"4839",2022-04-01 00:03:10,3,373,100,51.046452697776,2.2024541425876
"4840",2022-04-01 00:03:15,3,373,100,51.232597971543,1.9596405432759
"4841",2022-04-01 00:03:20,3,373,100,50.9365184196167,2.06656876277557
"4842",2022-04-01 00:03:25,3,373,100,51.4106779829237,2.73841266694714
"4843",2022-04-01 00:03:30,3,373,100,51.1129694610788,1.78126332479962
"4844",2022-04-01 00:03:35,3,373,100,51.9396898115872,2.35537298877458
"4845",2022-04-01 00:03:40,3,373,100,50.9695379921258,1.85952036070004
"4846",2022-04-01 00:03:45,3,373,100,49.8212515124132,2.03815890758588
"4847",2022-04-01 00:03:50,3,373,100,51.1966313874253,2.4972135973379
"4848",2022-04-01 00:03:55,3,373,100,51.4393565588579,2.00683816405898
"4849",2022-04-01 00:04:00,3,373,100,48.8756092905449,2.45137434311095
"4850",2022-04-01 00:04:05,3,373,100,51.0132789836309,2.39722977243271
"4851",2022-04-01 00:04:10,3,373,100,50.5681358451171,2.0869814753534
"4852",2022-04-01 00:04:15,3,373,100,51.3410179031266,2.29534742480978
"4853",2022-04-01 00:04:20,3,373,100,50.4782509324801,1.94749915335523
"4854",2022-04-01 00:04:25,3,373,100,50.0530434250001,2.45409328558626
"4855",2022-04-01 00:04:30,3,373,100,50.783155227503,2.31813329269975
"4856",2022-04-01 00:04:35,3,373,100,49.8867048375182,2.39194383912794
"4857",2022-04-01 00:04:40,3,373,100,49.6126727970277,2.28405352688157
"4858",2022-04-01 00:04:45,3,373,100,50.3850321174179,2.46648760337209
"4859",2022-04-01 00:04:50,3,373,100,50.0337670273045,2.44451893330219
"4860",2022-04-01 00:04:55,3,373,100,50.4988009161243,2.62440051479054
"4861",2022-04-01 00:05:00,3,373,100,51.5115855102168,2.40189983025757
"4862",2022-04-01 00:05:05,3,373,100,50.1956438221216,2.01884896318384
"4863",2022-04-01 00:05:10,3,373,100,51.4398096135521,2.4519547762772
"4864",2022-04-01 00:05:15,3,373,100,50.3667636905891,1.67241885262611
"4865",2022-04-01 00:05:20,3,373,100,50.0806192673704,2.82265971680492
"4866",2022-04-01 00:05:25,3,373,100,50.4780814816677,2.16036424688485
"4867",2022-04-01 00:05:30,3,373,100,50.2831107039895,2.42719581658217
"4868",2022-04-01 00:05:35,3,373,100,50.5387745938674,2.09208526573796
"4869",2022-04-01 00:05:40,3,373,100,50.3793864624437,2.22202803300125
"4870",2022-04-01 00:05:45,3,373,100,51.2026340639503,2.01835805418403
"4871",2022-04-01 00:05:50,3,373,100,50.0447216317541,1.82335031920547
"4872",2022-04-01 00:05:55,3,373,100,51.2936059570095,2.3199784949687
"4873",2022-04-01 00:06:00,3,373,100,50.7403619686323,1.67118180473849
"4874",2022-04-01 00:06:05,3,373,100,50.4329054861524,2.54792230045301
"4875",2022-04-01 00:06:10,3,373,100,49.3663289545986,2.29305441835125
"4876",2022-04-01 00:06:15,3,373,100,51.0931344154037,2.21289725246323
"4877",2022-04-01 00:06:20,3,373,100,50.2458396196888,2.686495217784
"4878",2022-04-01 00:06:25,3,373,100,50.4254408059701,2.39873770433904
"4879",2022-04-01 00:06:30,3,373,100,51.1086125227841,2.17097102481367
"4880",2022-04-01 00:06:35,3,373,100,50.003679073371,2.6578415910615
"4881",2022-04-01 00:06:40,3,373,100,50.7241181396676,2.58829257835582
"4882",2022-04-01 00:06:45,3,373,100,50.6289625741641,2.29795252174084
"4883",2022-04-01 00:06:50,3,373,100,51.3384633791886,2.34546518322902
"4884",2022-04-01 00:06:55,3,373,100,49.9762592269355,2.560526827087
"4885",2022-04-01 00:07:00,3,373,100,50.1918607261847,2.41951501356699
"4886",2022-04-01 00:07:05,3,373,100,49.5246636829985,2.66487300184815
"4887",2022-04-01 00:07:10,3,373,100,50.1650770358112,2.51370721581535
"4888",2022-04-01 00:07:15,3,373,100,50.7523376621688,1.96102545983596
"4889",2022-04-01 00:07:20,3,373,100,50.3027576952989,2.77145289417554
"4890",2022-04-01 00:07:25,3,373,100,50.8767795058684,2.60664796038221
"4891",2022-04-01 00:07:30,3,373,100,50.0587771031147,1.89391448402718
"4892",2022-04-01 00:07:35,3,373,100,50.3999780002962,2.67186655921283
"4893",2022-04-01 00:07:40,3,373,100,49.9886771116237,2.22437536933746
"4894",2022-04-01 00:07:45,3,373,100,50.9956972688174,2.57261112856163
"4895",2022-04-01 00:07:50,3,373,100,50.924646314105,2.30666981075377
"4896",2022-04-01 00:07:55,3,373,100,50.6787930512286,2.76290948181689
"4897",2022-04-01 00:08:00,3,373,100,50.4540102842134,2.9235393490978
"4898",2022-04-01 00:08:05,3,373,100,51.117519442696,2.30914359402149
"4899",2022-04-01 00:08:10,3,373,100,51.5124280937633,1.76208427350706
"4900",2022-04-01 00:08:15,3,373,100,51.1901509522267,2.99612162734999
"4901",2022-04-01 00:08:20,3,373,100,51.3523365363824,2.24463261348724
"4902",2022-04-01 00:08:25,3,373,100,50.6764002449189,2.41722026653384
"4903",2022-04-01 00:08:30,3,373,100,51.0271817444088,2.12634079039417
"4904",2022-04-01 00:08:35,3,373,100,49.9757334413995,2.086371991516
"4905",2022-04-01 00:08:40,3,373,100,51.2982071195238,1.96545780221401
"4906",2022-04-01 00:08:45,3,373,100,51.6175043040497,2.47369987503908
"4907",2022-04-01 00:08:50,3,373,100,50.2518295021257,1.63902228154773
"4908",2022-04-01 00:08:55,3,373,100,50.3110159336593,1.82673419235435
"4909",2022-04-01 00:09:00,3,373,100,50.1030123222117,2.05315239732545
"4910",2022-04-01 00:09:05,3,373,100,50.4270853534278,2.62854180460383
"4911",2022-04-01 00:09:10,3,373,100,50.5056184294728,2.54236182706059
"4912",2022-04-01 00:09:15,3,373,100,50.6279418538969,2.3509756662951
"4913",2022-04-01 00:09:20,3,373,100,51.0456381387476,1.89642773844209
"4914",2022-04-01 00:09:25,3,373,100,50.9170751403222,2.53648772235598
"4915",2022-04-01 00:09:30,3,373,100,50.4609235269012,2.58643455872188
"4916",2022-04-01 00:09:35,3,373,100,50.5879165419951,2.14125523435662
"4917",2022-04-01 00:09:40,3,373,100,51.3962416720808,2.49991676755968
"4918",2022-04-01 00:09:45,3,373,100,50.5166800446109,2.33764439834574
"4919",2022-04-01 00:09:50,3,373,100,50.2318395864308,1.87680607563668
"4920",2022-04-01 00:09:55,3,373,100,50.1695918431658,2.34421218272518
"4921",2022-04-01 00:10:00,3,373,100,50.8802549577558,1.89159344192577
"4922",2022-04-01 00:10:05,3,373,100,51.0305714616239,2.38778526697151
"4923",2022-04-01 00:10:10,3,373,100,50.8665683899068,2.72869477997374
"4924",2022-04-01 00:10:15,3,373,100,50.5227739866546,2.592743580833
"4925",2022-04-01 00:10:20,3,373,100,49.7291097708538,2.41914951190795
"4926",2022-04-01 00:10:25,3,373,100,50.1727595612682,2.04542194666778
"4927",2022-04-01 00:10:30,3,373,100,50.4320959505558,2.71382739907038
"4928",2022-04-01 00:10:35,3,373,100,50.4472907868657,2.6954148708697
"4929",2022-04-01 00:10:40,3,373,100,50.6581141970535,2.5468658289691
"4930",2022-04-01 00:10:45,3,373,100,50.3990869023869,2.64435015613541
"4931",2022-04-01 00:10:50,3,373,100,50.7641214795741,2.54449317407345
"4932",2022-04-01 00:10:55,3,373,100,50.6086451119776,1.8158243177683
"4933",2022-04-01 00:11:00,3,373,100,51.7310419731316,2.11466965990676
"4934",2022-04-01 00:11:05,3,373,100,50.6513837939619,1.89256724755403
"4935",2022-04-01 00:11:10,3,373,100,50.6987035981006,1.89874706578078
"4936",2022-04-01 00:11:15,3,373,100,51.1341634880936,3.22625287677611
"4937",2022-04-01 00:11:20,3,373,100,50.4935216546387,2.54264351358074
"4938",2022-04-01 00:11:25,3,373,100,50.9492017343237,2.8694821018505
"4939",2022-04-01 00:11:30,3,373,100,51.4788944894671,2.21102384796036
"4940",2022-04-01 00:11:35,3,373,100,51.4342270029575,2.19106318492109
"4941",2022-04-01 00:11:40,3,373,100,50.6653505315349,2.25715464990169
"4942",2022-04-01 00:11:45,3,373,100,51.4987589062179,2.3707993927787
"4943",2022-04-01 00:11:50,3,373,100,50.7771518166287,2.03667132262273
"4944",2022-04-01 00:11:55,3,373,100,50.5895444026745,2.25947395310528
"4945",2022-04-01 00:12:00,3,373,100,51.0054067059107,2.40555010225276
"4946",2022-04-01 00:12:05,3,373,100,50.9324664156745,1.48809859673878
"4947",2022-04-01 00:12:10,3,373,100,50.7456602711857,2.54056297862876
"4948",2022-04-01 00:12:15,3,373,100,50.8668928233671,2.21377485175724
"4949",2022-04-01 00:12:20,3,373,100,50.5394181236102,2.89621200095823
"4950",2022-04-01 00:12:25,3,373,100,50.1184421900054,2.70545778819551
"4951",2022-04-01 00:12:30,3,373,100,50.4017965476789,2.26967046068795
"4952",2022-04-01 00:12:35,3,373,100,50.1870995436711,2.28123919582867
"4953",2022-04-01 00:12:40,3,373,100,51.3292203978997,2.8788178830749
"4954",2022-04-01 00:12:45,3,373,100,51.3040719712065,2.54166604347841
"4955",2022-04-01 00:12:50,3,373,100,50.7168190697448,2.45958619031054
"4956",2022-04-01 00:12:55,3,373,100,51.153302600909,2.14586856682681
"4957",2022-04-01 00:13:00,3,373,100,51.152459369139,2.17474506804634
"4958",2022-04-01 00:13:05,3,373,100,51.3639303620525,2.07534170165933
"4959",2022-04-01 00:13:10,3,373,100,50.6888394922451,2.6988715592375
"4960",2022-04-01 00:13:15,3,373,100,51.9554947944084,2.159920505758
"4961",2022-04-01 00:13:20,3,373,100,50.0799893226294,2.10723479539528
"4962",2022-04-01 00:13:25,3,373,100,50.9258962856311,2.39133867045126
"4963",2022-04-01 00:13:30,3,373,100,51.0958246355096,2.55878506373759
"4964",2022-04-01 00:13:35,3,373,100,50.6214668479053,2.30879624869733
"4965",2022-04-01 00:13:40,3,373,100,50.1766133412789,1.62156835852012
"4966",2022-04-01 00:13:45,3,373,100,50.6679851911128,2.47702628705558
"4967",2022-04-01 00:13:50,3,373,100,51.5708650334136,2.60096894957776
"4968",2022-04-01 00:13:55,3,373,100,51.5444850742714,2.08047930445691
"4969",2022-04-01 00:14:00,3,373,100,50.6583757633246,1.73351179386094
"4970",2022-04-01 00:14:05,3,373,100,50.4183194601043,2.26804825971348
"4971",2022-04-01 00:14:10,3,373,100,50.5237882652507,2.12262638096568
"4972",2022-04-01 00:14:15,3,373,100,50.119711199186,2.5686340663723
"4973",2022-04-01 00:14:20,3,373,100,50.6358503701532,2.40282558013718
"4974",2022-04-01 00:14:25,3,373,100,50.9226753603574,2.30682239003629
"4975",2022-04-01 00:14:30,3,373,100,51.2175893306555,2.15363168789983
"4976",2022-04-01 00:14:35,3,373,100,50.3145917059328,2.20581312411095
"4977",2022-04-01 00:14:40,3,373,100,50.2300334907408,2.37586922576521
"4978",2022-04-01 00:14:45,3,373,100,50.336036038859,1.9008492429669
"4979",2022-04-01 00:14:50,3,373,100,51.1793343587007,2.23730992697755
"4980",2022-04-01 00:14:55,3,373,100,51.5844928909081,2.37735788988049
"4981",2022-04-01 00:15:00,3,373,100,50.020571823093,2.44615645130762
"4982",2022-04-01 00:15:05,3,373,100,50.3574917590507,2.60907368968969
"4983",2022-04-01 00:15:10,3,373,100,50.2554018726157,2.54676669107934
"4984",2022-04-01 00:15:15,3,373,100,50.5703982224813,2.68989383871716
"4985",2022-04-01 00:15:20,3,373,100,50.8945191862359,2.62239217273861
"4986",2022-04-01 00:15:25,3,373,100,50.4230135429028,2.34394028974722
"4987",2022-04-01 00:15:30,3,373,100,50.4115340304831,2.28449036562383
"4988",2022-04-01 00:15:35,3,373,100,50.1349069620914,3.26733169248378
"4989",2022-04-01 00:15:40,3,373,100,49.908481118862,2.32592388059594
"4990",2022-04-01 00:15:45,3,373,100,50.9484129009396,2.07046721743508
"4991",2022-04-01 00:15:50,3,373,100,49.7912418514921,2.35332979393842
"4992",2022-04-01 00:15:55,3,373,100,50.4429262092507,2.41798011949868
"4993",2022-04-01 00:16:00,3,373,100,51.2635715251986,2.10057003082297
"4994",2022-04-01 00:16:05,3,373,100,50.2357810948211,2.30706660126623
"4995",2022-04-01 00:16:10,3,373,100,51.3749843324187,2.65237679997135
"4996",2022-04-01 00:16:15,3,373,100,50.3939129757853,2.47437990687977
"4997",2022-04-01 00:16:20,3,373,100,51.0827700265558,2.66363585801373
"4998",2022-04-01 00:16:25,3,373,100,51.5305012378642,2.09298828462845
"4999",2022-04-01 00:16:30,3,373,100,50.8697009143632,2.73605273607502
"5000",2022-04-01 00:16:35,3,373,100,50.1195286383066,2.40806406100739
"5001",2022-04-02 00:00:00,3,373,200,50.9645973738153,2.29808560627899
"5002",2022-04-02 00:00:05,3,373,200,51.1085646023945,3.01511369659908
"5003",2022-04-02 00:00:10,3,373,200,50.9936326257336,2.10252050489401
"5004",2022-04-02 00:00:15,3,373,200,51.4553324034648,1.70861257519092
"5005",2022-04-02 00:00:20,3,373,200,50.3538900567545,2.31133419705857
"5006",2022-04-02 00:00:25,3,373,200,51.6467348375491,2.73297066118642
"5007",2022-04-02 00:00:30,3,373,200,50.8704263159111,1.69343487063772
"5008",2022-04-02 00:00:35,3,373,200,50.3930359092585,2.07299647930799
"5009",2022-04-02 00:00:40,3,373,200,51.3622179599684,2.19144834706429
"5010",2022-04-02 00:00:45,3,373,200,50.6927101314224,2.71331626770246
"5011",2022-04-02 00:00:50,3,373,200,50.6708763941217,2.22708322024655
"5012",2022-04-02 00:00:55,3,373,200,50.314130131115,2.19224495433132
"5013",2022-04-02 00:01:00,3,373,200,51.0166786248253,2.45627937939663
"5014",2022-04-02 00:01:05,3,373,200,50.2872418368296,1.99528303661567
"5015",2022-04-02 00:01:10,3,373,200,50.6177013481468,2.04758927971075
"5016",2022-04-02 00:01:15,3,373,200,50.9059952607396,2.6571530338848
"5017",2022-04-02 00:01:20,3,373,200,49.7549483917371,2.68627717493322
"5018",2022-04-02 00:01:25,3,373,200,50.51686739254,2.28667727656078
"5019",2022-04-02 00:01:30,3,373,200,50.3892850954107,2.17396717530311
"5020",2022-04-02 00:01:35,3,373,200,50.5486580294185,2.05369844915498
"5021",2022-04-02 00:01:40,3,373,200,50.4831579023925,2.05269172266979
"5022",2022-04-02 00:01:45,3,373,200,50.8951803883984,2.20118017611667
"5023",2022-04-02 00:01:50,3,373,200,51.2893826746274,2.37032663140099
"5024",2022-04-02 00:01:55,3,373,200,50.3862110060096,2.70221329718118
"5025",2022-04-02 00:02:00,3,373,200,50.1991670872143,2.22406654841285
"5026",2022-04-02 00:02:05,3,373,200,50.7343521507367,2.51327041984454
"5027",2022-04-02 00:02:10,3,373,200,50.4204848981338,2.32934288942393
"5028",2022-04-02 00:02:15,3,373,200,51.0589839540472,2.29077216572738
"5029",2022-04-02 00:02:20,3,373,200,50.5823859684673,2.84143602476568
"5030",2022-04-02 00:02:25,3,373,200,50.6221614962708,2.07573064891464
"5031",2022-04-02 00:02:30,3,373,200,50.807717824184,2.43378271649712
"5032",2022-04-02 00:02:35,3,373,200,51.2053605107614,2.62060707620481
"5033",2022-04-02 00:02:40,3,373,200,51.2293004467262,2.38037369981059
"5034",2022-04-02 00:02:45,3,373,200,51.8206684872651,2.0283588484398
"5035",2022-04-02 00:02:50,3,373,200,51.665334646158,2.4371104362743
"5036",2022-04-02 00:02:55,3,373,200,50.5844385650256,2.87609408603769
"5037",2022-04-02 00:03:00,3,373,200,50.6164872134564,2.35698273064639
"5038",2022-04-02 00:03:05,3,373,200,50.1595988961487,2.56693543893636
"5039",2022-04-02 00:03:10,3,373,200,51.136503303563,2.43461671378434
"5040",2022-04-02 00:03:15,3,373,200,50.8111769268174,2.34018254227484
"5041",2022-04-02 00:03:20,3,373,200,50.5113673671746,2.1300651682711
"5042",2022-04-02 00:03:25,3,373,200,50.9435117257699,1.78140093046536
"5043",2022-04-02 00:03:30,3,373,200,50.3120930658988,2.66625566103852
"5044",2022-04-02 00:03:35,3,373,200,50.3080554766249,2.34765981983201
"5045",2022-04-02 00:03:40,3,373,200,49.8409671695336,2.03061083164638
"5046",2022-04-02 00:03:45,3,373,200,51.6259256478269,3.08401196444698
"5047",2022-04-02 00:03:50,3,373,200,50.531498415798,2.25150412466415
"5048",2022-04-02 00:03:55,3,373,200,50.3416348733955,2.34326656847105
"5049",2022-04-02 00:04:00,3,373,200,51.4387644397867,2.6301677778276
"5050",2022-04-02 00:04:05,3,373,200,50.9063657067176,2.51534481563858
"5051",2022-04-02 00:04:10,3,373,200,51.2896801560222,2.42539421460945
"5052",2022-04-02 00:04:15,3,373,200,49.8108902358255,2.36218995206179
"5053",2022-04-02 00:04:20,3,373,200,50.6446044881516,3.38345349997112
"5054",2022-04-02 00:04:25,3,373,200,51.5597904960598,2.32898652513801
"5055",2022-04-02 00:04:30,3,373,200,50.8607007253498,2.58806747433049
"5056",2022-04-02 00:04:35,3,373,200,49.9176970188195,2.22711558583222
"5057",2022-04-02 00:04:40,3,373,200,50.4338810437593,2.30475410974693
"5058",2022-04-02 00:04:45,3,373,200,51.5460012217039,2.09713837655553
"5059",2022-04-02 00:04:50,3,373,200,51.0853529801035,2.35293372666331
"5060",2022-04-02 00:04:55,3,373,200,51.1579535649891,2.34670300211127
"5061",2022-04-02 00:05:00,3,373,200,50.6592590655951,2.14599785464796
"5062",2022-04-02 00:05:05,3,373,200,50.5539641082685,1.72715295049596
"5063",2022-04-02 00:05:10,3,373,200,50.9167028162752,2.78596024156159
"5064",2022-04-02 00:05:15,3,373,200,50.1997243771551,2.3354167703635
"5065",2022-04-02 00:05:20,3,373,200,50.5433881585054,2.32200209679219
"5066",2022-04-02 00:05:25,3,373,200,50.5497238621638,2.3956990088422
"5067",2022-04-02 00:05:30,3,373,200,50.5118186028414,2.04433913349209
"5068",2022-04-02 00:05:35,3,373,200,51.416126473955,2.62413660416181
"5069",2022-04-02 00:05:40,3,373,200,50.4494198431894,2.59242867936128
"5070",2022-04-02 00:05:45,3,373,200,49.6662562505135,1.88446845101575
"5071",2022-04-02 00:05:50,3,373,200,50.9362361588064,2.37053030214478
"5072",2022-04-02 00:05:55,3,373,200,50.8183311113915,2.4472274028028
"5073",2022-04-02 00:06:00,3,373,200,50.453083820964,2.8434046584576
"5074",2022-04-02 00:06:05,3,373,200,50.9166777880733,2.32380683751767
"5075",2022-04-02 00:06:10,3,373,200,50.6182579459322,2.45089261615692
"5076",2022-04-02 00:06:15,3,373,200,50.6223326781972,2.23264587973261
"5077",2022-04-02 00:06:20,3,373,200,50.2744058812812,2.52968177101653
"5078",2022-04-02 00:06:25,3,373,200,50.6110999068619,2.13239214445916
"5079",2022-04-02 00:06:30,3,373,200,51.0794246242783,2.5310182767132
"5080",2022-04-02 00:06:35,3,373,200,51.1530162612935,2.36757133822777
"5081",2022-04-02 00:06:40,3,373,200,49.7107340284958,2.41986036676693
"5082",2022-04-02 00:06:45,3,373,200,51.0180037144493,2.17846129764715
"5083",2022-04-02 00:06:50,3,373,200,51.2677674904079,2.00118200889713
"5084",2022-04-02 00:06:55,3,373,200,50.8632814824248,2.99445371594908
"5085",2022-04-02 00:07:00,3,373,200,50.8507256906377,2.38625936272309
"5086",2022-04-02 00:07:05,3,373,200,50.7411540278882,2.52092705582795
"5087",2022-04-02 00:07:10,3,373,200,50.2932570227171,1.85097445249891
"5088",2022-04-02 00:07:15,3,373,200,49.5774318295943,2.53316784408216
"5089",2022-04-02 00:07:20,3,373,200,49.8460800733727,3.08473165716971
"5090",2022-04-02 00:07:25,3,373,200,51.0546494063421,2.24799787027222
"5091",2022-04-02 00:07:30,3,373,200,50.4137552114256,1.92746205455659
"5092",2022-04-02 00:07:35,3,373,200,51.6269221992152,2.93965806665009
"5093",2022-04-02 00:07:40,3,373,200,50.1733186626989,2.31275605595162
"5094",2022-04-02 00:07:45,3,373,200,51.1450339244064,2.15360110346594
"5095",2022-04-02 00:07:50,3,373,200,50.6705435453041,2.96777187489707
"5096",2022-04-02 00:07:55,3,373,200,50.2426537891465,2.6433072532416
"5097",2022-04-02 00:08:00,3,373,200,50.5222946167703,2.7226368677844
"5098",2022-04-02 00:08:05,3,373,200,50.1055415958738,2.5007267594167
"5099",2022-04-02 00:08:10,3,373,200,50.4365199787843,2.62242967196888
"5100",2022-04-02 00:08:15,3,373,200,51.8674153087334,2.29397119194501
"5101",2022-04-02 00:08:20,3,373,200,50.2713975906776,1.70912421173992
"5102",2022-04-02 00:08:25,3,373,200,50.462577105291,2.21905123293595
"5103",2022-04-02 00:08:30,3,373,200,51.7235426951196,2.66064005048387
"5104",2022-04-02 00:08:35,3,373,200,50.8028386336151,1.77547220699096
"5105",2022-04-02 00:08:40,3,373,200,50.8457740988635,2.13070755378366
"5106",2022-04-02 00:08:45,3,373,200,50.0953076750225,2.61903560988626
"5107",2022-04-02 00:08:50,3,373,200,50.6845138432496,1.42494110972398
"5108",2022-04-02 00:08:55,3,373,200,50.6167615843627,2.07914167804465
"5109",2022-04-02 00:09:00,3,373,200,52.0427233222369,2.11179106670739
"5110",2022-04-02 00:09:05,3,373,200,50.2220018593027,1.91478213896399
"5111",2022-04-02 00:09:10,3,373,200,49.6804307137405,1.59048619722137
"5112",2022-04-02 00:09:15,3,373,200,51.6609308293418,2.73161378634169
"5113",2022-04-02 00:09:20,3,373,200,51.7798847834015,2.83798655831502
"5114",2022-04-02 00:09:25,3,373,200,51.4137924572878,2.6549602277433
"5115",2022-04-02 00:09:30,3,373,200,49.6192838133275,2.19991837732876
"5116",2022-04-02 00:09:35,3,373,200,51.1498498461183,2.34467769365624
"5117",2022-04-02 00:09:40,3,373,200,51.1681034587992,2.96027055220306
"5118",2022-04-02 00:09:45,3,373,200,51.3280510692826,1.56162907060157
"5119",2022-04-02 00:09:50,3,373,200,50.2602905544797,2.00993811768122
"5120",2022-04-02 00:09:55,3,373,200,51.7286505315606,2.4224819534543
"5121",2022-04-02 00:10:00,3,373,200,50.9946124775758,2.23300230974091
"5122",2022-04-02 00:10:05,3,373,200,50.5607270293499,2.84859990780725
"5123",2022-04-02 00:10:10,3,373,200,51.2503077573931,2.73894039092885
"5124",2022-04-02 00:10:15,3,373,200,50.7745739602877,1.82781971197303
"5125",2022-04-02 00:10:20,3,373,200,50.4563096487666,2.92136390219382
"5126",2022-04-02 00:10:25,3,373,200,49.7824978422413,2.72240472016221
"5127",2022-04-02 00:10:30,3,373,200,50.3202840562705,1.97369215108255
"5128",2022-04-02 00:10:35,3,373,200,51.4365900896822,2.408696130689
"5129",2022-04-02 00:10:40,3,373,200,51.9818932125736,2.00743048852013
"5130",2022-04-02 00:10:45,3,373,200,50.1482380995183,2.35313199488322
"5131",2022-04-02 00:10:50,3,373,200,50.4878345830078,2.37310733784816
"5132",2022-04-02 00:10:55,3,373,200,51.0194993778749,1.70759984794569
"5133",2022-04-02 00:11:00,3,373,200,51.3615188447215,2.44808003015372
"5134",2022-04-02 00:11:05,3,373,200,51.4624996787182,2.31710544812453
"5135",2022-04-02 00:11:10,3,373,200,51.6650929464387,2.54454773844014
"5136",2022-04-02 00:11:15,3,373,200,49.7229425469522,2.45526201696947
"5137",2022-04-02 00:11:20,3,373,200,51.1900587844109,2.13047601672025
"5138",2022-04-02 00:11:25,3,373,200,50.9039189113821,2.66015775736352
"5139",2022-04-02 00:11:30,3,373,200,50.5870411687399,2.51030258079812
"5140",2022-04-02 00:11:35,3,373,200,50.1848753415294,2.32833116783402
"5141",2022-04-02 00:11:40,3,373,200,51.8768812034598,2.30116132776428
"5142",2022-04-02 00:11:45,3,373,200,50.0868810223859,2.36241268168257
"5143",2022-04-02 00:11:50,3,373,200,50.8418354300688,1.87499024971952
"5144",2022-04-02 00:11:55,3,373,200,50.7179944150219,2.67826546397133
"5145",2022-04-02 00:12:00,3,373,200,50.9795977777836,3.14947399331449
"5146",2022-04-02 00:12:05,3,373,200,50.249788674263,2.51092672659608
"5147",2022-04-02 00:12:10,3,373,200,50.8875081640164,2.71310756875753
"5148",2022-04-02 00:12:15,3,373,200,50.2075276723392,2.70695478288717
"5149",2022-04-02 00:12:20,3,373,200,50.4018707179849,2.69194006552992
"5150",2022-04-02 00:12:25,3,373,200,51.1442169467597,2.02182022933454
"5151",2022-04-02 00:12:30,3,373,200,51.5043322232119,1.95275383410372
"5152",2022-04-02 00:12:35,3,373,200,50.3989891545122,2.39974236052314
"5153",2022-04-02 00:12:40,3,373,200,50.8223978778937,2.43624519323505
"5154",2022-04-02 00:12:45,3,373,200,51.3378730998007,2.75247285826032
"5155",2022-04-02 00:12:50,3,373,200,51.3348916679431,2.84103427810957
"5156",2022-04-02 00:12:55,3,373,200,51.6048938449317,2.27338593118123
"5157",2022-04-02 00:13:00,3,373,200,50.762311325501,2.30826258957932
"5158",2022-04-02 00:13:05,3,373,200,50.1947606113318,2.34706817039439
"5159",2022-04-02 00:13:10,3,373,200,50.0530188373543,2.38213076602722
"5160",2022-04-02 00:13:15,3,373,200,50.8845101460491,2.25093875178625
"5161",2022-04-02 00:13:20,3,373,200,50.7044387350774,1.40113770243795
"5162",2022-04-02 00:13:25,3,373,200,51.1859883919188,2.43336567782278
"5163",2022-04-02 00:13:30,3,373,200,50.8786709151607,2.05101050606603
"5164",2022-04-02 00:13:35,3,373,200,50.618015952113,2.0745222115742
"5165",2022-04-02 00:13:40,3,373,200,51.5290266897312,2.41792572599609
"5166",2022-04-02 00:13:45,3,373,200,50.337060569271,2.69865747462082
"5167",2022-04-02 00:13:50,3,373,200,51.2242979322405,2.5503801025515
"5168",2022-04-02 00:13:55,3,373,200,49.7046721987809,2.46002830463904
"5169",2022-04-02 00:14:00,3,373,200,49.7731280927844,2.13236092466191
"5170",2022-04-02 00:14:05,3,373,200,50.6041466390622,2.53936161197666
"5171",2022-04-02 00:14:10,3,373,200,50.4233761229731,1.87850399749676
"5172",2022-04-02 00:14:15,3,373,200,50.5862129854403,2.60897694533443
"5173",2022-04-02 00:14:20,3,373,200,50.0319551384717,2.92919075856122
"5174",2022-04-02 00:14:25,3,373,200,50.4980489419679,1.95600301003621
"5175",2022-04-02 00:14:30,3,373,200,50.3688347287315,2.0526356200962
"5176",2022-04-02 00:14:35,3,373,200,51.0236118266194,2.18090522007057
"5177",2022-04-02 00:14:40,3,373,200,50.2223427265639,2.55958854679929
"5178",2022-04-02 00:14:45,3,373,200,50.9386596214919,2.18579786388296
"5179",2022-04-02 00:14:50,3,373,200,50.4467546499885,2.46682618177104
"5180",2022-04-02 00:14:55,3,373,200,51.3792152803144,2.50736275133721
"5181",2022-04-02 00:15:00,3,373,200,51.0529630232644,2.52379881279427
"5182",2022-04-02 00:15:05,3,373,200,50.626011959675,2.862132086878
"5183",2022-04-02 00:15:10,3,373,200,51.09781973862,2.34835510303101
"5184",2022-04-02 00:15:15,3,373,200,50.8130773110037,2.4415891977609
"5185",2022-04-02 00:15:20,3,373,200,50.7983869110175,2.34964266400356
"5186",2022-04-02 00:15:25,3,373,200,51.6358592034659,2.20681849303954
"5187",2022-04-02 00:15:30,3,373,200,50.7362510395647,2.19777998520385
"5188",2022-04-02 00:15:35,3,373,200,51.4675976611213,2.34699691658955
"5189",2022-04-02 00:15:40,3,373,200,50.3722206366686,2.06552443467031
"5190",2022-04-02 00:15:45,3,373,200,51.9395469434723,2.4791258055687
"5191",2022-04-02 00:15:50,3,373,200,50.4708394109794,2.03977065865403
"5192",2022-04-02 00:15:55,3,373,200,50.6519131747681,2.50756157785603
"5193",2022-04-02 00:16:00,3,373,200,50.1286730316486,2.91815229200147
"5194",2022-04-02 00:16:05,3,373,200,50.64937283868,2.36568956448518
"5195",2022-04-02 00:16:10,3,373,200,51.9541646448714,2.44564474976149
"5196",2022-04-02 00:16:15,3,373,200,50.8554964111576,2.11728838820012
"5197",2022-04-02 00:16:20,3,373,200,50.8161300006074,2.36204386306196
"5198",2022-04-02 00:16:25,3,373,200,50.7402561608601,2.6826251169578
"5199",2022-04-02 00:16:30,3,373,200,50.9651904687984,2.50238232572043
"5200",2022-04-02 00:16:35,3,373,200,50.8681732984975,2.55034614334104
"5201",2022-04-03 00:00:00,3,373,300,51.0725906531388,2.09266449186967
"5202",2022-04-03 00:00:05,3,373,300,50.7687441901831,2.014448519139
"5203",2022-04-03 00:00:10,3,373,300,50.8298191148384,2.35526176004195
"5204",2022-04-03 00:00:15,3,373,300,50.2596260222193,2.82238330211892
"5205",2022-04-03 00:00:20,3,373,300,51.3124291277506,2.83590797167901
"5206",2022-04-03 00:00:25,3,373,300,50.5438453140196,2.83280911632847
"5207",2022-04-03 00:00:30,3,373,300,49.5621039815911,3.05186353491754
"5208",2022-04-03 00:00:35,3,373,300,50.6597112450676,2.23807659353628
"5209",2022-04-03 00:00:40,3,373,300,50.8057377972059,2.40720740972598
"5210",2022-04-03 00:00:45,3,373,300,50.1580279231516,3.03052678509441
"5211",2022-04-03 00:00:50,3,373,300,50.7388874321564,2.25913934198245
"5212",2022-04-03 00:00:55,3,373,300,50.4802848880048,1.82885382931445
"5213",2022-04-03 00:01:00,3,373,300,50.3842210281633,2.04393956723205
"5214",2022-04-03 00:01:05,3,373,300,51.5333026310563,2.33905171854831
"5215",2022-04-03 00:01:10,3,373,300,51.2499241384486,2.21737155334897
"5216",2022-04-03 00:01:15,3,373,300,50.6572177214322,1.9625916086575
"5217",2022-04-03 00:01:20,3,373,300,50.015485889452,2.13675109559696
"5218",2022-04-03 00:01:25,3,373,300,50.0967875191167,2.04104899190033
"5219",2022-04-03 00:01:30,3,373,300,50.5221773395436,2.4179787235588
"5220",2022-04-03 00:01:35,3,373,300,50.9452250757103,2.78844257365171
"5221",2022-04-03 00:01:40,3,373,300,49.3841528796796,2.27126369533931
"5222",2022-04-03 00:01:45,3,373,300,51.2432955259747,2.22825639509743
"5223",2022-04-03 00:01:50,3,373,300,50.7183206377183,2.59670028362834
"5224",2022-04-03 00:01:55,3,373,300,51.422220991013,2.59234575028794
"5225",2022-04-03 00:02:00,3,373,300,51.3955988365814,2.68548876026551
"5226",2022-04-03 00:02:05,3,373,300,50.0465253500232,2.80578685440698
"5227",2022-04-03 00:02:10,3,373,300,49.7693335297067,2.22938411171045
"5228",2022-04-03 00:02:15,3,373,300,50.4112253891619,2.49459736891471
"5229",2022-04-03 00:02:20,3,373,300,50.0528197971548,3.07966722255517
"5230",2022-04-03 00:02:25,3,373,300,50.2636144044556,2.8015871735029
"5231",2022-04-03 00:02:30,3,373,300,50.8342984319263,1.52358563225781
"5232",2022-04-03 00:02:35,3,373,300,50.7666171475635,2.56470348534107
"5233",2022-04-03 00:02:40,3,373,300,51.1808587685307,2.44606203701824
"5234",2022-04-03 00:02:45,3,373,300,51.0231969614394,2.63127599555913
"5235",2022-04-03 00:02:50,3,373,300,51.4721807428681,2.36333268529637
"5236",2022-04-03 00:02:55,3,373,300,50.2563022900728,2.37678040607595
"5237",2022-04-03 00:03:00,3,373,300,50.677820321259,2.25337020730127
"5238",2022-04-03 00:03:05,3,373,300,48.6529210507877,2.05877599930087
"5239",2022-04-03 00:03:10,3,373,300,51.30112319273,2.61318733256285
"5240",2022-04-03 00:03:15,3,373,300,50.6918293666767,2.721564204838
"5241",2022-04-03 00:03:20,3,373,300,50.5646334569496,2.26176510604525
"5242",2022-04-03 00:03:25,3,373,300,52.2796962098058,2.58348507443134
"5243",2022-04-03 00:03:30,3,373,300,51.0029410835678,2.76040628378557
"5244",2022-04-03 00:03:35,3,373,300,51.0777468969995,2.26078913897531
"5245",2022-04-03 00:03:40,3,373,300,50.5633514493275,2.45284453082082
"5246",2022-04-03 00:03:45,3,373,300,49.0824363821929,2.9821126930633
"5247",2022-04-03 00:03:50,3,373,300,50.8816497707992,3.00296197063284
"5248",2022-04-03 00:03:55,3,373,300,50.17015554956,2.34181634027512
"5249",2022-04-03 00:04:00,3,373,300,51.3855875650367,2.14903993280886
"5250",2022-04-03 00:04:05,3,373,300,50.0048263845999,2.6373101157352
"5251",2022-04-03 00:04:10,3,373,300,50.6629427304834,2.35820861579875
"5252",2022-04-03 00:04:15,3,373,300,51.5833753276698,2.74197885177133
"5253",2022-04-03 00:04:20,3,373,300,52.6036011718166,1.89437333797326
"5254",2022-04-03 00:04:25,3,373,300,51.0317753230519,1.82652035588012
"5255",2022-04-03 00:04:30,3,373,300,50.8601751874546,2.49727960379229
"5256",2022-04-03 00:04:35,3,373,300,49.6368062314662,1.89002520158341
"5257",2022-04-03 00:04:40,3,373,300,51.4563478819719,2.79611234671813
"5258",2022-04-03 00:04:45,3,373,300,50.9319933263126,2.58279438092808
"5259",2022-04-03 00:04:50,3,373,300,50.595430315982,2.30218180998004
"5260",2022-04-03 00:04:55,3,373,300,50.6008426683302,1.61504832889115
"5261",2022-04-03 00:05:00,3,373,300,50.7487634639334,2.10863973707621
"5262",2022-04-03 00:05:05,3,373,300,50.3080639524656,2.47118768662685
"5263",2022-04-03 00:05:10,3,373,300,50.2809127697533,2.41832003164759
"5264",2022-04-03 00:05:15,3,373,300,50.6029401128463,2.50353634798277
"5265",2022-04-03 00:05:20,3,373,300,50.6872226923116,2.18018311822456
"5266",2022-04-03 00:05:25,3,373,300,51.7222951572122,2.48777220266944
"5267",2022-04-03 00:05:30,3,373,300,51.1243787638952,1.95861309754887
"5268",2022-04-03 00:05:35,3,373,300,50.1480062685733,2.03465826168401
"5269",2022-04-03 00:05:40,3,373,300,50.4422350250078,2.15872126273206
"5270",2022-04-03 00:05:45,3,373,300,51.1141073396742,1.97126281466499
"5271",2022-04-03 00:05:50,3,373,300,51.7104012861819,2.36188443575237
"5272",2022-04-03 00:05:55,3,373,300,51.8757710061512,2.18648589894507
"5273",2022-04-03 00:06:00,3,373,300,50.0416640831314,2.49878892891009
"5274",2022-04-03 00:06:05,3,373,300,51.0356954842363,3.0391719385082
"5275",2022-04-03 00:06:10,3,373,300,49.7761963906318,2.05919319740881
"5276",2022-04-03 00:06:15,3,373,300,51.3236454799577,2.04282936047777
"5277",2022-04-03 00:06:20,3,373,300,49.6655146043893,2.37445531527993
"5278",2022-04-03 00:06:25,3,373,300,51.4891114411264,2.80525172541337
"5279",2022-04-03 00:06:30,3,373,300,49.3227771533513,2.10120072210487
"5280",2022-04-03 00:06:35,3,373,300,51.0766553783569,2.25335371815936
"5281",2022-04-03 00:06:40,3,373,300,50.9661572846603,2.2681315925681
"5282",2022-04-03 00:06:45,3,373,300,51.683400684643,2.14414087595654
"5283",2022-04-03 00:06:50,3,373,300,50.675304194818,2.35517340796646
"5284",2022-04-03 00:06:55,3,373,300,50.400715330027,2.05891110842165
"5285",2022-04-03 00:07:00,3,373,300,51.3844380299133,2.17676030536394
"5286",2022-04-03 00:07:05,3,373,300,50.8239670851575,2.07531185369558
"5287",2022-04-03 00:07:10,3,373,300,50.9096926017329,2.50985021030862
"5288",2022-04-03 00:07:15,3,373,300,51.4208656068023,2.31896997794263
"5289",2022-04-03 00:07:20,3,373,300,51.0018322914739,2.02171906901903
"5290",2022-04-03 00:07:25,3,373,300,51.316494067843,2.40206218491433
"5291",2022-04-03 00:07:30,3,373,300,50.0961493011767,1.3691770099885
"5292",2022-04-03 00:07:35,3,373,300,50.4659981362981,1.77891159228087
"5293",2022-04-03 00:07:40,3,373,300,50.6049969547394,1.64341598429179
"5294",2022-04-03 00:07:45,3,373,300,50.5410295362233,2.79901778728261
"5295",2022-04-03 00:07:50,3,373,300,50.8962966721081,2.22514754554193
"5296",2022-04-03 00:07:55,3,373,300,51.8037407459846,2.83990567330461
"5297",2022-04-03 00:08:00,3,373,300,50.8130722085548,2.39047755458675
"5298",2022-04-03 00:08:05,3,373,300,51.1794533918979,2.02125785446806
"5299",2022-04-03 00:08:10,3,373,300,51.0087939904189,2.5293941207599
"5300",2022-04-03 00:08:15,3,373,300,52.0728276558976,2.17377742528621
"5301",2022-04-03 00:08:20,3,373,300,50.2201025729396,2.36455568078458
"5302",2022-04-03 00:08:25,3,373,300,50.2144092587969,1.95566395838307
"5303",2022-04-03 00:08:30,3,373,300,50.6684312725619,2.64802124775131
"5304",2022-04-03 00:08:35,3,373,300,51.678178662245,2.54753827710939
"5305",2022-04-03 00:08:40,3,373,300,50.2989465273174,2.46584918360835
"5306",2022-04-03 00:08:45,3,373,300,51.4936218869181,2.63106505106291
"5307",2022-04-03 00:08:50,3,373,300,51.0031768251154,2.48074398346922
"5308",2022-04-03 00:08:55,3,373,300,51.1634420521841,1.57655796385332
"5309",2022-04-03 00:09:00,3,373,300,51.2154480291652,1.79809597185791
"5310",2022-04-03 00:09:05,3,373,300,50.6951306984266,1.87997921949254
"5311",2022-04-03 00:09:10,3,373,300,51.0311728248234,2.21088963131239
"5312",2022-04-03 00:09:15,3,373,300,51.2078391475203,2.47084145929287
"5313",2022-04-03 00:09:20,3,373,300,51.2078535229437,2.9619048118729
"5314",2022-04-03 00:09:25,3,373,300,50.1822245490578,2.21316802990721
"5315",2022-04-03 00:09:30,3,373,300,49.2685242806657,2.090792148948
"5316",2022-04-03 00:09:35,3,373,300,51.1822194526845,2.79656535193455
"5317",2022-04-03 00:09:40,3,373,300,50.1293419440782,3.24350812345963
"5318",2022-04-03 00:09:45,3,373,300,51.6136721228781,2.0431675624212
"5319",2022-04-03 00:09:50,3,373,300,51.6458984058527,2.35733764696958
"5320",2022-04-03 00:09:55,3,373,300,50.5717790399833,2.68362590667149
"5321",2022-04-03 00:10:00,3,373,300,50.2274008190245,2.86463477294334
"5322",2022-04-03 00:10:05,3,373,300,50.9263092818657,2.54498917599805
"5323",2022-04-03 00:10:10,3,373,300,50.6733968819936,1.68140360384574
"5324",2022-04-03 00:10:15,3,373,300,50.8806490976563,2.48826556727106
"5325",2022-04-03 00:10:20,3,373,300,50.346704902806,1.969236996159
"5326",2022-04-03 00:10:25,3,373,300,49.8324638100112,2.39866284248736
"5327",2022-04-03 00:10:30,3,373,300,50.6283796887931,2.80592143851044
"5328",2022-04-03 00:10:35,3,373,300,50.9144527213225,2.65141580413592
"5329",2022-04-03 00:10:40,3,373,300,51.8444617364025,1.94507934869699
"5330",2022-04-03 00:10:45,3,373,300,50.5997113337697,2.98129069393873
"5331",2022-04-03 00:10:50,3,373,300,51.1943088379796,1.82256588177831
"5332",2022-04-03 00:10:55,3,373,300,50.2368620470647,2.28163111603544
"5333",2022-04-03 00:11:00,3,373,300,50.8061960747666,2.0863425416094
"5334",2022-04-03 00:11:05,3,373,300,49.5590798957381,2.45082516720096
"5335",2022-04-03 00:11:10,3,373,300,50.8447911866949,2.01906116467183
"5336",2022-04-03 00:11:15,3,373,300,51.8382396178142,2.5015003632853
"5337",2022-04-03 00:11:20,3,373,300,51.1656621678903,2.0574542767305
"5338",2022-04-03 00:11:25,3,373,300,51.8227895858706,2.35089015657385
"5339",2022-04-03 00:11:30,3,373,300,51.1330019104979,2.46286826361075
"5340",2022-04-03 00:11:35,3,373,300,50.268710735826,2.41717563716812
"5341",2022-04-03 00:11:40,3,373,300,51.1655904849185,1.70734132007864
"5342",2022-04-03 00:11:45,3,373,300,51.3697320437971,2.31684415964676
"5343",2022-04-03 00:11:50,3,373,300,51.5286466457608,2.70008281041819
"5344",2022-04-03 00:11:55,3,373,300,49.3648600770148,2.08588238050705
"5345",2022-04-03 00:12:00,3,373,300,50.7962848841269,3.15125201871546
"5346",2022-04-03 00:12:05,3,373,300,51.0692553419068,2.56380746329019
"5347",2022-04-03 00:12:10,3,373,300,50.8055714480355,2.39306952167249
"5348",2022-04-03 00:12:15,3,373,300,51.2622305979955,2.2133963522381
"5349",2022-04-03 00:12:20,3,373,300,50.9986340562403,2.54101020635897
"5350",2022-04-03 00:12:25,3,373,300,50.8497502671433,2.18478060893522
"5351",2022-04-03 00:12:30,3,373,300,51.2496789949649,2.56600578583883
"5352",2022-04-03 00:12:35,3,373,300,51.2044825222163,2.03461923991463
"5353",2022-04-03 00:12:40,3,373,300,50.9038002199318,2.83684100935207
"5354",2022-04-03 00:12:45,3,373,300,50.7386184943813,2.26943618388504
"5355",2022-04-03 00:12:50,3,373,300,50.6715976304352,1.86962127468835
"5356",2022-04-03 00:12:55,3,373,300,51.1556385134113,1.90635427545423
"5357",2022-04-03 00:13:00,3,373,300,50.8280463778565,2.4417514419054
"5358",2022-04-03 00:13:05,3,373,300,50.933058805872,1.76566550350449
"5359",2022-04-03 00:13:10,3,373,300,50.285195395714,2.27866673897312
"5360",2022-04-03 00:13:15,3,373,300,50.0559103233684,2.55709426634363
"5361",2022-04-03 00:13:20,3,373,300,52.1975965761742,2.20982911385426
"5362",2022-04-03 00:13:25,3,373,300,50.694774136974,2.81785657243841
"5363",2022-04-03 00:13:30,3,373,300,50.4583920366085,2.19545554959122
"5364",2022-04-03 00:13:35,3,373,300,50.5040574033659,1.82887499748365
"5365",2022-04-03 00:13:40,3,373,300,51.3807401619546,2.43406394245903
"5366",2022-04-03 00:13:45,3,373,300,50.8999826752785,2.37200222676102
"5367",2022-04-03 00:13:50,3,373,300,50.3462571538624,2.3480019443078
"5368",2022-04-03 00:13:55,3,373,300,50.8485640927919,2.69313481843996
"5369",2022-04-03 00:14:00,3,373,300,50.6322558978779,1.96422801104909
"5370",2022-04-03 00:14:05,3,373,300,50.4338292557477,2.32973759130378
"5371",2022-04-03 00:14:10,3,373,300,50.611452654444,2.45305702442316
"5372",2022-04-03 00:14:15,3,373,300,50.2192191847798,2.20310763019491
"5373",2022-04-03 00:14:20,3,373,300,50.5835985103268,2.34278758987368
"5374",2022-04-03 00:14:25,3,373,300,51.2840721964689,2.48091045220882
"5375",2022-04-03 00:14:30,3,373,300,51.1792637851679,2.27163318220694
"5376",2022-04-03 00:14:35,3,373,300,51.4084473011017,2.15512386087443
"5377",2022-04-03 00:14:40,3,373,300,50.9643540516355,2.05827603656469
"5378",2022-04-03 00:14:45,3,373,300,50.1660231623218,2.33772089008035
"5379",2022-04-03 00:14:50,3,373,300,51.6353780653225,2.47862901775838
"5380",2022-04-03 00:14:55,3,373,300,50.9813631022549,2.47641913050978
"5381",2022-04-03 00:15:00,3,373,300,50.7584350059924,1.91867456094026
"5382",2022-04-03 00:15:05,3,373,300,51.4227060200596,1.93615424737136
"5383",2022-04-03 00:15:10,3,373,300,50.6363454798282,2.50838933678834
"5384",2022-04-03 00:15:15,3,373,300,50.6811726455941,2.04348554613569
"5385",2022-04-03 00:15:20,3,373,300,50.3906906370074,2.46910807020162
"5386",2022-04-03 00:15:25,3,373,300,50.6131143819621,2.37878173938762
"5387",2022-04-03 00:15:30,3,373,300,51.8083177891923,1.7664546458989
"5388",2022-04-03 00:15:35,3,373,300,50.3999217988955,1.93892917852297
"5389",2022-04-03 00:15:40,3,373,300,50.5129829966405,2.07935992802595
"5390",2022-04-03 00:15:45,3,373,300,51.3140588615018,2.0731243648138
"5391",2022-04-03 00:15:50,3,373,300,50.6822232629721,1.71954064722976
"5392",2022-04-03 00:15:55,3,373,300,50.9138749501803,2.61693955553879
"5393",2022-04-03 00:16:00,3,373,300,50.5225839789679,2.56061666919258
"5394",2022-04-03 00:16:05,3,373,300,50.7447761545864,2.0847100748599
"5395",2022-04-03 00:16:10,3,373,300,51.0966989153016,2.46286237763328
"5396",2022-04-03 00:16:15,3,373,300,50.5057285802434,1.97114700651809
"5397",2022-04-03 00:16:20,3,373,300,50.9503617710286,2.14762709656573
"5398",2022-04-03 00:16:25,3,373,300,50.6879711522744,2.45459184900567
"5399",2022-04-03 00:16:30,3,373,300,50.1744936444948,2.28696940028848
"5400",2022-04-03 00:16:35,3,373,300,50.6962043464062,2.0705353281943
